period,duoarea,area-name,product,product-name,process,process-name,series,series-description,value,units,country
2018-10-01,NUS-NFR,FRA,EPG0,Natural Gas,EVE,Exports by Vessel,NGM_EPG0_EVE_NUS-NFR_DMCF,Price of U.S. Liquefied Natural Gas Exports by Vessel to France (Dollars per Thousand Cubic Feet),6.72,$/MCF,France
2018-11-01,NUS-NFR,FRA,EPG0,Natural Gas,EVE,Exports by Vessel,NGM_EPG0_EVE_NUS-NFR_DMCF,Price of U.S. Liquefied Natural Gas Exports by Vessel to France (Dollars per Thousand Cubic Feet),7.02,$/MCF,France
2018-12-01,NUS-NFR,FRA,EPG0,Natural Gas,EVE,Exports by Vessel,NGM_EPG0_EVE_NUS-NFR_DMCF,Price of U.S. Liquefied Natural Gas Exports by Vessel to France (Dollars per Thousand Cubic Feet),7.47,$/MCF,France
2019-01-01,NUS-NFR,FRA,EPG0,Natural Gas,EVE,Exports by Vessel,NGM_EPG0_EVE_NUS-NFR_DMCF,Price of U.S. Liquefied Natural Gas Exports by Vessel to France (Dollars per Thousand Cubic Feet),3.94,$/MCF,France
2019-03-01,NUS-NFR,FRA,EPG0,Natural Gas,EVE,Exports by Vessel,NGM_EPG0_EVE_NUS-NFR_DMCF,Price of U.S. Liquefied Natural Gas Exports by Vessel to France (Dollars per Thousand Cubic Feet),5.24,$/MCF,France
2019-04-01,NUS-NFR,FRA,EPG0,Natural Gas,EVE,Exports by Vessel,NGM_EPG0_EVE_NUS-NFR_DMCF,Price of U.S. Liquefied Natural Gas Exports by Vessel to France (Dollars per Thousand Cubic Feet),4.26,$/MCF,France
2019-05-01,NUS-NFR,FRA,EPG0,Natural Gas,EVE,Exports by Vessel,NGM_EPG0_EVE_NUS-NFR_DMCF,Price of U.S. Liquefied Natural Gas Exports by Vessel to France (Dollars per Thousand Cubic Feet),6.23,$/MCF,France
2019-08-01,NUS-NFR,FRA,EPG0,Natural Gas,EVE,Exports by Vessel,NGM_EPG0_EVE_NUS-NFR_DMCF,Price of U.S. Liquefied Natural Gas Exports by Vessel to France (Dollars per Thousand Cubic Feet),5.67,$/MCF,France
2019-09-01,NUS-NFR,FRA,EPG0,Natural Gas,EVE,Exports by Vessel,NGM_EPG0_EVE_NUS-NFR_DMCF,Price of U.S. Liquefied Natural Gas Exports by Vessel to France (Dollars per Thousand Cubic Feet),5.82,$/MCF,France
2019-10-01,NUS-NFR,FRA,EPG0,Natural Gas,EVE,Exports by Vessel,NGM_EPG0_EVE_NUS-NFR_DMCF,Price of U.S. Liquefied Natural Gas Exports by Vessel to France (Dollars per Thousand Cubic Feet),5.67,$/MCF,France
2019-11-01,NUS-NFR,FRA,EPG0,Natural Gas,EVE,Exports by Vessel,NGM_EPG0_EVE_NUS-NFR_DMCF,Price of U.S. Liquefied Natural Gas Exports by Vessel to France (Dollars per Thousand Cubic Feet),5.76,$/MCF,France
2019-12-01,NUS-NFR,FRA,EPG0,Natural Gas,EVE,Exports by Vessel,NGM_EPG0_EVE_NUS-NFR_DMCF,Price of U.S. Liquefied Natural Gas Exports by Vessel to France (Dollars per Thousand Cubic Feet),5.53,$/MCF,France
2020-01-01,NUS-NFR,FRA,EPG0,Natural Gas,EVE,Exports by Vessel,NGM_EPG0_EVE_NUS-NFR_DMCF,Price of U.S. Liquefied Natural Gas Exports by Vessel to France (Dollars per Thousand Cubic Feet),3.61,$/MCF,France
2020-02-01,NUS-NFR,FRA,EPG0,Natural Gas,EVE,Exports by Vessel,NGM_EPG0_EVE_NUS-NFR_DMCF,Price of U.S. Liquefied Natural Gas Exports by Vessel to France (Dollars per Thousand Cubic Feet),5.08,$/MCF,France
2020-03-01,NUS-NFR,FRA,EPG0,Natural Gas,EVE,Exports by Vessel,NGM_EPG0_EVE_NUS-NFR_DMCF,Price of U.S. Liquefied Natural Gas Exports by Vessel to France (Dollars per Thousand Cubic Feet),5.29,$/MCF,France
2020-04-01,NUS-NFR,FRA,EPG0,Natural Gas,EVE,Exports by Vessel,NGM_EPG0_EVE_NUS-NFR_DMCF,Price of U.S. Liquefied Natural Gas Exports by Vessel to France (Dollars per Thousand Cubic Feet),5.25,$/MCF,France
2020-05-01,NUS-NFR,FRA,EPG0,Natural Gas,EVE,Exports by Vessel,NGM_EPG0_EVE_NUS-NFR_DMCF,Price of U.S. Liquefied Natural Gas Exports by Vessel to France (Dollars per Thousand Cubic Feet),5.98,$/MCF,France
2020-06-01,NUS-NFR,FRA,EPG0,Natural Gas,EVE,Exports by Vessel,NGM_EPG0_EVE_NUS-NFR_DMCF,Price of U.S. Liquefied Natural Gas Exports by Vessel to France (Dollars per Thousand Cubic Feet),,$/MCF,France
2020-07-01,NUS-NFR,FRA,EPG0,Natural Gas,EVE,Exports by Vessel,NGM_EPG0_EVE_NUS-NFR_DMCF,Price of U.S. Liquefied Natural Gas Exports by Vessel to France (Dollars per Thousand Cubic Feet),,$/MCF,France
2020-08-01,NUS-NFR,FRA,EPG0,Natural Gas,EVE,Exports by Vessel,NGM_EPG0_EVE_NUS-NFR_DMCF,Price of U.S. Liquefied Natural Gas Exports by Vessel to France (Dollars per Thousand Cubic Feet),,$/MCF,France
2020-09-01,NUS-NFR,FRA,EPG0,Natural Gas,EVE,Exports by Vessel,NGM_EPG0_EVE_NUS-NFR_DMCF,Price of U.S. Liquefied Natural Gas Exports by Vessel to France (Dollars per Thousand Cubic Feet),,$/MCF,France
2020-10-01,NUS-NFR,FRA,EPG0,Natural Gas,EVE,Exports by Vessel,NGM_EPG0_EVE_NUS-NFR_DMCF,Price of U.S. Liquefied Natural Gas Exports by Vessel to France (Dollars per Thousand Cubic Feet),3.54,$/MCF,France
2020-11-01,NUS-NFR,FRA,EPG0,Natural Gas,EVE,Exports by Vessel,NGM_EPG0_EVE_NUS-NFR_DMCF,Price of U.S. Liquefied Natural Gas Exports by Vessel to France (Dollars per Thousand Cubic Feet),6.19,$/MCF,France
2020-12-01,NUS-NFR,FRA,EPG0,Natural Gas,EVE,Exports by Vessel,NGM_EPG0_EVE_NUS-NFR_DMCF,Price of U.S. Liquefied Natural Gas Exports by Vessel to France (Dollars per Thousand Cubic Feet),7.12,$/MCF,France
2021-01-01,NUS-NFR,FRA,EPG0,Natural Gas,EVE,Exports by Vessel,NGM_EPG0_EVE_NUS-NFR_DMCF,Price of U.S. Liquefied Natural Gas Exports by Vessel to France (Dollars per Thousand Cubic Feet),6.09,$/MCF,France
2021-02-01,NUS-NFR,FRA,EPG0,Natural Gas,EVE,Exports by Vessel,NGM_EPG0_EVE_NUS-NFR_DMCF,Price of U.S. Liquefied Natural Gas Exports by Vessel to France (Dollars per Thousand Cubic Feet),6.72,$/MCF,France
2021-03-01,NUS-NFR,FRA,EPG0,Natural Gas,EVE,Exports by Vessel,NGM_EPG0_EVE_NUS-NFR_DMCF,Price of U.S. Liquefied Natural Gas Exports by Vessel to France (Dollars per Thousand Cubic Feet),6.75,$/MCF,France
2021-04-01,NUS-NFR,FRA,EPG0,Natural Gas,EVE,Exports by Vessel,NGM_EPG0_EVE_NUS-NFR_DMCF,Price of U.S. Liquefied Natural Gas Exports by Vessel to France (Dollars per Thousand Cubic Feet),5.76,$/MCF,France
2021-05-01,NUS-NFR,FRA,EPG0,Natural Gas,EVE,Exports by Vessel,NGM_EPG0_EVE_NUS-NFR_DMCF,Price of U.S. Liquefied Natural Gas Exports by Vessel to France (Dollars per Thousand Cubic Feet),6.95,$/MCF,France
2021-06-01,NUS-NFR,FRA,EPG0,Natural Gas,EVE,Exports by Vessel,NGM_EPG0_EVE_NUS-NFR_DMCF,Price of U.S. Liquefied Natural Gas Exports by Vessel to France (Dollars per Thousand Cubic Feet),4.6,$/MCF,France
2021-07-01,NUS-NFR,FRA,EPG0,Natural Gas,EVE,Exports by Vessel,NGM_EPG0_EVE_NUS-NFR_DMCF,Price of U.S. Liquefied Natural Gas Exports by Vessel to France (Dollars per Thousand Cubic Feet),,$/MCF,France
2021-08-01,NUS-NFR,FRA,EPG0,Natural Gas,EVE,Exports by Vessel,NGM_EPG0_EVE_NUS-NFR_DMCF,Price of U.S. Liquefied Natural Gas Exports by Vessel to France (Dollars per Thousand Cubic Feet),6.87,$/MCF,France
2021-09-01,NUS-NFR,FRA,EPG0,Natural Gas,EVE,Exports by Vessel,NGM_EPG0_EVE_NUS-NFR_DMCF,Price of U.S. Liquefied Natural Gas Exports by Vessel to France (Dollars per Thousand Cubic Feet),8.04,$/MCF,France
2021-10-01,NUS-NFR,FRA,EPG0,Natural Gas,EVE,Exports by Vessel,NGM_EPG0_EVE_NUS-NFR_DMCF,Price of U.S. Liquefied Natural Gas Exports by Vessel to France (Dollars per Thousand Cubic Feet),9.5,$/MCF,France
2021-11-01,NUS-NFR,FRA,EPG0,Natural Gas,EVE,Exports by Vessel,NGM_EPG0_EVE_NUS-NFR_DMCF,Price of U.S. Liquefied Natural Gas Exports by Vessel to France (Dollars per Thousand Cubic Feet),10.54,$/MCF,France
2021-12-01,NUS-NFR,FRA,EPG0,Natural Gas,EVE,Exports by Vessel,NGM_EPG0_EVE_NUS-NFR_DMCF,Price of U.S. Liquefied Natural Gas Exports by Vessel to France (Dollars per Thousand Cubic Feet),8.86,$/MCF,France
2022-01-01,NUS-NFR,FRA,EPG0,Natural Gas,EVE,Exports by Vessel,NGM_EPG0_EVE_NUS-NFR_DMCF,Price of U.S. Liquefied Natural Gas Exports by Vessel to France (Dollars per Thousand Cubic Feet),7.84,$/MCF,France
2022-02-01,NUS-NFR,FRA,EPG0,Natural Gas,EVE,Exports by Vessel,NGM_EPG0_EVE_NUS-NFR_DMCF,Price of U.S. Liquefied Natural Gas Exports by Vessel to France (Dollars per Thousand Cubic Feet),10.92,$/MCF,France
2022-03-01,NUS-NFR,FRA,EPG0,Natural Gas,EVE,Exports by Vessel,NGM_EPG0_EVE_NUS-NFR_DMCF,Price of U.S. Liquefied Natural Gas Exports by Vessel to France (Dollars per Thousand Cubic Feet),10.88,$/MCF,France
2022-04-01,NUS-NFR,FRA,EPG0,Natural Gas,EVE,Exports by Vessel,NGM_EPG0_EVE_NUS-NFR_DMCF,Price of U.S. Liquefied Natural Gas Exports by Vessel to France (Dollars per Thousand Cubic Feet),10.26,$/MCF,France
2022-05-01,NUS-NFR,FRA,EPG0,Natural Gas,EVE,Exports by Vessel,NGM_EPG0_EVE_NUS-NFR_DMCF,Price of U.S. Liquefied Natural Gas Exports by Vessel to France (Dollars per Thousand Cubic Feet),12.14,$/MCF,France
2022-06-01,NUS-NFR,FRA,EPG0,Natural Gas,EVE,Exports by Vessel,NGM_EPG0_EVE_NUS-NFR_DMCF,Price of U.S. Liquefied Natural Gas Exports by Vessel to France (Dollars per Thousand Cubic Feet),14.12,$/MCF,France
2022-07-01,NUS-NFR,FRA,EPG0,Natural Gas,EVE,Exports by Vessel,NGM_EPG0_EVE_NUS-NFR_DMCF,Price of U.S. Liquefied Natural Gas Exports by Vessel to France (Dollars per Thousand Cubic Feet),11.44,$/MCF,France
2022-08-01,NUS-NFR,FRA,EPG0,Natural Gas,EVE,Exports by Vessel,NGM_EPG0_EVE_NUS-NFR_DMCF,Price of U.S. Liquefied Natural Gas Exports by Vessel to France (Dollars per Thousand Cubic Feet),14.63,$/MCF,France
2022-09-01,NUS-NFR,FRA,EPG0,Natural Gas,EVE,Exports by Vessel,NGM_EPG0_EVE_NUS-NFR_DMCF,Price of U.S. Liquefied Natural Gas Exports by Vessel to France (Dollars per Thousand Cubic Feet),18.5,$/MCF,France
2022-10-01,NUS-NFR,FRA,EPG0,Natural Gas,EVE,Exports by Vessel,NGM_EPG0_EVE_NUS-NFR_DMCF,Price of U.S. Liquefied Natural Gas Exports by Vessel to France (Dollars per Thousand Cubic Feet),14.62,$/MCF,France
2022-11-01,NUS-NFR,FRA,EPG0,Natural Gas,EVE,Exports by Vessel,NGM_EPG0_EVE_NUS-NFR_DMCF,Price of U.S. Liquefied Natural Gas Exports by Vessel to France (Dollars per Thousand Cubic Feet),13.37,$/MCF,France
2022-12-01,NUS-NFR,FRA,EPG0,Natural Gas,EVE,Exports by Vessel,NGM_EPG0_EVE_NUS-NFR_DMCF,Price of U.S. Liquefied Natural Gas Exports by Vessel to France (Dollars per Thousand Cubic Feet),11.9,$/MCF,France
2023-01-01,NUS-NFR,FRA,EPG0,Natural Gas,EVE,Exports by Vessel,NGM_EPG0_EVE_NUS-NFR_DMCF,Price of U.S. Liquefied Natural Gas Exports by Vessel to France (Dollars per Thousand Cubic Feet),12.44,$/MCF,France
2023-02-01,NUS-NFR,FRA,EPG0,Natural Gas,EVE,Exports by Vessel,NGM_EPG0_EVE_NUS-NFR_DMCF,Price of U.S. Liquefied Natural Gas Exports by Vessel to France (Dollars per Thousand Cubic Feet),11.71,$/MCF,France
2023-03-01,NUS-NFR,FRA,EPG0,Natural Gas,EVE,Exports by Vessel,NGM_EPG0_EVE_NUS-NFR_DMCF,Price of U.S. Liquefied Natural Gas Exports by Vessel to France (Dollars per Thousand Cubic Feet),6.17,$/MCF,France
2023-04-01,NUS-NFR,FRA,EPG0,Natural Gas,EVE,Exports by Vessel,NGM_EPG0_EVE_NUS-NFR_DMCF,Price of U.S. Liquefied Natural Gas Exports by Vessel to France (Dollars per Thousand Cubic Feet),8.65,$/MCF,France
2023-05-01,NUS-NFR,FRA,EPG0,Natural Gas,EVE,Exports by Vessel,NGM_EPG0_EVE_NUS-NFR_DMCF,Price of U.S. Liquefied Natural Gas Exports by Vessel to France (Dollars per Thousand Cubic Feet),5.85,$/MCF,France
2023-06-01,NUS-NFR,FRA,EPG0,Natural Gas,EVE,Exports by Vessel,NGM_EPG0_EVE_NUS-NFR_DMCF,Price of U.S. Liquefied Natural Gas Exports by Vessel to France (Dollars per Thousand Cubic Feet),5.59,$/MCF,France
2023-07-01,NUS-NFR,FRA,EPG0,Natural Gas,EVE,Exports by Vessel,NGM_EPG0_EVE_NUS-NFR_DMCF,Price of U.S. Liquefied Natural Gas Exports by Vessel to France (Dollars per Thousand Cubic Feet),6.38,$/MCF,France
2023-08-01,NUS-NFR,FRA,EPG0,Natural Gas,EVE,Exports by Vessel,NGM_EPG0_EVE_NUS-NFR_DMCF,Price of U.S. Liquefied Natural Gas Exports by Vessel to France (Dollars per Thousand Cubic Feet),6.04,$/MCF,France
2023-09-01,NUS-NFR,FRA,EPG0,Natural Gas,EVE,Exports by Vessel,NGM_EPG0_EVE_NUS-NFR_DMCF,Price of U.S. Liquefied Natural Gas Exports by Vessel to France (Dollars per Thousand Cubic Feet),6.6,$/MCF,France
2023-10-01,NUS-NFR,FRA,EPG0,Natural Gas,EVE,Exports by Vessel,NGM_EPG0_EVE_NUS-NFR_DMCF,Price of U.S. Liquefied Natural Gas Exports by Vessel to France (Dollars per Thousand Cubic Feet),6.99,$/MCF,France
2023-11-01,NUS-NFR,FRA,EPG0,Natural Gas,EVE,Exports by Vessel,NGM_EPG0_EVE_NUS-NFR_DMCF,Price of U.S. Liquefied Natural Gas Exports by Vessel to France (Dollars per Thousand Cubic Feet),7.6,$/MCF,France
2023-12-01,NUS-NFR,FRA,EPG0,Natural Gas,EVE,Exports by Vessel,NGM_EPG0_EVE_NUS-NFR_DMCF,Price of U.S. Liquefied Natural Gas Exports by Vessel to France (Dollars per Thousand Cubic Feet),6.91,$/MCF,France
2024-01-01,NUS-NFR,FRA,EPG0,Natural Gas,EVE,Exports by Vessel,NGM_EPG0_EVE_NUS-NFR_DMCF,Price of U.S. Liquefied Natural Gas Exports by Vessel to France (Dollars per Thousand Cubic Feet),5.93,$/MCF,France
2024-02-01,NUS-NFR,FRA,EPG0,Natural Gas,EVE,Exports by Vessel,NGM_EPG0_EVE_NUS-NFR_DMCF,Price of U.S. Liquefied Natural Gas Exports by Vessel to France (Dollars per Thousand Cubic Feet),7.44,$/MCF,France
2024-03-01,NUS-NFR,FRA,EPG0,Natural Gas,EVE,Exports by Vessel,NGM_EPG0_EVE_NUS-NFR_DMCF,Price of U.S. Liquefied Natural Gas Exports by Vessel to France (Dollars per Thousand Cubic Feet),5.63,$/MCF,France
2024-04-01,NUS-NFR,FRA,EPG0,Natural Gas,EVE,Exports by Vessel,NGM_EPG0_EVE_NUS-NFR_DMCF,Price of U.S. Liquefied Natural Gas Exports by Vessel to France (Dollars per Thousand Cubic Feet),4.99,$/MCF,France
2024-05-01,NUS-NFR,FRA,EPG0,Natural Gas,EVE,Exports by Vessel,NGM_EPG0_EVE_NUS-NFR_DMCF,Price of U.S. Liquefied Natural Gas Exports by Vessel to France (Dollars per Thousand Cubic Feet),5.03,$/MCF,France
2024-06-01,NUS-NFR,FRA,EPG0,Natural Gas,EVE,Exports by Vessel,NGM_EPG0_EVE_NUS-NFR_DMCF,Price of U.S. Liquefied Natural Gas Exports by Vessel to France (Dollars per Thousand Cubic Feet),6.62,$/MCF,France
2024-07-01,NUS-NFR,FRA,EPG0,Natural Gas,EVE,Exports by Vessel,NGM_EPG0_EVE_NUS-NFR_DMCF,Price of U.S. Liquefied Natural Gas Exports by Vessel to France (Dollars per Thousand Cubic Feet),7.13,$/MCF,France
2024-08-01,NUS-NFR,FRA,EPG0,Natural Gas,EVE,Exports by Vessel,NGM_EPG0_EVE_NUS-NFR_DMCF,Price of U.S. Liquefied Natural Gas Exports by Vessel to France (Dollars per Thousand Cubic Feet),4.75,$/MCF,France
2024-09-01,NUS-NFR,FRA,EPG0,Natural Gas,EVE,Exports by Vessel,NGM_EPG0_EVE_NUS-NFR_DMCF,Price of U.S. Liquefied Natural Gas Exports by Vessel to France (Dollars per Thousand Cubic Feet),5.54,$/MCF,France
2024-10-01,NUS-NFR,FRA,EPG0,Natural Gas,EVE,Exports by Vessel,NGM_EPG0_EVE_NUS-NFR_DMCF,Price of U.S. Liquefied Natural Gas Exports by Vessel to France (Dollars per Thousand Cubic Feet),7.08,$/MCF,France
2024-11-01,NUS-NFR,FRA,EPG0,Natural Gas,EVE,Exports by Vessel,NGM_EPG0_EVE_NUS-NFR_DMCF,Price of U.S. Liquefied Natural Gas Exports by Vessel to France (Dollars per Thousand Cubic Feet),8.11,$/MCF,France
2024-12-01,NUS-NFR,FRA,EPG0,Natural Gas,EVE,Exports by Vessel,NGM_EPG0_EVE_NUS-NFR_DMCF,Price of U.S. Liquefied Natural Gas Exports by Vessel to France (Dollars per Thousand Cubic Feet),8.08,$/MCF,France
2025-01-01,NUS-NFR,FRA,EPG0,Natural Gas,EVE,Exports by Vessel,NGM_EPG0_EVE_NUS-NFR_DMCF,Price of U.S. Liquefied Natural Gas Exports by Vessel to France (Dollars per Thousand Cubic Feet),7.69,$/MCF,France
2025-02-01,NUS-NFR,FRA,EPG0,Natural Gas,EVE,Exports by Vessel,NGM_EPG0_EVE_NUS-NFR_DMCF,Price of U.S. Liquefied Natural Gas Exports by Vessel to France (Dollars per Thousand Cubic Feet),8.54,$/MCF,France
2025-03-01,NUS-NFR,FRA,EPG0,Natural Gas,EVE,Exports by Vessel,NGM_EPG0_EVE_NUS-NFR_DMCF,Price of U.S. Liquefied Natural Gas Exports by Vessel to France (Dollars per Thousand Cubic Feet),9.37,$/MCF,France
2025-04-01,NUS-NFR,FRA,EPG0,Natural Gas,EVE,Exports by Vessel,NGM_EPG0_EVE_NUS-NFR_DMCF,Price of U.S. Liquefied Natural Gas Exports by Vessel to France (Dollars per Thousand Cubic Feet),8.26,$/MCF,France
2025-05-01,NUS-NFR,FRA,EPG0,Natural Gas,EVE,Exports by Vessel,NGM_EPG0_EVE_NUS-NFR_DMCF,Price of U.S. Liquefied Natural Gas Exports by Vessel to France (Dollars per Thousand Cubic Feet),6.71,$/MCF,France
2025-06-01,NUS-NFR,FRA,EPG0,Natural Gas,EVE,Exports by Vessel,NGM_EPG0_EVE_NUS-NFR_DMCF,Price of U.S. Liquefied Natural Gas Exports by Vessel to France (Dollars per Thousand Cubic Feet),7.23,$/MCF,France
2025-07-01,NUS-NFR,FRA,EPG0,Natural Gas,EVE,Exports by Vessel,NGM_EPG0_EVE_NUS-NFR_DMCF,Price of U.S. Liquefied Natural Gas Exports by Vessel to France (Dollars per Thousand Cubic Feet),6.11,$/MCF,France
2025-08-01,NUS-NFR,FRA,EPG0,Natural Gas,EVE,Exports by Vessel,NGM_EPG0_EVE_NUS-NFR_DMCF,Price of U.S. Liquefied Natural Gas Exports by Vessel to France (Dollars per Thousand Cubic Feet),7.66,$/MCF,France
2025-09-01,NUS-NFR,FRA,EPG0,Natural Gas,EVE,Exports by Vessel,NGM_EPG0_EVE_NUS-NFR_DMCF,Price of U.S. Liquefied Natural Gas Exports by Vessel to France (Dollars per Thousand Cubic Feet),6.9,$/MCF,France
2025-10-01,NUS-NFR,FRA,EPG0,Natural Gas,EVE,Exports by Vessel,NGM_EPG0_EVE_NUS-NFR_DMCF,Price of U.S. Liquefied Natural Gas Exports by Vessel to France (Dollars per Thousand Cubic Feet),7.85,$/MCF,France
2025-11-01,NUS-NFR,FRA,EPG0,Natural Gas,EVE,Exports by Vessel,NGM_EPG0_EVE_NUS-NFR_DMCF,Price of U.S. Liquefied Natural Gas Exports by Vessel to France (Dollars per Thousand Cubic Feet),7.8,$/MCF,France
2025-12-01,NUS-NFR,FRA,EPG0,Natural Gas,EVE,Exports by Vessel,NGM_EPG0_EVE_NUS-NFR_DMCF,Price of U.S. Liquefied Natural Gas Exports by Vessel to France (Dollars per Thousand Cubic Feet),8.74,$/MCF,France
2026-01-01,NUS-NFR,FRA,EPG0,Natural Gas,EVE,Exports by Vessel,NGM_EPG0_EVE_NUS-NFR_DMCF,Price of U.S. Liquefied Natural Gas Exports by Vessel to France (Dollars per Thousand Cubic Feet),8.42,$/MCF,France
2022-01-01,NUS-NGM,DEU,EPG0,Natural Gas,EVE,Exports by Vessel,NGM_EPG0_EVE_NUS-NGM_DMCF,Price of U.S. Liquefied Natural Gas Exports by Vessel to Germany (Dollars per Thousand Cubic Feet),,$/MCF,Germany
2022-02-01,NUS-NGM,DEU,EPG0,Natural Gas,EVE,Exports by Vessel,NGM_EPG0_EVE_NUS-NGM_DMCF,Price of U.S. Liquefied Natural Gas Exports by Vessel to Germany (Dollars per Thousand Cubic Feet),,$/MCF,Germany
2022-03-01,NUS-NGM,DEU,EPG0,Natural Gas,EVE,Exports by Vessel,NGM_EPG0_EVE_NUS-NGM_DMCF,Price of U.S. Liquefied Natural Gas Exports by Vessel to Germany (Dollars per Thousand Cubic Feet),,$/MCF,Germany
2022-04-01,NUS-NGM,DEU,EPG0,Natural Gas,EVE,Exports by Vessel,NGM_EPG0_EVE_NUS-NGM_DMCF,Price of U.S. Liquefied Natural Gas Exports by Vessel to Germany (Dollars per Thousand Cubic Feet),,$/MCF,Germany
2022-05-01,NUS-NGM,DEU,EPG0,Natural Gas,EVE,Exports by Vessel,NGM_EPG0_EVE_NUS-NGM_DMCF,Price of U.S. Liquefied Natural Gas Exports by Vessel to Germany (Dollars per Thousand Cubic Feet),,$/MCF,Germany
2022-06-01,NUS-NGM,DEU,EPG0,Natural Gas,EVE,Exports by Vessel,NGM_EPG0_EVE_NUS-NGM_DMCF,Price of U.S. Liquefied Natural Gas Exports by Vessel to Germany (Dollars per Thousand Cubic Feet),,$/MCF,Germany
2022-07-01,NUS-NGM,DEU,EPG0,Natural Gas,EVE,Exports by Vessel,NGM_EPG0_EVE_NUS-NGM_DMCF,Price of U.S. Liquefied Natural Gas Exports by Vessel to Germany (Dollars per Thousand Cubic Feet),,$/MCF,Germany
2022-08-01,NUS-NGM,DEU,EPG0,Natural Gas,EVE,Exports by Vessel,NGM_EPG0_EVE_NUS-NGM_DMCF,Price of U.S. Liquefied Natural Gas Exports by Vessel to Germany (Dollars per Thousand Cubic Feet),,$/MCF,Germany
2022-09-01,NUS-NGM,DEU,EPG0,Natural Gas,EVE,Exports by Vessel,NGM_EPG0_EVE_NUS-NGM_DMCF,Price of U.S. Liquefied Natural Gas Exports by Vessel to Germany (Dollars per Thousand Cubic Feet),,$/MCF,Germany
2022-10-01,NUS-NGM,DEU,EPG0,Natural Gas,EVE,Exports by Vessel,NGM_EPG0_EVE_NUS-NGM_DMCF,Price of U.S. Liquefied Natural Gas Exports by Vessel to Germany (Dollars per Thousand Cubic Feet),,$/MCF,Germany
2022-11-01,NUS-NGM,DEU,EPG0,Natural Gas,EVE,Exports by Vessel,NGM_EPG0_EVE_NUS-NGM_DMCF,Price of U.S. Liquefied Natural Gas Exports by Vessel to Germany (Dollars per Thousand Cubic Feet),10.79,$/MCF,Germany
2022-12-01,NUS-NGM,DEU,EPG0,Natural Gas,EVE,Exports by Vessel,NGM_EPG0_EVE_NUS-NGM_DMCF,Price of U.S. Liquefied Natural Gas Exports by Vessel to Germany (Dollars per Thousand Cubic Feet),20.02,$/MCF,Germany
2023-01-01,NUS-NGM,DEU,EPG0,Natural Gas,EVE,Exports by Vessel,NGM_EPG0_EVE_NUS-NGM_DMCF,Price of U.S. Liquefied Natural Gas Exports by Vessel to Germany (Dollars per Thousand Cubic Feet),13.46,$/MCF,Germany
2023-02-01,NUS-NGM,DEU,EPG0,Natural Gas,EVE,Exports by Vessel,NGM_EPG0_EVE_NUS-NGM_DMCF,Price of U.S. Liquefied Natural Gas Exports by Vessel to Germany (Dollars per Thousand Cubic Feet),16.33,$/MCF,Germany
2023-03-01,NUS-NGM,DEU,EPG0,Natural Gas,EVE,Exports by Vessel,NGM_EPG0_EVE_NUS-NGM_DMCF,Price of U.S. Liquefied Natural Gas Exports by Vessel to Germany (Dollars per Thousand Cubic Feet),12.06,$/MCF,Germany
2023-04-01,NUS-NGM,DEU,EPG0,Natural Gas,EVE,Exports by Vessel,NGM_EPG0_EVE_NUS-NGM_DMCF,Price of U.S. Liquefied Natural Gas Exports by Vessel to Germany (Dollars per Thousand Cubic Feet),5.71,$/MCF,Germany
2023-05-01,NUS-NGM,DEU,EPG0,Natural Gas,EVE,Exports by Vessel,NGM_EPG0_EVE_NUS-NGM_DMCF,Price of U.S. Liquefied Natural Gas Exports by Vessel to Germany (Dollars per Thousand Cubic Feet),9.85,$/MCF,Germany
2023-06-01,NUS-NGM,DEU,EPG0,Natural Gas,EVE,Exports by Vessel,NGM_EPG0_EVE_NUS-NGM_DMCF,Price of U.S. Liquefied Natural Gas Exports by Vessel to Germany (Dollars per Thousand Cubic Feet),5.8,$/MCF,Germany
2023-07-01,NUS-NGM,DEU,EPG0,Natural Gas,EVE,Exports by Vessel,NGM_EPG0_EVE_NUS-NGM_DMCF,Price of U.S. Liquefied Natural Gas Exports by Vessel to Germany (Dollars per Thousand Cubic Feet),10.22,$/MCF,Germany
2023-08-01,NUS-NGM,DEU,EPG0,Natural Gas,EVE,Exports by Vessel,NGM_EPG0_EVE_NUS-NGM_DMCF,Price of U.S. Liquefied Natural Gas Exports by Vessel to Germany (Dollars per Thousand Cubic Feet),7.21,$/MCF,Germany
2023-09-01,NUS-NGM,DEU,EPG0,Natural Gas,EVE,Exports by Vessel,NGM_EPG0_EVE_NUS-NGM_DMCF,Price of U.S. Liquefied Natural Gas Exports by Vessel to Germany (Dollars per Thousand Cubic Feet),8.47,$/MCF,Germany
2023-10-01,NUS-NGM,DEU,EPG0,Natural Gas,EVE,Exports by Vessel,NGM_EPG0_EVE_NUS-NGM_DMCF,Price of U.S. Liquefied Natural Gas Exports by Vessel to Germany (Dollars per Thousand Cubic Feet),8.32,$/MCF,Germany
2023-11-01,NUS-NGM,DEU,EPG0,Natural Gas,EVE,Exports by Vessel,NGM_EPG0_EVE_NUS-NGM_DMCF,Price of U.S. Liquefied Natural Gas Exports by Vessel to Germany (Dollars per Thousand Cubic Feet),8.38,$/MCF,Germany
2023-12-01,NUS-NGM,DEU,EPG0,Natural Gas,EVE,Exports by Vessel,NGM_EPG0_EVE_NUS-NGM_DMCF,Price of U.S. Liquefied Natural Gas Exports by Vessel to Germany (Dollars per Thousand Cubic Feet),8.14,$/MCF,Germany
2024-01-01,NUS-NGM,DEU,EPG0,Natural Gas,EVE,Exports by Vessel,NGM_EPG0_EVE_NUS-NGM_DMCF,Price of U.S. Liquefied Natural Gas Exports by Vessel to Germany (Dollars per Thousand Cubic Feet),8.34,$/MCF,Germany
2024-02-01,NUS-NGM,DEU,EPG0,Natural Gas,EVE,Exports by Vessel,NGM_EPG0_EVE_NUS-NGM_DMCF,Price of U.S. Liquefied Natural Gas Exports by Vessel to Germany (Dollars per Thousand Cubic Feet),7.73,$/MCF,Germany
2024-03-01,NUS-NGM,DEU,EPG0,Natural Gas,EVE,Exports by Vessel,NGM_EPG0_EVE_NUS-NGM_DMCF,Price of U.S. Liquefied Natural Gas Exports by Vessel to Germany (Dollars per Thousand Cubic Feet),9.32,$/MCF,Germany
2024-04-01,NUS-NGM,DEU,EPG0,Natural Gas,EVE,Exports by Vessel,NGM_EPG0_EVE_NUS-NGM_DMCF,Price of U.S. Liquefied Natural Gas Exports by Vessel to Germany (Dollars per Thousand Cubic Feet),8.02,$/MCF,Germany
2024-05-01,NUS-NGM,DEU,EPG0,Natural Gas,EVE,Exports by Vessel,NGM_EPG0_EVE_NUS-NGM_DMCF,Price of U.S. Liquefied Natural Gas Exports by Vessel to Germany (Dollars per Thousand Cubic Feet),7.3,$/MCF,Germany
2024-06-01,NUS-NGM,DEU,EPG0,Natural Gas,EVE,Exports by Vessel,NGM_EPG0_EVE_NUS-NGM_DMCF,Price of U.S. Liquefied Natural Gas Exports by Vessel to Germany (Dollars per Thousand Cubic Feet),8.8,$/MCF,Germany
2024-07-01,NUS-NGM,DEU,EPG0,Natural Gas,EVE,Exports by Vessel,NGM_EPG0_EVE_NUS-NGM_DMCF,Price of U.S. Liquefied Natural Gas Exports by Vessel to Germany (Dollars per Thousand Cubic Feet),9.44,$/MCF,Germany
2024-08-01,NUS-NGM,DEU,EPG0,Natural Gas,EVE,Exports by Vessel,NGM_EPG0_EVE_NUS-NGM_DMCF,Price of U.S. Liquefied Natural Gas Exports by Vessel to Germany (Dollars per Thousand Cubic Feet),8.77,$/MCF,Germany
2024-09-01,NUS-NGM,DEU,EPG0,Natural Gas,EVE,Exports by Vessel,NGM_EPG0_EVE_NUS-NGM_DMCF,Price of U.S. Liquefied Natural Gas Exports by Vessel to Germany (Dollars per Thousand Cubic Feet),9.42,$/MCF,Germany
2024-10-01,NUS-NGM,DEU,EPG0,Natural Gas,EVE,Exports by Vessel,NGM_EPG0_EVE_NUS-NGM_DMCF,Price of U.S. Liquefied Natural Gas Exports by Vessel to Germany (Dollars per Thousand Cubic Feet),10.41,$/MCF,Germany
2024-11-01,NUS-NGM,DEU,EPG0,Natural Gas,EVE,Exports by Vessel,NGM_EPG0_EVE_NUS-NGM_DMCF,Price of U.S. Liquefied Natural Gas Exports by Vessel to Germany (Dollars per Thousand Cubic Feet),9.82,$/MCF,Germany
2024-12-01,NUS-NGM,DEU,EPG0,Natural Gas,EVE,Exports by Vessel,NGM_EPG0_EVE_NUS-NGM_DMCF,Price of U.S. Liquefied Natural Gas Exports by Vessel to Germany (Dollars per Thousand Cubic Feet),12.49,$/MCF,Germany
2025-01-01,NUS-NGM,DEU,EPG0,Natural Gas,EVE,Exports by Vessel,NGM_EPG0_EVE_NUS-NGM_DMCF,Price of U.S. Liquefied Natural Gas Exports by Vessel to Germany (Dollars per Thousand Cubic Feet),11.08,$/MCF,Germany
2025-02-01,NUS-NGM,DEU,EPG0,Natural Gas,EVE,Exports by Vessel,NGM_EPG0_EVE_NUS-NGM_DMCF,Price of U.S. Liquefied Natural Gas Exports by Vessel to Germany (Dollars per Thousand Cubic Feet),11.27,$/MCF,Germany
2025-03-01,NUS-NGM,DEU,EPG0,Natural Gas,EVE,Exports by Vessel,NGM_EPG0_EVE_NUS-NGM_DMCF,Price of U.S. Liquefied Natural Gas Exports by Vessel to Germany (Dollars per Thousand Cubic Feet),11.23,$/MCF,Germany
2025-04-01,NUS-NGM,DEU,EPG0,Natural Gas,EVE,Exports by Vessel,NGM_EPG0_EVE_NUS-NGM_DMCF,Price of U.S. Liquefied Natural Gas Exports by Vessel to Germany (Dollars per Thousand Cubic Feet),9.96,$/MCF,Germany
2025-05-01,NUS-NGM,DEU,EPG0,Natural Gas,EVE,Exports by Vessel,NGM_EPG0_EVE_NUS-NGM_DMCF,Price of U.S. Liquefied Natural Gas Exports by Vessel to Germany (Dollars per Thousand Cubic Feet),9.0,$/MCF,Germany
2025-06-01,NUS-NGM,DEU,EPG0,Natural Gas,EVE,Exports by Vessel,NGM_EPG0_EVE_NUS-NGM_DMCF,Price of U.S. Liquefied Natural Gas Exports by Vessel to Germany (Dollars per Thousand Cubic Feet),9.25,$/MCF,Germany
2025-07-01,NUS-NGM,DEU,EPG0,Natural Gas,EVE,Exports by Vessel,NGM_EPG0_EVE_NUS-NGM_DMCF,Price of U.S. Liquefied Natural Gas Exports by Vessel to Germany (Dollars per Thousand Cubic Feet),9.69,$/MCF,Germany
2025-08-01,NUS-NGM,DEU,EPG0,Natural Gas,EVE,Exports by Vessel,NGM_EPG0_EVE_NUS-NGM_DMCF,Price of U.S. Liquefied Natural Gas Exports by Vessel to Germany (Dollars per Thousand Cubic Feet),10.05,$/MCF,Germany
2025-09-01,NUS-NGM,DEU,EPG0,Natural Gas,EVE,Exports by Vessel,NGM_EPG0_EVE_NUS-NGM_DMCF,Price of U.S. Liquefied Natural Gas Exports by Vessel to Germany (Dollars per Thousand Cubic Feet),8.14,$/MCF,Germany
2025-10-01,NUS-NGM,DEU,EPG0,Natural Gas,EVE,Exports by Vessel,NGM_EPG0_EVE_NUS-NGM_DMCF,Price of U.S. Liquefied Natural Gas Exports by Vessel to Germany (Dollars per Thousand Cubic Feet),7.75,$/MCF,Germany
2025-11-01,NUS-NGM,DEU,EPG0,Natural Gas,EVE,Exports by Vessel,NGM_EPG0_EVE_NUS-NGM_DMCF,Price of U.S. Liquefied Natural Gas Exports by Vessel to Germany (Dollars per Thousand Cubic Feet),7.85,$/MCF,Germany
2025-12-01,NUS-NGM,DEU,EPG0,Natural Gas,EVE,Exports by Vessel,NGM_EPG0_EVE_NUS-NGM_DMCF,Price of U.S. Liquefied Natural Gas Exports by Vessel to Germany (Dollars per Thousand Cubic Feet),9.37,$/MCF,Germany
2026-01-01,NUS-NGM,DEU,EPG0,Natural Gas,EVE,Exports by Vessel,NGM_EPG0_EVE_NUS-NGM_DMCF,Price of U.S. Liquefied Natural Gas Exports by Vessel to Germany (Dollars per Thousand Cubic Feet),9.11,$/MCF,Germany
2018-01-01,NUS-NNL,NLD,EPG0,Natural Gas,EVE,Exports by Vessel,NGM_EPG0_EVE_NUS-NNL_DMCF,Price of Liquefied U.S. Natural Gas Exports by Vessel to Netherlands (Dollars per Thousand Cubic Feet),,$/MCF,Netherlands
2018-02-01,NUS-NNL,NLD,EPG0,Natural Gas,EVE,Exports by Vessel,NGM_EPG0_EVE_NUS-NNL_DMCF,Price of Liquefied U.S. Natural Gas Exports by Vessel to Netherlands (Dollars per Thousand Cubic Feet),,$/MCF,Netherlands
2018-03-01,NUS-NNL,NLD,EPG0,Natural Gas,EVE,Exports by Vessel,NGM_EPG0_EVE_NUS-NNL_DMCF,Price of Liquefied U.S. Natural Gas Exports by Vessel to Netherlands (Dollars per Thousand Cubic Feet),,$/MCF,Netherlands
2018-04-01,NUS-NNL,NLD,EPG0,Natural Gas,EVE,Exports by Vessel,NGM_EPG0_EVE_NUS-NNL_DMCF,Price of Liquefied U.S. Natural Gas Exports by Vessel to Netherlands (Dollars per Thousand Cubic Feet),6.33,$/MCF,Netherlands
2018-05-01,NUS-NNL,NLD,EPG0,Natural Gas,EVE,Exports by Vessel,NGM_EPG0_EVE_NUS-NNL_DMCF,Price of Liquefied U.S. Natural Gas Exports by Vessel to Netherlands (Dollars per Thousand Cubic Feet),,$/MCF,Netherlands
2018-06-01,NUS-NNL,NLD,EPG0,Natural Gas,EVE,Exports by Vessel,NGM_EPG0_EVE_NUS-NNL_DMCF,Price of Liquefied U.S. Natural Gas Exports by Vessel to Netherlands (Dollars per Thousand Cubic Feet),,$/MCF,Netherlands
2018-07-01,NUS-NNL,NLD,EPG0,Natural Gas,EVE,Exports by Vessel,NGM_EPG0_EVE_NUS-NNL_DMCF,Price of Liquefied U.S. Natural Gas Exports by Vessel to Netherlands (Dollars per Thousand Cubic Feet),,$/MCF,Netherlands
2018-08-01,NUS-NNL,NLD,EPG0,Natural Gas,EVE,Exports by Vessel,NGM_EPG0_EVE_NUS-NNL_DMCF,Price of Liquefied U.S. Natural Gas Exports by Vessel to Netherlands (Dollars per Thousand Cubic Feet),,$/MCF,Netherlands
2018-09-01,NUS-NNL,NLD,EPG0,Natural Gas,EVE,Exports by Vessel,NGM_EPG0_EVE_NUS-NNL_DMCF,Price of Liquefied U.S. Natural Gas Exports by Vessel to Netherlands (Dollars per Thousand Cubic Feet),6.58,$/MCF,Netherlands
2018-10-01,NUS-NNL,NLD,EPG0,Natural Gas,EVE,Exports by Vessel,NGM_EPG0_EVE_NUS-NNL_DMCF,Price of Liquefied U.S. Natural Gas Exports by Vessel to Netherlands (Dollars per Thousand Cubic Feet),6.72,$/MCF,Netherlands
2018-11-01,NUS-NNL,NLD,EPG0,Natural Gas,EVE,Exports by Vessel,NGM_EPG0_EVE_NUS-NNL_DMCF,Price of Liquefied U.S. Natural Gas Exports by Vessel to Netherlands (Dollars per Thousand Cubic Feet),6.83,$/MCF,Netherlands
2018-12-01,NUS-NNL,NLD,EPG0,Natural Gas,EVE,Exports by Vessel,NGM_EPG0_EVE_NUS-NNL_DMCF,Price of Liquefied U.S. Natural Gas Exports by Vessel to Netherlands (Dollars per Thousand Cubic Feet),,$/MCF,Netherlands
2019-01-01,NUS-NNL,NLD,EPG0,Natural Gas,EVE,Exports by Vessel,NGM_EPG0_EVE_NUS-NNL_DMCF,Price of Liquefied U.S. Natural Gas Exports by Vessel to Netherlands (Dollars per Thousand Cubic Feet),,$/MCF,Netherlands
2019-02-01,NUS-NNL,NLD,EPG0,Natural Gas,EVE,Exports by Vessel,NGM_EPG0_EVE_NUS-NNL_DMCF,Price of Liquefied U.S. Natural Gas Exports by Vessel to Netherlands (Dollars per Thousand Cubic Feet),3.81,$/MCF,Netherlands
2019-03-01,NUS-NNL,NLD,EPG0,Natural Gas,EVE,Exports by Vessel,NGM_EPG0_EVE_NUS-NNL_DMCF,Price of Liquefied U.S. Natural Gas Exports by Vessel to Netherlands (Dollars per Thousand Cubic Feet),5.3,$/MCF,Netherlands
2019-04-01,NUS-NNL,NLD,EPG0,Natural Gas,EVE,Exports by Vessel,NGM_EPG0_EVE_NUS-NNL_DMCF,Price of Liquefied U.S. Natural Gas Exports by Vessel to Netherlands (Dollars per Thousand Cubic Feet),4.91,$/MCF,Netherlands
2019-05-01,NUS-NNL,NLD,EPG0,Natural Gas,EVE,Exports by Vessel,NGM_EPG0_EVE_NUS-NNL_DMCF,Price of Liquefied U.S. Natural Gas Exports by Vessel to Netherlands (Dollars per Thousand Cubic Feet),4.38,$/MCF,Netherlands
2019-06-01,NUS-NNL,NLD,EPG0,Natural Gas,EVE,Exports by Vessel,NGM_EPG0_EVE_NUS-NNL_DMCF,Price of Liquefied U.S. Natural Gas Exports by Vessel to Netherlands (Dollars per Thousand Cubic Feet),3.15,$/MCF,Netherlands
2019-07-01,NUS-NNL,NLD,EPG0,Natural Gas,EVE,Exports by Vessel,NGM_EPG0_EVE_NUS-NNL_DMCF,Price of Liquefied U.S. Natural Gas Exports by Vessel to Netherlands (Dollars per Thousand Cubic Feet),3.2,$/MCF,Netherlands
2019-08-01,NUS-NNL,NLD,EPG0,Natural Gas,EVE,Exports by Vessel,NGM_EPG0_EVE_NUS-NNL_DMCF,Price of Liquefied U.S. Natural Gas Exports by Vessel to Netherlands (Dollars per Thousand Cubic Feet),3.86,$/MCF,Netherlands
2019-09-01,NUS-NNL,NLD,EPG0,Natural Gas,EVE,Exports by Vessel,NGM_EPG0_EVE_NUS-NNL_DMCF,Price of Liquefied U.S. Natural Gas Exports by Vessel to Netherlands (Dollars per Thousand Cubic Feet),3.21,$/MCF,Netherlands
2019-10-01,NUS-NNL,NLD,EPG0,Natural Gas,EVE,Exports by Vessel,NGM_EPG0_EVE_NUS-NNL_DMCF,Price of Liquefied U.S. Natural Gas Exports by Vessel to Netherlands (Dollars per Thousand Cubic Feet),6.55,$/MCF,Netherlands
2019-11-01,NUS-NNL,NLD,EPG0,Natural Gas,EVE,Exports by Vessel,NGM_EPG0_EVE_NUS-NNL_DMCF,Price of Liquefied U.S. Natural Gas Exports by Vessel to Netherlands (Dollars per Thousand Cubic Feet),4.79,$/MCF,Netherlands
2019-12-01,NUS-NNL,NLD,EPG0,Natural Gas,EVE,Exports by Vessel,NGM_EPG0_EVE_NUS-NNL_DMCF,Price of Liquefied U.S. Natural Gas Exports by Vessel to Netherlands (Dollars per Thousand Cubic Feet),5.98,$/MCF,Netherlands
2020-01-01,NUS-NNL,NLD,EPG0,Natural Gas,EVE,Exports by Vessel,NGM_EPG0_EVE_NUS-NNL_DMCF,Price of Liquefied U.S. Natural Gas Exports by Vessel to Netherlands (Dollars per Thousand Cubic Feet),4.87,$/MCF,Netherlands
2020-02-01,NUS-NNL,NLD,EPG0,Natural Gas,EVE,Exports by Vessel,NGM_EPG0_EVE_NUS-NNL_DMCF,Price of Liquefied U.S. Natural Gas Exports by Vessel to Netherlands (Dollars per Thousand Cubic Feet),4.91,$/MCF,Netherlands
2020-03-01,NUS-NNL,NLD,EPG0,Natural Gas,EVE,Exports by Vessel,NGM_EPG0_EVE_NUS-NNL_DMCF,Price of Liquefied U.S. Natural Gas Exports by Vessel to Netherlands (Dollars per Thousand Cubic Feet),4.87,$/MCF,Netherlands
2020-04-01,NUS-NNL,NLD,EPG0,Natural Gas,EVE,Exports by Vessel,NGM_EPG0_EVE_NUS-NNL_DMCF,Price of Liquefied U.S. Natural Gas Exports by Vessel to Netherlands (Dollars per Thousand Cubic Feet),5.17,$/MCF,Netherlands
2020-05-01,NUS-NNL,NLD,EPG0,Natural Gas,EVE,Exports by Vessel,NGM_EPG0_EVE_NUS-NNL_DMCF,Price of Liquefied U.S. Natural Gas Exports by Vessel to Netherlands (Dollars per Thousand Cubic Feet),6.12,$/MCF,Netherlands
2020-06-01,NUS-NNL,NLD,EPG0,Natural Gas,EVE,Exports by Vessel,NGM_EPG0_EVE_NUS-NNL_DMCF,Price of Liquefied U.S. Natural Gas Exports by Vessel to Netherlands (Dollars per Thousand Cubic Feet),6.13,$/MCF,Netherlands
2020-07-01,NUS-NNL,NLD,EPG0,Natural Gas,EVE,Exports by Vessel,NGM_EPG0_EVE_NUS-NNL_DMCF,Price of Liquefied U.S. Natural Gas Exports by Vessel to Netherlands (Dollars per Thousand Cubic Feet),6.13,$/MCF,Netherlands
2020-08-01,NUS-NNL,NLD,EPG0,Natural Gas,EVE,Exports by Vessel,NGM_EPG0_EVE_NUS-NNL_DMCF,Price of Liquefied U.S. Natural Gas Exports by Vessel to Netherlands (Dollars per Thousand Cubic Feet),,$/MCF,Netherlands
2020-09-01,NUS-NNL,NLD,EPG0,Natural Gas,EVE,Exports by Vessel,NGM_EPG0_EVE_NUS-NNL_DMCF,Price of Liquefied U.S. Natural Gas Exports by Vessel to Netherlands (Dollars per Thousand Cubic Feet),5.37,$/MCF,Netherlands
2020-10-01,NUS-NNL,NLD,EPG0,Natural Gas,EVE,Exports by Vessel,NGM_EPG0_EVE_NUS-NNL_DMCF,Price of Liquefied U.S. Natural Gas Exports by Vessel to Netherlands (Dollars per Thousand Cubic Feet),5.1,$/MCF,Netherlands
2020-11-01,NUS-NNL,NLD,EPG0,Natural Gas,EVE,Exports by Vessel,NGM_EPG0_EVE_NUS-NNL_DMCF,Price of Liquefied U.S. Natural Gas Exports by Vessel to Netherlands (Dollars per Thousand Cubic Feet),6.3,$/MCF,Netherlands
2020-12-01,NUS-NNL,NLD,EPG0,Natural Gas,EVE,Exports by Vessel,NGM_EPG0_EVE_NUS-NNL_DMCF,Price of Liquefied U.S. Natural Gas Exports by Vessel to Netherlands (Dollars per Thousand Cubic Feet),8.37,$/MCF,Netherlands
2021-01-01,NUS-NNL,NLD,EPG0,Natural Gas,EVE,Exports by Vessel,NGM_EPG0_EVE_NUS-NNL_DMCF,Price of Liquefied U.S. Natural Gas Exports by Vessel to Netherlands (Dollars per Thousand Cubic Feet),5.57,$/MCF,Netherlands
2021-02-01,NUS-NNL,NLD,EPG0,Natural Gas,EVE,Exports by Vessel,NGM_EPG0_EVE_NUS-NNL_DMCF,Price of Liquefied U.S. Natural Gas Exports by Vessel to Netherlands (Dollars per Thousand Cubic Feet),5.87,$/MCF,Netherlands
2021-03-01,NUS-NNL,NLD,EPG0,Natural Gas,EVE,Exports by Vessel,NGM_EPG0_EVE_NUS-NNL_DMCF,Price of Liquefied U.S. Natural Gas Exports by Vessel to Netherlands (Dollars per Thousand Cubic Feet),5.81,$/MCF,Netherlands
2021-04-01,NUS-NNL,NLD,EPG0,Natural Gas,EVE,Exports by Vessel,NGM_EPG0_EVE_NUS-NNL_DMCF,Price of Liquefied U.S. Natural Gas Exports by Vessel to Netherlands (Dollars per Thousand Cubic Feet),6.18,$/MCF,Netherlands
2021-05-01,NUS-NNL,NLD,EPG0,Natural Gas,EVE,Exports by Vessel,NGM_EPG0_EVE_NUS-NNL_DMCF,Price of Liquefied U.S. Natural Gas Exports by Vessel to Netherlands (Dollars per Thousand Cubic Feet),6.3,$/MCF,Netherlands
2021-06-01,NUS-NNL,NLD,EPG0,Natural Gas,EVE,Exports by Vessel,NGM_EPG0_EVE_NUS-NNL_DMCF,Price of Liquefied U.S. Natural Gas Exports by Vessel to Netherlands (Dollars per Thousand Cubic Feet),6.7,$/MCF,Netherlands
2021-07-01,NUS-NNL,NLD,EPG0,Natural Gas,EVE,Exports by Vessel,NGM_EPG0_EVE_NUS-NNL_DMCF,Price of Liquefied U.S. Natural Gas Exports by Vessel to Netherlands (Dollars per Thousand Cubic Feet),6.48,$/MCF,Netherlands
2021-08-01,NUS-NNL,NLD,EPG0,Natural Gas,EVE,Exports by Vessel,NGM_EPG0_EVE_NUS-NNL_DMCF,Price of Liquefied U.S. Natural Gas Exports by Vessel to Netherlands (Dollars per Thousand Cubic Feet),8.46,$/MCF,Netherlands
2021-09-01,NUS-NNL,NLD,EPG0,Natural Gas,EVE,Exports by Vessel,NGM_EPG0_EVE_NUS-NNL_DMCF,Price of Liquefied U.S. Natural Gas Exports by Vessel to Netherlands (Dollars per Thousand Cubic Feet),8.08,$/MCF,Netherlands
2021-10-01,NUS-NNL,NLD,EPG0,Natural Gas,EVE,Exports by Vessel,NGM_EPG0_EVE_NUS-NNL_DMCF,Price of Liquefied U.S. Natural Gas Exports by Vessel to Netherlands (Dollars per Thousand Cubic Feet),9.27,$/MCF,Netherlands
2021-11-01,NUS-NNL,NLD,EPG0,Natural Gas,EVE,Exports by Vessel,NGM_EPG0_EVE_NUS-NNL_DMCF,Price of Liquefied U.S. Natural Gas Exports by Vessel to Netherlands (Dollars per Thousand Cubic Feet),10.43,$/MCF,Netherlands
2021-12-01,NUS-NNL,NLD,EPG0,Natural Gas,EVE,Exports by Vessel,NGM_EPG0_EVE_NUS-NNL_DMCF,Price of Liquefied U.S. Natural Gas Exports by Vessel to Netherlands (Dollars per Thousand Cubic Feet),9.1,$/MCF,Netherlands
2022-01-01,NUS-NNL,NLD,EPG0,Natural Gas,EVE,Exports by Vessel,NGM_EPG0_EVE_NUS-NNL_DMCF,Price of Liquefied U.S. Natural Gas Exports by Vessel to Netherlands (Dollars per Thousand Cubic Feet),7.98,$/MCF,Netherlands
2022-02-01,NUS-NNL,NLD,EPG0,Natural Gas,EVE,Exports by Vessel,NGM_EPG0_EVE_NUS-NNL_DMCF,Price of Liquefied U.S. Natural Gas Exports by Vessel to Netherlands (Dollars per Thousand Cubic Feet),9.6,$/MCF,Netherlands
2022-03-01,NUS-NNL,NLD,EPG0,Natural Gas,EVE,Exports by Vessel,NGM_EPG0_EVE_NUS-NNL_DMCF,Price of Liquefied U.S. Natural Gas Exports by Vessel to Netherlands (Dollars per Thousand Cubic Feet),8.02,$/MCF,Netherlands
2022-04-01,NUS-NNL,NLD,EPG0,Natural Gas,EVE,Exports by Vessel,NGM_EPG0_EVE_NUS-NNL_DMCF,Price of Liquefied U.S. Natural Gas Exports by Vessel to Netherlands (Dollars per Thousand Cubic Feet),9.35,$/MCF,Netherlands
2022-05-01,NUS-NNL,NLD,EPG0,Natural Gas,EVE,Exports by Vessel,NGM_EPG0_EVE_NUS-NNL_DMCF,Price of Liquefied U.S. Natural Gas Exports by Vessel to Netherlands (Dollars per Thousand Cubic Feet),12.24,$/MCF,Netherlands
2022-06-01,NUS-NNL,NLD,EPG0,Natural Gas,EVE,Exports by Vessel,NGM_EPG0_EVE_NUS-NNL_DMCF,Price of Liquefied U.S. Natural Gas Exports by Vessel to Netherlands (Dollars per Thousand Cubic Feet),13.13,$/MCF,Netherlands
2022-07-01,NUS-NNL,NLD,EPG0,Natural Gas,EVE,Exports by Vessel,NGM_EPG0_EVE_NUS-NNL_DMCF,Price of Liquefied U.S. Natural Gas Exports by Vessel to Netherlands (Dollars per Thousand Cubic Feet),13.87,$/MCF,Netherlands
2022-08-01,NUS-NNL,NLD,EPG0,Natural Gas,EVE,Exports by Vessel,NGM_EPG0_EVE_NUS-NNL_DMCF,Price of Liquefied U.S. Natural Gas Exports by Vessel to Netherlands (Dollars per Thousand Cubic Feet),17.25,$/MCF,Netherlands
2022-09-01,NUS-NNL,NLD,EPG0,Natural Gas,EVE,Exports by Vessel,NGM_EPG0_EVE_NUS-NNL_DMCF,Price of Liquefied U.S. Natural Gas Exports by Vessel to Netherlands (Dollars per Thousand Cubic Feet),16.84,$/MCF,Netherlands
2022-10-01,NUS-NNL,NLD,EPG0,Natural Gas,EVE,Exports by Vessel,NGM_EPG0_EVE_NUS-NNL_DMCF,Price of Liquefied U.S. Natural Gas Exports by Vessel to Netherlands (Dollars per Thousand Cubic Feet),12.75,$/MCF,Netherlands
2022-11-01,NUS-NNL,NLD,EPG0,Natural Gas,EVE,Exports by Vessel,NGM_EPG0_EVE_NUS-NNL_DMCF,Price of Liquefied U.S. Natural Gas Exports by Vessel to Netherlands (Dollars per Thousand Cubic Feet),12.37,$/MCF,Netherlands
2022-12-01,NUS-NNL,NLD,EPG0,Natural Gas,EVE,Exports by Vessel,NGM_EPG0_EVE_NUS-NNL_DMCF,Price of Liquefied U.S. Natural Gas Exports by Vessel to Netherlands (Dollars per Thousand Cubic Feet),10.66,$/MCF,Netherlands
2023-01-01,NUS-NNL,NLD,EPG0,Natural Gas,EVE,Exports by Vessel,NGM_EPG0_EVE_NUS-NNL_DMCF,Price of Liquefied U.S. Natural Gas Exports by Vessel to Netherlands (Dollars per Thousand Cubic Feet),11.95,$/MCF,Netherlands
2023-02-01,NUS-NNL,NLD,EPG0,Natural Gas,EVE,Exports by Vessel,NGM_EPG0_EVE_NUS-NNL_DMCF,Price of Liquefied U.S. Natural Gas Exports by Vessel to Netherlands (Dollars per Thousand Cubic Feet),12.24,$/MCF,Netherlands
2023-03-01,NUS-NNL,NLD,EPG0,Natural Gas,EVE,Exports by Vessel,NGM_EPG0_EVE_NUS-NNL_DMCF,Price of Liquefied U.S. Natural Gas Exports by Vessel to Netherlands (Dollars per Thousand Cubic Feet),8.15,$/MCF,Netherlands
2023-04-01,NUS-NNL,NLD,EPG0,Natural Gas,EVE,Exports by Vessel,NGM_EPG0_EVE_NUS-NNL_DMCF,Price of Liquefied U.S. Natural Gas Exports by Vessel to Netherlands (Dollars per Thousand Cubic Feet),6.03,$/MCF,Netherlands
2023-05-01,NUS-NNL,NLD,EPG0,Natural Gas,EVE,Exports by Vessel,NGM_EPG0_EVE_NUS-NNL_DMCF,Price of Liquefied U.S. Natural Gas Exports by Vessel to Netherlands (Dollars per Thousand Cubic Feet),6.27,$/MCF,Netherlands
2023-06-01,NUS-NNL,NLD,EPG0,Natural Gas,EVE,Exports by Vessel,NGM_EPG0_EVE_NUS-NNL_DMCF,Price of Liquefied U.S. Natural Gas Exports by Vessel to Netherlands (Dollars per Thousand Cubic Feet),6.06,$/MCF,Netherlands
2023-07-01,NUS-NNL,NLD,EPG0,Natural Gas,EVE,Exports by Vessel,NGM_EPG0_EVE_NUS-NNL_DMCF,Price of Liquefied U.S. Natural Gas Exports by Vessel to Netherlands (Dollars per Thousand Cubic Feet),6.71,$/MCF,Netherlands
2023-08-01,NUS-NNL,NLD,EPG0,Natural Gas,EVE,Exports by Vessel,NGM_EPG0_EVE_NUS-NNL_DMCF,Price of Liquefied U.S. Natural Gas Exports by Vessel to Netherlands (Dollars per Thousand Cubic Feet),6.75,$/MCF,Netherlands
2023-09-01,NUS-NNL,NLD,EPG0,Natural Gas,EVE,Exports by Vessel,NGM_EPG0_EVE_NUS-NNL_DMCF,Price of Liquefied U.S. Natural Gas Exports by Vessel to Netherlands (Dollars per Thousand Cubic Feet),6.81,$/MCF,Netherlands
2023-10-01,NUS-NNL,NLD,EPG0,Natural Gas,EVE,Exports by Vessel,NGM_EPG0_EVE_NUS-NNL_DMCF,Price of Liquefied U.S. Natural Gas Exports by Vessel to Netherlands (Dollars per Thousand Cubic Feet),6.98,$/MCF,Netherlands
2023-11-01,NUS-NNL,NLD,EPG0,Natural Gas,EVE,Exports by Vessel,NGM_EPG0_EVE_NUS-NNL_DMCF,Price of Liquefied U.S. Natural Gas Exports by Vessel to Netherlands (Dollars per Thousand Cubic Feet),8.58,$/MCF,Netherlands
2023-12-01,NUS-NNL,NLD,EPG0,Natural Gas,EVE,Exports by Vessel,NGM_EPG0_EVE_NUS-NNL_DMCF,Price of Liquefied U.S. Natural Gas Exports by Vessel to Netherlands (Dollars per Thousand Cubic Feet),7.59,$/MCF,Netherlands
2024-01-01,NUS-NNL,NLD,EPG0,Natural Gas,EVE,Exports by Vessel,NGM_EPG0_EVE_NUS-NNL_DMCF,Price of Liquefied U.S. Natural Gas Exports by Vessel to Netherlands (Dollars per Thousand Cubic Feet),8.06,$/MCF,Netherlands
2024-02-01,NUS-NNL,NLD,EPG0,Natural Gas,EVE,Exports by Vessel,NGM_EPG0_EVE_NUS-NNL_DMCF,Price of Liquefied U.S. Natural Gas Exports by Vessel to Netherlands (Dollars per Thousand Cubic Feet),6.81,$/MCF,Netherlands
2024-03-01,NUS-NNL,NLD,EPG0,Natural Gas,EVE,Exports by Vessel,NGM_EPG0_EVE_NUS-NNL_DMCF,Price of Liquefied U.S. Natural Gas Exports by Vessel to Netherlands (Dollars per Thousand Cubic Feet),5.14,$/MCF,Netherlands
2024-04-01,NUS-NNL,NLD,EPG0,Natural Gas,EVE,Exports by Vessel,NGM_EPG0_EVE_NUS-NNL_DMCF,Price of Liquefied U.S. Natural Gas Exports by Vessel to Netherlands (Dollars per Thousand Cubic Feet),5.24,$/MCF,Netherlands
2024-05-01,NUS-NNL,NLD,EPG0,Natural Gas,EVE,Exports by Vessel,NGM_EPG0_EVE_NUS-NNL_DMCF,Price of Liquefied U.S. Natural Gas Exports by Vessel to Netherlands (Dollars per Thousand Cubic Feet),5.0,$/MCF,Netherlands
2024-06-01,NUS-NNL,NLD,EPG0,Natural Gas,EVE,Exports by Vessel,NGM_EPG0_EVE_NUS-NNL_DMCF,Price of Liquefied U.S. Natural Gas Exports by Vessel to Netherlands (Dollars per Thousand Cubic Feet),6.82,$/MCF,Netherlands
2024-07-01,NUS-NNL,NLD,EPG0,Natural Gas,EVE,Exports by Vessel,NGM_EPG0_EVE_NUS-NNL_DMCF,Price of Liquefied U.S. Natural Gas Exports by Vessel to Netherlands (Dollars per Thousand Cubic Feet),6.4,$/MCF,Netherlands
2024-08-01,NUS-NNL,NLD,EPG0,Natural Gas,EVE,Exports by Vessel,NGM_EPG0_EVE_NUS-NNL_DMCF,Price of Liquefied U.S. Natural Gas Exports by Vessel to Netherlands (Dollars per Thousand Cubic Feet),5.29,$/MCF,Netherlands
2024-09-01,NUS-NNL,NLD,EPG0,Natural Gas,EVE,Exports by Vessel,NGM_EPG0_EVE_NUS-NNL_DMCF,Price of Liquefied U.S. Natural Gas Exports by Vessel to Netherlands (Dollars per Thousand Cubic Feet),5.98,$/MCF,Netherlands
2024-10-01,NUS-NNL,NLD,EPG0,Natural Gas,EVE,Exports by Vessel,NGM_EPG0_EVE_NUS-NNL_DMCF,Price of Liquefied U.S. Natural Gas Exports by Vessel to Netherlands (Dollars per Thousand Cubic Feet),6.18,$/MCF,Netherlands
2024-11-01,NUS-NNL,NLD,EPG0,Natural Gas,EVE,Exports by Vessel,NGM_EPG0_EVE_NUS-NNL_DMCF,Price of Liquefied U.S. Natural Gas Exports by Vessel to Netherlands (Dollars per Thousand Cubic Feet),6.8,$/MCF,Netherlands
2024-12-01,NUS-NNL,NLD,EPG0,Natural Gas,EVE,Exports by Vessel,NGM_EPG0_EVE_NUS-NNL_DMCF,Price of Liquefied U.S. Natural Gas Exports by Vessel to Netherlands (Dollars per Thousand Cubic Feet),7.09,$/MCF,Netherlands
2025-01-01,NUS-NNL,NLD,EPG0,Natural Gas,EVE,Exports by Vessel,NGM_EPG0_EVE_NUS-NNL_DMCF,Price of Liquefied U.S. Natural Gas Exports by Vessel to Netherlands (Dollars per Thousand Cubic Feet),9.01,$/MCF,Netherlands
2025-02-01,NUS-NNL,NLD,EPG0,Natural Gas,EVE,Exports by Vessel,NGM_EPG0_EVE_NUS-NNL_DMCF,Price of Liquefied U.S. Natural Gas Exports by Vessel to Netherlands (Dollars per Thousand Cubic Feet),8.92,$/MCF,Netherlands
2025-03-01,NUS-NNL,NLD,EPG0,Natural Gas,EVE,Exports by Vessel,NGM_EPG0_EVE_NUS-NNL_DMCF,Price of Liquefied U.S. Natural Gas Exports by Vessel to Netherlands (Dollars per Thousand Cubic Feet),8.84,$/MCF,Netherlands
2025-04-01,NUS-NNL,NLD,EPG0,Natural Gas,EVE,Exports by Vessel,NGM_EPG0_EVE_NUS-NNL_DMCF,Price of Liquefied U.S. Natural Gas Exports by Vessel to Netherlands (Dollars per Thousand Cubic Feet),8.89,$/MCF,Netherlands
2025-05-01,NUS-NNL,NLD,EPG0,Natural Gas,EVE,Exports by Vessel,NGM_EPG0_EVE_NUS-NNL_DMCF,Price of Liquefied U.S. Natural Gas Exports by Vessel to Netherlands (Dollars per Thousand Cubic Feet),7.05,$/MCF,Netherlands
2025-06-01,NUS-NNL,NLD,EPG0,Natural Gas,EVE,Exports by Vessel,NGM_EPG0_EVE_NUS-NNL_DMCF,Price of Liquefied U.S. Natural Gas Exports by Vessel to Netherlands (Dollars per Thousand Cubic Feet),7.52,$/MCF,Netherlands
2025-07-01,NUS-NNL,NLD,EPG0,Natural Gas,EVE,Exports by Vessel,NGM_EPG0_EVE_NUS-NNL_DMCF,Price of Liquefied U.S. Natural Gas Exports by Vessel to Netherlands (Dollars per Thousand Cubic Feet),7.53,$/MCF,Netherlands
2025-08-01,NUS-NNL,NLD,EPG0,Natural Gas,EVE,Exports by Vessel,NGM_EPG0_EVE_NUS-NNL_DMCF,Price of Liquefied U.S. Natural Gas Exports by Vessel to Netherlands (Dollars per Thousand Cubic Feet),7.22,$/MCF,Netherlands
2025-09-01,NUS-NNL,NLD,EPG0,Natural Gas,EVE,Exports by Vessel,NGM_EPG0_EVE_NUS-NNL_DMCF,Price of Liquefied U.S. Natural Gas Exports by Vessel to Netherlands (Dollars per Thousand Cubic Feet),7.76,$/MCF,Netherlands
2025-10-01,NUS-NNL,NLD,EPG0,Natural Gas,EVE,Exports by Vessel,NGM_EPG0_EVE_NUS-NNL_DMCF,Price of Liquefied U.S. Natural Gas Exports by Vessel to Netherlands (Dollars per Thousand Cubic Feet),6.67,$/MCF,Netherlands
2025-11-01,NUS-NNL,NLD,EPG0,Natural Gas,EVE,Exports by Vessel,NGM_EPG0_EVE_NUS-NNL_DMCF,Price of Liquefied U.S. Natural Gas Exports by Vessel to Netherlands (Dollars per Thousand Cubic Feet),8.64,$/MCF,Netherlands
2025-12-01,NUS-NNL,NLD,EPG0,Natural Gas,EVE,Exports by Vessel,NGM_EPG0_EVE_NUS-NNL_DMCF,Price of Liquefied U.S. Natural Gas Exports by Vessel to Netherlands (Dollars per Thousand Cubic Feet),8.37,$/MCF,Netherlands
2026-01-01,NUS-NNL,NLD,EPG0,Natural Gas,EVE,Exports by Vessel,NGM_EPG0_EVE_NUS-NNL_DMCF,Price of Liquefied U.S. Natural Gas Exports by Vessel to Netherlands (Dollars per Thousand Cubic Feet),8.61,$/MCF,Netherlands
2018-01-01,NUS-NSP,ESP,EPG0,Natural Gas,EVE,Exports by Vessel,NGM_EPG0_EVE_NUS-NSP_DMCF,Price of  U.S. Liquefied Natural Gas Exports by Vessel to Spain (Dollars per Thousand Cubic Feet),,$/MCF,Spain
2018-02-01,NUS-NSP,ESP,EPG0,Natural Gas,EVE,Exports by Vessel,NGM_EPG0_EVE_NUS-NSP_DMCF,Price of  U.S. Liquefied Natural Gas Exports by Vessel to Spain (Dollars per Thousand Cubic Feet),,$/MCF,Spain
2018-03-01,NUS-NSP,ESP,EPG0,Natural Gas,EVE,Exports by Vessel,NGM_EPG0_EVE_NUS-NSP_DMCF,Price of  U.S. Liquefied Natural Gas Exports by Vessel to Spain (Dollars per Thousand Cubic Feet),,$/MCF,Spain
2018-04-01,NUS-NSP,ESP,EPG0,Natural Gas,EVE,Exports by Vessel,NGM_EPG0_EVE_NUS-NSP_DMCF,Price of  U.S. Liquefied Natural Gas Exports by Vessel to Spain (Dollars per Thousand Cubic Feet),,$/MCF,Spain
2018-05-01,NUS-NSP,ESP,EPG0,Natural Gas,EVE,Exports by Vessel,NGM_EPG0_EVE_NUS-NSP_DMCF,Price of  U.S. Liquefied Natural Gas Exports by Vessel to Spain (Dollars per Thousand Cubic Feet),,$/MCF,Spain
2018-06-01,NUS-NSP,ESP,EPG0,Natural Gas,EVE,Exports by Vessel,NGM_EPG0_EVE_NUS-NSP_DMCF,Price of  U.S. Liquefied Natural Gas Exports by Vessel to Spain (Dollars per Thousand Cubic Feet),,$/MCF,Spain
2018-07-01,NUS-NSP,ESP,EPG0,Natural Gas,EVE,Exports by Vessel,NGM_EPG0_EVE_NUS-NSP_DMCF,Price of  U.S. Liquefied Natural Gas Exports by Vessel to Spain (Dollars per Thousand Cubic Feet),6.7,$/MCF,Spain
2018-08-01,NUS-NSP,ESP,EPG0,Natural Gas,EVE,Exports by Vessel,NGM_EPG0_EVE_NUS-NSP_DMCF,Price of  U.S. Liquefied Natural Gas Exports by Vessel to Spain (Dollars per Thousand Cubic Feet),,$/MCF,Spain
2018-09-01,NUS-NSP,ESP,EPG0,Natural Gas,EVE,Exports by Vessel,NGM_EPG0_EVE_NUS-NSP_DMCF,Price of  U.S. Liquefied Natural Gas Exports by Vessel to Spain (Dollars per Thousand Cubic Feet),,$/MCF,Spain
2018-10-01,NUS-NSP,ESP,EPG0,Natural Gas,EVE,Exports by Vessel,NGM_EPG0_EVE_NUS-NSP_DMCF,Price of  U.S. Liquefied Natural Gas Exports by Vessel to Spain (Dollars per Thousand Cubic Feet),3.46,$/MCF,Spain
2018-11-01,NUS-NSP,ESP,EPG0,Natural Gas,EVE,Exports by Vessel,NGM_EPG0_EVE_NUS-NSP_DMCF,Price of  U.S. Liquefied Natural Gas Exports by Vessel to Spain (Dollars per Thousand Cubic Feet),3.8,$/MCF,Spain
2018-12-01,NUS-NSP,ESP,EPG0,Natural Gas,EVE,Exports by Vessel,NGM_EPG0_EVE_NUS-NSP_DMCF,Price of  U.S. Liquefied Natural Gas Exports by Vessel to Spain (Dollars per Thousand Cubic Feet),,$/MCF,Spain
2019-01-01,NUS-NSP,ESP,EPG0,Natural Gas,EVE,Exports by Vessel,NGM_EPG0_EVE_NUS-NSP_DMCF,Price of  U.S. Liquefied Natural Gas Exports by Vessel to Spain (Dollars per Thousand Cubic Feet),8.11,$/MCF,Spain
2019-02-01,NUS-NSP,ESP,EPG0,Natural Gas,EVE,Exports by Vessel,NGM_EPG0_EVE_NUS-NSP_DMCF,Price of  U.S. Liquefied Natural Gas Exports by Vessel to Spain (Dollars per Thousand Cubic Feet),5.05,$/MCF,Spain
2019-03-01,NUS-NSP,ESP,EPG0,Natural Gas,EVE,Exports by Vessel,NGM_EPG0_EVE_NUS-NSP_DMCF,Price of  U.S. Liquefied Natural Gas Exports by Vessel to Spain (Dollars per Thousand Cubic Feet),4.88,$/MCF,Spain
2019-04-01,NUS-NSP,ESP,EPG0,Natural Gas,EVE,Exports by Vessel,NGM_EPG0_EVE_NUS-NSP_DMCF,Price of  U.S. Liquefied Natural Gas Exports by Vessel to Spain (Dollars per Thousand Cubic Feet),4.8,$/MCF,Spain
2019-05-01,NUS-NSP,ESP,EPG0,Natural Gas,EVE,Exports by Vessel,NGM_EPG0_EVE_NUS-NSP_DMCF,Price of  U.S. Liquefied Natural Gas Exports by Vessel to Spain (Dollars per Thousand Cubic Feet),5.19,$/MCF,Spain
2019-06-01,NUS-NSP,ESP,EPG0,Natural Gas,EVE,Exports by Vessel,NGM_EPG0_EVE_NUS-NSP_DMCF,Price of  U.S. Liquefied Natural Gas Exports by Vessel to Spain (Dollars per Thousand Cubic Feet),4.87,$/MCF,Spain
2019-07-01,NUS-NSP,ESP,EPG0,Natural Gas,EVE,Exports by Vessel,NGM_EPG0_EVE_NUS-NSP_DMCF,Price of  U.S. Liquefied Natural Gas Exports by Vessel to Spain (Dollars per Thousand Cubic Feet),4.81,$/MCF,Spain
2019-08-01,NUS-NSP,ESP,EPG0,Natural Gas,EVE,Exports by Vessel,NGM_EPG0_EVE_NUS-NSP_DMCF,Price of  U.S. Liquefied Natural Gas Exports by Vessel to Spain (Dollars per Thousand Cubic Feet),4.89,$/MCF,Spain
2019-09-01,NUS-NSP,ESP,EPG0,Natural Gas,EVE,Exports by Vessel,NGM_EPG0_EVE_NUS-NSP_DMCF,Price of  U.S. Liquefied Natural Gas Exports by Vessel to Spain (Dollars per Thousand Cubic Feet),5.64,$/MCF,Spain
2019-10-01,NUS-NSP,ESP,EPG0,Natural Gas,EVE,Exports by Vessel,NGM_EPG0_EVE_NUS-NSP_DMCF,Price of  U.S. Liquefied Natural Gas Exports by Vessel to Spain (Dollars per Thousand Cubic Feet),4.86,$/MCF,Spain
2019-11-01,NUS-NSP,ESP,EPG0,Natural Gas,EVE,Exports by Vessel,NGM_EPG0_EVE_NUS-NSP_DMCF,Price of  U.S. Liquefied Natural Gas Exports by Vessel to Spain (Dollars per Thousand Cubic Feet),6.08,$/MCF,Spain
2019-12-01,NUS-NSP,ESP,EPG0,Natural Gas,EVE,Exports by Vessel,NGM_EPG0_EVE_NUS-NSP_DMCF,Price of  U.S. Liquefied Natural Gas Exports by Vessel to Spain (Dollars per Thousand Cubic Feet),5.39,$/MCF,Spain
2020-01-01,NUS-NSP,ESP,EPG0,Natural Gas,EVE,Exports by Vessel,NGM_EPG0_EVE_NUS-NSP_DMCF,Price of  U.S. Liquefied Natural Gas Exports by Vessel to Spain (Dollars per Thousand Cubic Feet),6.1,$/MCF,Spain
2020-02-01,NUS-NSP,ESP,EPG0,Natural Gas,EVE,Exports by Vessel,NGM_EPG0_EVE_NUS-NSP_DMCF,Price of  U.S. Liquefied Natural Gas Exports by Vessel to Spain (Dollars per Thousand Cubic Feet),5.33,$/MCF,Spain
2020-03-01,NUS-NSP,ESP,EPG0,Natural Gas,EVE,Exports by Vessel,NGM_EPG0_EVE_NUS-NSP_DMCF,Price of  U.S. Liquefied Natural Gas Exports by Vessel to Spain (Dollars per Thousand Cubic Feet),5.41,$/MCF,Spain
2020-04-01,NUS-NSP,ESP,EPG0,Natural Gas,EVE,Exports by Vessel,NGM_EPG0_EVE_NUS-NSP_DMCF,Price of  U.S. Liquefied Natural Gas Exports by Vessel to Spain (Dollars per Thousand Cubic Feet),4.68,$/MCF,Spain
2020-05-01,NUS-NSP,ESP,EPG0,Natural Gas,EVE,Exports by Vessel,NGM_EPG0_EVE_NUS-NSP_DMCF,Price of  U.S. Liquefied Natural Gas Exports by Vessel to Spain (Dollars per Thousand Cubic Feet),5.31,$/MCF,Spain
2020-06-01,NUS-NSP,ESP,EPG0,Natural Gas,EVE,Exports by Vessel,NGM_EPG0_EVE_NUS-NSP_DMCF,Price of  U.S. Liquefied Natural Gas Exports by Vessel to Spain (Dollars per Thousand Cubic Feet),5.85,$/MCF,Spain
2020-07-01,NUS-NSP,ESP,EPG0,Natural Gas,EVE,Exports by Vessel,NGM_EPG0_EVE_NUS-NSP_DMCF,Price of  U.S. Liquefied Natural Gas Exports by Vessel to Spain (Dollars per Thousand Cubic Feet),5.32,$/MCF,Spain
2020-08-01,NUS-NSP,ESP,EPG0,Natural Gas,EVE,Exports by Vessel,NGM_EPG0_EVE_NUS-NSP_DMCF,Price of  U.S. Liquefied Natural Gas Exports by Vessel to Spain (Dollars per Thousand Cubic Feet),5.5,$/MCF,Spain
2020-09-01,NUS-NSP,ESP,EPG0,Natural Gas,EVE,Exports by Vessel,NGM_EPG0_EVE_NUS-NSP_DMCF,Price of  U.S. Liquefied Natural Gas Exports by Vessel to Spain (Dollars per Thousand Cubic Feet),5.59,$/MCF,Spain
2020-10-01,NUS-NSP,ESP,EPG0,Natural Gas,EVE,Exports by Vessel,NGM_EPG0_EVE_NUS-NSP_DMCF,Price of  U.S. Liquefied Natural Gas Exports by Vessel to Spain (Dollars per Thousand Cubic Feet),5.71,$/MCF,Spain
2020-11-01,NUS-NSP,ESP,EPG0,Natural Gas,EVE,Exports by Vessel,NGM_EPG0_EVE_NUS-NSP_DMCF,Price of  U.S. Liquefied Natural Gas Exports by Vessel to Spain (Dollars per Thousand Cubic Feet),6.57,$/MCF,Spain
2020-12-01,NUS-NSP,ESP,EPG0,Natural Gas,EVE,Exports by Vessel,NGM_EPG0_EVE_NUS-NSP_DMCF,Price of  U.S. Liquefied Natural Gas Exports by Vessel to Spain (Dollars per Thousand Cubic Feet),6.94,$/MCF,Spain
2021-01-01,NUS-NSP,ESP,EPG0,Natural Gas,EVE,Exports by Vessel,NGM_EPG0_EVE_NUS-NSP_DMCF,Price of  U.S. Liquefied Natural Gas Exports by Vessel to Spain (Dollars per Thousand Cubic Feet),6.31,$/MCF,Spain
2021-02-01,NUS-NSP,ESP,EPG0,Natural Gas,EVE,Exports by Vessel,NGM_EPG0_EVE_NUS-NSP_DMCF,Price of  U.S. Liquefied Natural Gas Exports by Vessel to Spain (Dollars per Thousand Cubic Feet),6.48,$/MCF,Spain
2021-03-01,NUS-NSP,ESP,EPG0,Natural Gas,EVE,Exports by Vessel,NGM_EPG0_EVE_NUS-NSP_DMCF,Price of  U.S. Liquefied Natural Gas Exports by Vessel to Spain (Dollars per Thousand Cubic Feet),5.95,$/MCF,Spain
2021-04-01,NUS-NSP,ESP,EPG0,Natural Gas,EVE,Exports by Vessel,NGM_EPG0_EVE_NUS-NSP_DMCF,Price of  U.S. Liquefied Natural Gas Exports by Vessel to Spain (Dollars per Thousand Cubic Feet),6.34,$/MCF,Spain
2021-05-01,NUS-NSP,ESP,EPG0,Natural Gas,EVE,Exports by Vessel,NGM_EPG0_EVE_NUS-NSP_DMCF,Price of  U.S. Liquefied Natural Gas Exports by Vessel to Spain (Dollars per Thousand Cubic Feet),6.77,$/MCF,Spain
2021-06-01,NUS-NSP,ESP,EPG0,Natural Gas,EVE,Exports by Vessel,NGM_EPG0_EVE_NUS-NSP_DMCF,Price of  U.S. Liquefied Natural Gas Exports by Vessel to Spain (Dollars per Thousand Cubic Feet),5.91,$/MCF,Spain
2021-07-01,NUS-NSP,ESP,EPG0,Natural Gas,EVE,Exports by Vessel,NGM_EPG0_EVE_NUS-NSP_DMCF,Price of  U.S. Liquefied Natural Gas Exports by Vessel to Spain (Dollars per Thousand Cubic Feet),6.38,$/MCF,Spain
2021-08-01,NUS-NSP,ESP,EPG0,Natural Gas,EVE,Exports by Vessel,NGM_EPG0_EVE_NUS-NSP_DMCF,Price of  U.S. Liquefied Natural Gas Exports by Vessel to Spain (Dollars per Thousand Cubic Feet),8.16,$/MCF,Spain
2021-09-01,NUS-NSP,ESP,EPG0,Natural Gas,EVE,Exports by Vessel,NGM_EPG0_EVE_NUS-NSP_DMCF,Price of  U.S. Liquefied Natural Gas Exports by Vessel to Spain (Dollars per Thousand Cubic Feet),8.26,$/MCF,Spain
2021-10-01,NUS-NSP,ESP,EPG0,Natural Gas,EVE,Exports by Vessel,NGM_EPG0_EVE_NUS-NSP_DMCF,Price of  U.S. Liquefied Natural Gas Exports by Vessel to Spain (Dollars per Thousand Cubic Feet),9.68,$/MCF,Spain
2021-11-01,NUS-NSP,ESP,EPG0,Natural Gas,EVE,Exports by Vessel,NGM_EPG0_EVE_NUS-NSP_DMCF,Price of  U.S. Liquefied Natural Gas Exports by Vessel to Spain (Dollars per Thousand Cubic Feet),10.45,$/MCF,Spain
2021-12-01,NUS-NSP,ESP,EPG0,Natural Gas,EVE,Exports by Vessel,NGM_EPG0_EVE_NUS-NSP_DMCF,Price of  U.S. Liquefied Natural Gas Exports by Vessel to Spain (Dollars per Thousand Cubic Feet),9.6,$/MCF,Spain
2022-01-01,NUS-NSP,ESP,EPG0,Natural Gas,EVE,Exports by Vessel,NGM_EPG0_EVE_NUS-NSP_DMCF,Price of  U.S. Liquefied Natural Gas Exports by Vessel to Spain (Dollars per Thousand Cubic Feet),8.23,$/MCF,Spain
2022-02-01,NUS-NSP,ESP,EPG0,Natural Gas,EVE,Exports by Vessel,NGM_EPG0_EVE_NUS-NSP_DMCF,Price of  U.S. Liquefied Natural Gas Exports by Vessel to Spain (Dollars per Thousand Cubic Feet),10.28,$/MCF,Spain
2022-03-01,NUS-NSP,ESP,EPG0,Natural Gas,EVE,Exports by Vessel,NGM_EPG0_EVE_NUS-NSP_DMCF,Price of  U.S. Liquefied Natural Gas Exports by Vessel to Spain (Dollars per Thousand Cubic Feet),8.71,$/MCF,Spain
2022-04-01,NUS-NSP,ESP,EPG0,Natural Gas,EVE,Exports by Vessel,NGM_EPG0_EVE_NUS-NSP_DMCF,Price of  U.S. Liquefied Natural Gas Exports by Vessel to Spain (Dollars per Thousand Cubic Feet),9.09,$/MCF,Spain
2022-05-01,NUS-NSP,ESP,EPG0,Natural Gas,EVE,Exports by Vessel,NGM_EPG0_EVE_NUS-NSP_DMCF,Price of  U.S. Liquefied Natural Gas Exports by Vessel to Spain (Dollars per Thousand Cubic Feet),11.65,$/MCF,Spain
2022-06-01,NUS-NSP,ESP,EPG0,Natural Gas,EVE,Exports by Vessel,NGM_EPG0_EVE_NUS-NSP_DMCF,Price of  U.S. Liquefied Natural Gas Exports by Vessel to Spain (Dollars per Thousand Cubic Feet),13.15,$/MCF,Spain
2022-07-01,NUS-NSP,ESP,EPG0,Natural Gas,EVE,Exports by Vessel,NGM_EPG0_EVE_NUS-NSP_DMCF,Price of  U.S. Liquefied Natural Gas Exports by Vessel to Spain (Dollars per Thousand Cubic Feet),14.29,$/MCF,Spain
2022-08-01,NUS-NSP,ESP,EPG0,Natural Gas,EVE,Exports by Vessel,NGM_EPG0_EVE_NUS-NSP_DMCF,Price of  U.S. Liquefied Natural Gas Exports by Vessel to Spain (Dollars per Thousand Cubic Feet),13.16,$/MCF,Spain
2022-09-01,NUS-NSP,ESP,EPG0,Natural Gas,EVE,Exports by Vessel,NGM_EPG0_EVE_NUS-NSP_DMCF,Price of  U.S. Liquefied Natural Gas Exports by Vessel to Spain (Dollars per Thousand Cubic Feet),14.04,$/MCF,Spain
2022-10-01,NUS-NSP,ESP,EPG0,Natural Gas,EVE,Exports by Vessel,NGM_EPG0_EVE_NUS-NSP_DMCF,Price of  U.S. Liquefied Natural Gas Exports by Vessel to Spain (Dollars per Thousand Cubic Feet),14.67,$/MCF,Spain
2022-11-01,NUS-NSP,ESP,EPG0,Natural Gas,EVE,Exports by Vessel,NGM_EPG0_EVE_NUS-NSP_DMCF,Price of  U.S. Liquefied Natural Gas Exports by Vessel to Spain (Dollars per Thousand Cubic Feet),9.46,$/MCF,Spain
2022-12-01,NUS-NSP,ESP,EPG0,Natural Gas,EVE,Exports by Vessel,NGM_EPG0_EVE_NUS-NSP_DMCF,Price of  U.S. Liquefied Natural Gas Exports by Vessel to Spain (Dollars per Thousand Cubic Feet),16.77,$/MCF,Spain
2023-01-01,NUS-NSP,ESP,EPG0,Natural Gas,EVE,Exports by Vessel,NGM_EPG0_EVE_NUS-NSP_DMCF,Price of  U.S. Liquefied Natural Gas Exports by Vessel to Spain (Dollars per Thousand Cubic Feet),9.44,$/MCF,Spain
2023-02-01,NUS-NSP,ESP,EPG0,Natural Gas,EVE,Exports by Vessel,NGM_EPG0_EVE_NUS-NSP_DMCF,Price of  U.S. Liquefied Natural Gas Exports by Vessel to Spain (Dollars per Thousand Cubic Feet),7.88,$/MCF,Spain
2023-03-01,NUS-NSP,ESP,EPG0,Natural Gas,EVE,Exports by Vessel,NGM_EPG0_EVE_NUS-NSP_DMCF,Price of  U.S. Liquefied Natural Gas Exports by Vessel to Spain (Dollars per Thousand Cubic Feet),7.9,$/MCF,Spain
2023-04-01,NUS-NSP,ESP,EPG0,Natural Gas,EVE,Exports by Vessel,NGM_EPG0_EVE_NUS-NSP_DMCF,Price of  U.S. Liquefied Natural Gas Exports by Vessel to Spain (Dollars per Thousand Cubic Feet),8.18,$/MCF,Spain
2023-05-01,NUS-NSP,ESP,EPG0,Natural Gas,EVE,Exports by Vessel,NGM_EPG0_EVE_NUS-NSP_DMCF,Price of  U.S. Liquefied Natural Gas Exports by Vessel to Spain (Dollars per Thousand Cubic Feet),7.87,$/MCF,Spain
2023-06-01,NUS-NSP,ESP,EPG0,Natural Gas,EVE,Exports by Vessel,NGM_EPG0_EVE_NUS-NSP_DMCF,Price of  U.S. Liquefied Natural Gas Exports by Vessel to Spain (Dollars per Thousand Cubic Feet),11.16,$/MCF,Spain
2023-07-01,NUS-NSP,ESP,EPG0,Natural Gas,EVE,Exports by Vessel,NGM_EPG0_EVE_NUS-NSP_DMCF,Price of  U.S. Liquefied Natural Gas Exports by Vessel to Spain (Dollars per Thousand Cubic Feet),6.51,$/MCF,Spain
2023-08-01,NUS-NSP,ESP,EPG0,Natural Gas,EVE,Exports by Vessel,NGM_EPG0_EVE_NUS-NSP_DMCF,Price of  U.S. Liquefied Natural Gas Exports by Vessel to Spain (Dollars per Thousand Cubic Feet),7.15,$/MCF,Spain
2023-09-01,NUS-NSP,ESP,EPG0,Natural Gas,EVE,Exports by Vessel,NGM_EPG0_EVE_NUS-NSP_DMCF,Price of  U.S. Liquefied Natural Gas Exports by Vessel to Spain (Dollars per Thousand Cubic Feet),6.12,$/MCF,Spain
2023-10-01,NUS-NSP,ESP,EPG0,Natural Gas,EVE,Exports by Vessel,NGM_EPG0_EVE_NUS-NSP_DMCF,Price of  U.S. Liquefied Natural Gas Exports by Vessel to Spain (Dollars per Thousand Cubic Feet),7.0,$/MCF,Spain
2023-11-01,NUS-NSP,ESP,EPG0,Natural Gas,EVE,Exports by Vessel,NGM_EPG0_EVE_NUS-NSP_DMCF,Price of  U.S. Liquefied Natural Gas Exports by Vessel to Spain (Dollars per Thousand Cubic Feet),7.18,$/MCF,Spain
2023-12-01,NUS-NSP,ESP,EPG0,Natural Gas,EVE,Exports by Vessel,NGM_EPG0_EVE_NUS-NSP_DMCF,Price of  U.S. Liquefied Natural Gas Exports by Vessel to Spain (Dollars per Thousand Cubic Feet),6.49,$/MCF,Spain
2024-01-01,NUS-NSP,ESP,EPG0,Natural Gas,EVE,Exports by Vessel,NGM_EPG0_EVE_NUS-NSP_DMCF,Price of  U.S. Liquefied Natural Gas Exports by Vessel to Spain (Dollars per Thousand Cubic Feet),6.52,$/MCF,Spain
2024-02-01,NUS-NSP,ESP,EPG0,Natural Gas,EVE,Exports by Vessel,NGM_EPG0_EVE_NUS-NSP_DMCF,Price of  U.S. Liquefied Natural Gas Exports by Vessel to Spain (Dollars per Thousand Cubic Feet),6.2,$/MCF,Spain
2024-03-01,NUS-NSP,ESP,EPG0,Natural Gas,EVE,Exports by Vessel,NGM_EPG0_EVE_NUS-NSP_DMCF,Price of  U.S. Liquefied Natural Gas Exports by Vessel to Spain (Dollars per Thousand Cubic Feet),4.98,$/MCF,Spain
2024-04-01,NUS-NSP,ESP,EPG0,Natural Gas,EVE,Exports by Vessel,NGM_EPG0_EVE_NUS-NSP_DMCF,Price of  U.S. Liquefied Natural Gas Exports by Vessel to Spain (Dollars per Thousand Cubic Feet),4.91,$/MCF,Spain
2024-05-01,NUS-NSP,ESP,EPG0,Natural Gas,EVE,Exports by Vessel,NGM_EPG0_EVE_NUS-NSP_DMCF,Price of  U.S. Liquefied Natural Gas Exports by Vessel to Spain (Dollars per Thousand Cubic Feet),5.18,$/MCF,Spain
2024-06-01,NUS-NSP,ESP,EPG0,Natural Gas,EVE,Exports by Vessel,NGM_EPG0_EVE_NUS-NSP_DMCF,Price of  U.S. Liquefied Natural Gas Exports by Vessel to Spain (Dollars per Thousand Cubic Feet),5.67,$/MCF,Spain
2024-07-01,NUS-NSP,ESP,EPG0,Natural Gas,EVE,Exports by Vessel,NGM_EPG0_EVE_NUS-NSP_DMCF,Price of  U.S. Liquefied Natural Gas Exports by Vessel to Spain (Dollars per Thousand Cubic Feet),6.49,$/MCF,Spain
2024-08-01,NUS-NSP,ESP,EPG0,Natural Gas,EVE,Exports by Vessel,NGM_EPG0_EVE_NUS-NSP_DMCF,Price of  U.S. Liquefied Natural Gas Exports by Vessel to Spain (Dollars per Thousand Cubic Feet),5.13,$/MCF,Spain
2024-09-01,NUS-NSP,ESP,EPG0,Natural Gas,EVE,Exports by Vessel,NGM_EPG0_EVE_NUS-NSP_DMCF,Price of  U.S. Liquefied Natural Gas Exports by Vessel to Spain (Dollars per Thousand Cubic Feet),5.92,$/MCF,Spain
2024-10-01,NUS-NSP,ESP,EPG0,Natural Gas,EVE,Exports by Vessel,NGM_EPG0_EVE_NUS-NSP_DMCF,Price of  U.S. Liquefied Natural Gas Exports by Vessel to Spain (Dollars per Thousand Cubic Feet),6.47,$/MCF,Spain
2024-11-01,NUS-NSP,ESP,EPG0,Natural Gas,EVE,Exports by Vessel,NGM_EPG0_EVE_NUS-NSP_DMCF,Price of  U.S. Liquefied Natural Gas Exports by Vessel to Spain (Dollars per Thousand Cubic Feet),5.31,$/MCF,Spain
2024-12-01,NUS-NSP,ESP,EPG0,Natural Gas,EVE,Exports by Vessel,NGM_EPG0_EVE_NUS-NSP_DMCF,Price of  U.S. Liquefied Natural Gas Exports by Vessel to Spain (Dollars per Thousand Cubic Feet),8.62,$/MCF,Spain
2025-01-01,NUS-NSP,ESP,EPG0,Natural Gas,EVE,Exports by Vessel,NGM_EPG0_EVE_NUS-NSP_DMCF,Price of  U.S. Liquefied Natural Gas Exports by Vessel to Spain (Dollars per Thousand Cubic Feet),9.34,$/MCF,Spain
2025-02-01,NUS-NSP,ESP,EPG0,Natural Gas,EVE,Exports by Vessel,NGM_EPG0_EVE_NUS-NSP_DMCF,Price of  U.S. Liquefied Natural Gas Exports by Vessel to Spain (Dollars per Thousand Cubic Feet),7.91,$/MCF,Spain
2025-03-01,NUS-NSP,ESP,EPG0,Natural Gas,EVE,Exports by Vessel,NGM_EPG0_EVE_NUS-NSP_DMCF,Price of  U.S. Liquefied Natural Gas Exports by Vessel to Spain (Dollars per Thousand Cubic Feet),9.41,$/MCF,Spain
2025-04-01,NUS-NSP,ESP,EPG0,Natural Gas,EVE,Exports by Vessel,NGM_EPG0_EVE_NUS-NSP_DMCF,Price of  U.S. Liquefied Natural Gas Exports by Vessel to Spain (Dollars per Thousand Cubic Feet),7.86,$/MCF,Spain
2025-05-01,NUS-NSP,ESP,EPG0,Natural Gas,EVE,Exports by Vessel,NGM_EPG0_EVE_NUS-NSP_DMCF,Price of  U.S. Liquefied Natural Gas Exports by Vessel to Spain (Dollars per Thousand Cubic Feet),6.87,$/MCF,Spain
2025-06-01,NUS-NSP,ESP,EPG0,Natural Gas,EVE,Exports by Vessel,NGM_EPG0_EVE_NUS-NSP_DMCF,Price of  U.S. Liquefied Natural Gas Exports by Vessel to Spain (Dollars per Thousand Cubic Feet),8.16,$/MCF,Spain
2025-07-01,NUS-NSP,ESP,EPG0,Natural Gas,EVE,Exports by Vessel,NGM_EPG0_EVE_NUS-NSP_DMCF,Price of  U.S. Liquefied Natural Gas Exports by Vessel to Spain (Dollars per Thousand Cubic Feet),7.09,$/MCF,Spain
2025-08-01,NUS-NSP,ESP,EPG0,Natural Gas,EVE,Exports by Vessel,NGM_EPG0_EVE_NUS-NSP_DMCF,Price of  U.S. Liquefied Natural Gas Exports by Vessel to Spain (Dollars per Thousand Cubic Feet),6.69,$/MCF,Spain
2025-09-01,NUS-NSP,ESP,EPG0,Natural Gas,EVE,Exports by Vessel,NGM_EPG0_EVE_NUS-NSP_DMCF,Price of  U.S. Liquefied Natural Gas Exports by Vessel to Spain (Dollars per Thousand Cubic Feet),6.03,$/MCF,Spain
2025-10-01,NUS-NSP,ESP,EPG0,Natural Gas,EVE,Exports by Vessel,NGM_EPG0_EVE_NUS-NSP_DMCF,Price of  U.S. Liquefied Natural Gas Exports by Vessel to Spain (Dollars per Thousand Cubic Feet),7.08,$/MCF,Spain
2025-11-01,NUS-NSP,ESP,EPG0,Natural Gas,EVE,Exports by Vessel,NGM_EPG0_EVE_NUS-NSP_DMCF,Price of  U.S. Liquefied Natural Gas Exports by Vessel to Spain (Dollars per Thousand Cubic Feet),7.24,$/MCF,Spain
2025-12-01,NUS-NSP,ESP,EPG0,Natural Gas,EVE,Exports by Vessel,NGM_EPG0_EVE_NUS-NSP_DMCF,Price of  U.S. Liquefied Natural Gas Exports by Vessel to Spain (Dollars per Thousand Cubic Feet),8.12,$/MCF,Spain
2026-01-01,NUS-NSP,ESP,EPG0,Natural Gas,EVE,Exports by Vessel,NGM_EPG0_EVE_NUS-NSP_DMCF,Price of  U.S. Liquefied Natural Gas Exports by Vessel to Spain (Dollars per Thousand Cubic Feet),8.36,$/MCF,Spain
2018-01-01,NUS-NBE,BEL,EPG0,Natural Gas,EVE,Exports by Vessel,NGM_EPG0_EVE_NUS-NBE_DMCF,Price of Liquefied U.S. Natural Gas Exports by Vessel to Belgium (Dollars per Thousand Cubic Feet),,$/MCF,Belgium
2018-02-01,NUS-NBE,BEL,EPG0,Natural Gas,EVE,Exports by Vessel,NGM_EPG0_EVE_NUS-NBE_DMCF,Price of Liquefied U.S. Natural Gas Exports by Vessel to Belgium (Dollars per Thousand Cubic Feet),,$/MCF,Belgium
2018-03-01,NUS-NBE,BEL,EPG0,Natural Gas,EVE,Exports by Vessel,NGM_EPG0_EVE_NUS-NBE_DMCF,Price of Liquefied U.S. Natural Gas Exports by Vessel to Belgium (Dollars per Thousand Cubic Feet),,$/MCF,Belgium
2018-04-01,NUS-NBE,BEL,EPG0,Natural Gas,EVE,Exports by Vessel,NGM_EPG0_EVE_NUS-NBE_DMCF,Price of Liquefied U.S. Natural Gas Exports by Vessel to Belgium (Dollars per Thousand Cubic Feet),,$/MCF,Belgium
2018-05-01,NUS-NBE,BEL,EPG0,Natural Gas,EVE,Exports by Vessel,NGM_EPG0_EVE_NUS-NBE_DMCF,Price of Liquefied U.S. Natural Gas Exports by Vessel to Belgium (Dollars per Thousand Cubic Feet),,$/MCF,Belgium
2018-06-01,NUS-NBE,BEL,EPG0,Natural Gas,EVE,Exports by Vessel,NGM_EPG0_EVE_NUS-NBE_DMCF,Price of Liquefied U.S. Natural Gas Exports by Vessel to Belgium (Dollars per Thousand Cubic Feet),,$/MCF,Belgium
2018-07-01,NUS-NBE,BEL,EPG0,Natural Gas,EVE,Exports by Vessel,NGM_EPG0_EVE_NUS-NBE_DMCF,Price of Liquefied U.S. Natural Gas Exports by Vessel to Belgium (Dollars per Thousand Cubic Feet),,$/MCF,Belgium
2018-08-01,NUS-NBE,BEL,EPG0,Natural Gas,EVE,Exports by Vessel,NGM_EPG0_EVE_NUS-NBE_DMCF,Price of Liquefied U.S. Natural Gas Exports by Vessel to Belgium (Dollars per Thousand Cubic Feet),,$/MCF,Belgium
2018-09-01,NUS-NBE,BEL,EPG0,Natural Gas,EVE,Exports by Vessel,NGM_EPG0_EVE_NUS-NBE_DMCF,Price of Liquefied U.S. Natural Gas Exports by Vessel to Belgium (Dollars per Thousand Cubic Feet),,$/MCF,Belgium
2018-10-01,NUS-NBE,BEL,EPG0,Natural Gas,EVE,Exports by Vessel,NGM_EPG0_EVE_NUS-NBE_DMCF,Price of Liquefied U.S. Natural Gas Exports by Vessel to Belgium (Dollars per Thousand Cubic Feet),,$/MCF,Belgium
2018-11-01,NUS-NBE,BEL,EPG0,Natural Gas,EVE,Exports by Vessel,NGM_EPG0_EVE_NUS-NBE_DMCF,Price of Liquefied U.S. Natural Gas Exports by Vessel to Belgium (Dollars per Thousand Cubic Feet),,$/MCF,Belgium
2018-12-01,NUS-NBE,BEL,EPG0,Natural Gas,EVE,Exports by Vessel,NGM_EPG0_EVE_NUS-NBE_DMCF,Price of Liquefied U.S. Natural Gas Exports by Vessel to Belgium (Dollars per Thousand Cubic Feet),,$/MCF,Belgium
2019-01-01,NUS-NBE,BEL,EPG0,Natural Gas,EVE,Exports by Vessel,NGM_EPG0_EVE_NUS-NBE_DMCF,Price of Liquefied U.S. Natural Gas Exports by Vessel to Belgium (Dollars per Thousand Cubic Feet),,$/MCF,Belgium
2019-02-01,NUS-NBE,BEL,EPG0,Natural Gas,EVE,Exports by Vessel,NGM_EPG0_EVE_NUS-NBE_DMCF,Price of Liquefied U.S. Natural Gas Exports by Vessel to Belgium (Dollars per Thousand Cubic Feet),,$/MCF,Belgium
2019-03-01,NUS-NBE,BEL,EPG0,Natural Gas,EVE,Exports by Vessel,NGM_EPG0_EVE_NUS-NBE_DMCF,Price of Liquefied U.S. Natural Gas Exports by Vessel to Belgium (Dollars per Thousand Cubic Feet),6.72,$/MCF,Belgium
2019-04-01,NUS-NBE,BEL,EPG0,Natural Gas,EVE,Exports by Vessel,NGM_EPG0_EVE_NUS-NBE_DMCF,Price of Liquefied U.S. Natural Gas Exports by Vessel to Belgium (Dollars per Thousand Cubic Feet),,$/MCF,Belgium
2019-05-01,NUS-NBE,BEL,EPG0,Natural Gas,EVE,Exports by Vessel,NGM_EPG0_EVE_NUS-NBE_DMCF,Price of Liquefied U.S. Natural Gas Exports by Vessel to Belgium (Dollars per Thousand Cubic Feet),,$/MCF,Belgium
2019-06-01,NUS-NBE,BEL,EPG0,Natural Gas,EVE,Exports by Vessel,NGM_EPG0_EVE_NUS-NBE_DMCF,Price of Liquefied U.S. Natural Gas Exports by Vessel to Belgium (Dollars per Thousand Cubic Feet),,$/MCF,Belgium
2019-07-01,NUS-NBE,BEL,EPG0,Natural Gas,EVE,Exports by Vessel,NGM_EPG0_EVE_NUS-NBE_DMCF,Price of Liquefied U.S. Natural Gas Exports by Vessel to Belgium (Dollars per Thousand Cubic Feet),,$/MCF,Belgium
2019-08-01,NUS-NBE,BEL,EPG0,Natural Gas,EVE,Exports by Vessel,NGM_EPG0_EVE_NUS-NBE_DMCF,Price of Liquefied U.S. Natural Gas Exports by Vessel to Belgium (Dollars per Thousand Cubic Feet),,$/MCF,Belgium
2019-09-01,NUS-NBE,BEL,EPG0,Natural Gas,EVE,Exports by Vessel,NGM_EPG0_EVE_NUS-NBE_DMCF,Price of Liquefied U.S. Natural Gas Exports by Vessel to Belgium (Dollars per Thousand Cubic Feet),5.93,$/MCF,Belgium
2019-10-01,NUS-NBE,BEL,EPG0,Natural Gas,EVE,Exports by Vessel,NGM_EPG0_EVE_NUS-NBE_DMCF,Price of Liquefied U.S. Natural Gas Exports by Vessel to Belgium (Dollars per Thousand Cubic Feet),3.47,$/MCF,Belgium
2019-11-01,NUS-NBE,BEL,EPG0,Natural Gas,EVE,Exports by Vessel,NGM_EPG0_EVE_NUS-NBE_DMCF,Price of Liquefied U.S. Natural Gas Exports by Vessel to Belgium (Dollars per Thousand Cubic Feet),6.22,$/MCF,Belgium
2019-12-01,NUS-NBE,BEL,EPG0,Natural Gas,EVE,Exports by Vessel,NGM_EPG0_EVE_NUS-NBE_DMCF,Price of Liquefied U.S. Natural Gas Exports by Vessel to Belgium (Dollars per Thousand Cubic Feet),4.17,$/MCF,Belgium
2020-01-01,NUS-NBE,BEL,EPG0,Natural Gas,EVE,Exports by Vessel,NGM_EPG0_EVE_NUS-NBE_DMCF,Price of Liquefied U.S. Natural Gas Exports by Vessel to Belgium (Dollars per Thousand Cubic Feet),4.27,$/MCF,Belgium
2020-02-01,NUS-NBE,BEL,EPG0,Natural Gas,EVE,Exports by Vessel,NGM_EPG0_EVE_NUS-NBE_DMCF,Price of Liquefied U.S. Natural Gas Exports by Vessel to Belgium (Dollars per Thousand Cubic Feet),3.68,$/MCF,Belgium
2020-03-01,NUS-NBE,BEL,EPG0,Natural Gas,EVE,Exports by Vessel,NGM_EPG0_EVE_NUS-NBE_DMCF,Price of Liquefied U.S. Natural Gas Exports by Vessel to Belgium (Dollars per Thousand Cubic Feet),2.17,$/MCF,Belgium
2020-04-01,NUS-NBE,BEL,EPG0,Natural Gas,EVE,Exports by Vessel,NGM_EPG0_EVE_NUS-NBE_DMCF,Price of Liquefied U.S. Natural Gas Exports by Vessel to Belgium (Dollars per Thousand Cubic Feet),3.38,$/MCF,Belgium
2020-05-01,NUS-NBE,BEL,EPG0,Natural Gas,EVE,Exports by Vessel,NGM_EPG0_EVE_NUS-NBE_DMCF,Price of Liquefied U.S. Natural Gas Exports by Vessel to Belgium (Dollars per Thousand Cubic Feet),5.28,$/MCF,Belgium
2020-06-01,NUS-NBE,BEL,EPG0,Natural Gas,EVE,Exports by Vessel,NGM_EPG0_EVE_NUS-NBE_DMCF,Price of Liquefied U.S. Natural Gas Exports by Vessel to Belgium (Dollars per Thousand Cubic Feet),,$/MCF,Belgium
2020-07-01,NUS-NBE,BEL,EPG0,Natural Gas,EVE,Exports by Vessel,NGM_EPG0_EVE_NUS-NBE_DMCF,Price of Liquefied U.S. Natural Gas Exports by Vessel to Belgium (Dollars per Thousand Cubic Feet),,$/MCF,Belgium
2020-08-01,NUS-NBE,BEL,EPG0,Natural Gas,EVE,Exports by Vessel,NGM_EPG0_EVE_NUS-NBE_DMCF,Price of Liquefied U.S. Natural Gas Exports by Vessel to Belgium (Dollars per Thousand Cubic Feet),,$/MCF,Belgium
2020-09-01,NUS-NBE,BEL,EPG0,Natural Gas,EVE,Exports by Vessel,NGM_EPG0_EVE_NUS-NBE_DMCF,Price of Liquefied U.S. Natural Gas Exports by Vessel to Belgium (Dollars per Thousand Cubic Feet),,$/MCF,Belgium
2020-10-01,NUS-NBE,BEL,EPG0,Natural Gas,EVE,Exports by Vessel,NGM_EPG0_EVE_NUS-NBE_DMCF,Price of Liquefied U.S. Natural Gas Exports by Vessel to Belgium (Dollars per Thousand Cubic Feet),5.63,$/MCF,Belgium
2020-11-01,NUS-NBE,BEL,EPG0,Natural Gas,EVE,Exports by Vessel,NGM_EPG0_EVE_NUS-NBE_DMCF,Price of Liquefied U.S. Natural Gas Exports by Vessel to Belgium (Dollars per Thousand Cubic Feet),7.24,$/MCF,Belgium
2020-12-01,NUS-NBE,BEL,EPG0,Natural Gas,EVE,Exports by Vessel,NGM_EPG0_EVE_NUS-NBE_DMCF,Price of Liquefied U.S. Natural Gas Exports by Vessel to Belgium (Dollars per Thousand Cubic Feet),,$/MCF,Belgium
2021-01-01,NUS-NBE,BEL,EPG0,Natural Gas,EVE,Exports by Vessel,NGM_EPG0_EVE_NUS-NBE_DMCF,Price of Liquefied U.S. Natural Gas Exports by Vessel to Belgium (Dollars per Thousand Cubic Feet),,$/MCF,Belgium
2021-02-01,NUS-NBE,BEL,EPG0,Natural Gas,EVE,Exports by Vessel,NGM_EPG0_EVE_NUS-NBE_DMCF,Price of Liquefied U.S. Natural Gas Exports by Vessel to Belgium (Dollars per Thousand Cubic Feet),,$/MCF,Belgium
2021-03-01,NUS-NBE,BEL,EPG0,Natural Gas,EVE,Exports by Vessel,NGM_EPG0_EVE_NUS-NBE_DMCF,Price of Liquefied U.S. Natural Gas Exports by Vessel to Belgium (Dollars per Thousand Cubic Feet),4.65,$/MCF,Belgium
2021-04-01,NUS-NBE,BEL,EPG0,Natural Gas,EVE,Exports by Vessel,NGM_EPG0_EVE_NUS-NBE_DMCF,Price of Liquefied U.S. Natural Gas Exports by Vessel to Belgium (Dollars per Thousand Cubic Feet),,$/MCF,Belgium
2021-05-01,NUS-NBE,BEL,EPG0,Natural Gas,EVE,Exports by Vessel,NGM_EPG0_EVE_NUS-NBE_DMCF,Price of Liquefied U.S. Natural Gas Exports by Vessel to Belgium (Dollars per Thousand Cubic Feet),7.35,$/MCF,Belgium
2021-06-01,NUS-NBE,BEL,EPG0,Natural Gas,EVE,Exports by Vessel,NGM_EPG0_EVE_NUS-NBE_DMCF,Price of Liquefied U.S. Natural Gas Exports by Vessel to Belgium (Dollars per Thousand Cubic Feet),,$/MCF,Belgium
2021-07-01,NUS-NBE,BEL,EPG0,Natural Gas,EVE,Exports by Vessel,NGM_EPG0_EVE_NUS-NBE_DMCF,Price of Liquefied U.S. Natural Gas Exports by Vessel to Belgium (Dollars per Thousand Cubic Feet),,$/MCF,Belgium
2021-08-01,NUS-NBE,BEL,EPG0,Natural Gas,EVE,Exports by Vessel,NGM_EPG0_EVE_NUS-NBE_DMCF,Price of Liquefied U.S. Natural Gas Exports by Vessel to Belgium (Dollars per Thousand Cubic Feet),,$/MCF,Belgium
2021-09-01,NUS-NBE,BEL,EPG0,Natural Gas,EVE,Exports by Vessel,NGM_EPG0_EVE_NUS-NBE_DMCF,Price of Liquefied U.S. Natural Gas Exports by Vessel to Belgium (Dollars per Thousand Cubic Feet),,$/MCF,Belgium
2021-10-01,NUS-NBE,BEL,EPG0,Natural Gas,EVE,Exports by Vessel,NGM_EPG0_EVE_NUS-NBE_DMCF,Price of Liquefied U.S. Natural Gas Exports by Vessel to Belgium (Dollars per Thousand Cubic Feet),,$/MCF,Belgium
2021-11-01,NUS-NBE,BEL,EPG0,Natural Gas,EVE,Exports by Vessel,NGM_EPG0_EVE_NUS-NBE_DMCF,Price of Liquefied U.S. Natural Gas Exports by Vessel to Belgium (Dollars per Thousand Cubic Feet),,$/MCF,Belgium
2021-12-01,NUS-NBE,BEL,EPG0,Natural Gas,EVE,Exports by Vessel,NGM_EPG0_EVE_NUS-NBE_DMCF,Price of Liquefied U.S. Natural Gas Exports by Vessel to Belgium (Dollars per Thousand Cubic Feet),,$/MCF,Belgium
2022-01-01,NUS-NBE,BEL,EPG0,Natural Gas,EVE,Exports by Vessel,NGM_EPG0_EVE_NUS-NBE_DMCF,Price of Liquefied U.S. Natural Gas Exports by Vessel to Belgium (Dollars per Thousand Cubic Feet),9.33,$/MCF,Belgium
2022-02-01,NUS-NBE,BEL,EPG0,Natural Gas,EVE,Exports by Vessel,NGM_EPG0_EVE_NUS-NBE_DMCF,Price of Liquefied U.S. Natural Gas Exports by Vessel to Belgium (Dollars per Thousand Cubic Feet),10.13,$/MCF,Belgium
2022-03-01,NUS-NBE,BEL,EPG0,Natural Gas,EVE,Exports by Vessel,NGM_EPG0_EVE_NUS-NBE_DMCF,Price of Liquefied U.S. Natural Gas Exports by Vessel to Belgium (Dollars per Thousand Cubic Feet),13.83,$/MCF,Belgium
2022-04-01,NUS-NBE,BEL,EPG0,Natural Gas,EVE,Exports by Vessel,NGM_EPG0_EVE_NUS-NBE_DMCF,Price of Liquefied U.S. Natural Gas Exports by Vessel to Belgium (Dollars per Thousand Cubic Feet),8.29,$/MCF,Belgium
2022-05-01,NUS-NBE,BEL,EPG0,Natural Gas,EVE,Exports by Vessel,NGM_EPG0_EVE_NUS-NBE_DMCF,Price of Liquefied U.S. Natural Gas Exports by Vessel to Belgium (Dollars per Thousand Cubic Feet),11.83,$/MCF,Belgium
2022-06-01,NUS-NBE,BEL,EPG0,Natural Gas,EVE,Exports by Vessel,NGM_EPG0_EVE_NUS-NBE_DMCF,Price of Liquefied U.S. Natural Gas Exports by Vessel to Belgium (Dollars per Thousand Cubic Feet),12.81,$/MCF,Belgium
2022-07-01,NUS-NBE,BEL,EPG0,Natural Gas,EVE,Exports by Vessel,NGM_EPG0_EVE_NUS-NBE_DMCF,Price of Liquefied U.S. Natural Gas Exports by Vessel to Belgium (Dollars per Thousand Cubic Feet),,$/MCF,Belgium
2022-08-01,NUS-NBE,BEL,EPG0,Natural Gas,EVE,Exports by Vessel,NGM_EPG0_EVE_NUS-NBE_DMCF,Price of Liquefied U.S. Natural Gas Exports by Vessel to Belgium (Dollars per Thousand Cubic Feet),13.94,$/MCF,Belgium
2022-09-01,NUS-NBE,BEL,EPG0,Natural Gas,EVE,Exports by Vessel,NGM_EPG0_EVE_NUS-NBE_DMCF,Price of Liquefied U.S. Natural Gas Exports by Vessel to Belgium (Dollars per Thousand Cubic Feet),13.42,$/MCF,Belgium
2022-10-01,NUS-NBE,BEL,EPG0,Natural Gas,EVE,Exports by Vessel,NGM_EPG0_EVE_NUS-NBE_DMCF,Price of Liquefied U.S. Natural Gas Exports by Vessel to Belgium (Dollars per Thousand Cubic Feet),22.74,$/MCF,Belgium
2022-11-01,NUS-NBE,BEL,EPG0,Natural Gas,EVE,Exports by Vessel,NGM_EPG0_EVE_NUS-NBE_DMCF,Price of Liquefied U.S. Natural Gas Exports by Vessel to Belgium (Dollars per Thousand Cubic Feet),,$/MCF,Belgium
2022-12-01,NUS-NBE,BEL,EPG0,Natural Gas,EVE,Exports by Vessel,NGM_EPG0_EVE_NUS-NBE_DMCF,Price of Liquefied U.S. Natural Gas Exports by Vessel to Belgium (Dollars per Thousand Cubic Feet),9.35,$/MCF,Belgium
2023-01-01,NUS-NBE,BEL,EPG0,Natural Gas,EVE,Exports by Vessel,NGM_EPG0_EVE_NUS-NBE_DMCF,Price of Liquefied U.S. Natural Gas Exports by Vessel to Belgium (Dollars per Thousand Cubic Feet),8.36,$/MCF,Belgium
2023-02-01,NUS-NBE,BEL,EPG0,Natural Gas,EVE,Exports by Vessel,NGM_EPG0_EVE_NUS-NBE_DMCF,Price of Liquefied U.S. Natural Gas Exports by Vessel to Belgium (Dollars per Thousand Cubic Feet),8.16,$/MCF,Belgium
2023-03-01,NUS-NBE,BEL,EPG0,Natural Gas,EVE,Exports by Vessel,NGM_EPG0_EVE_NUS-NBE_DMCF,Price of Liquefied U.S. Natural Gas Exports by Vessel to Belgium (Dollars per Thousand Cubic Feet),12.64,$/MCF,Belgium
2023-04-01,NUS-NBE,BEL,EPG0,Natural Gas,EVE,Exports by Vessel,NGM_EPG0_EVE_NUS-NBE_DMCF,Price of Liquefied U.S. Natural Gas Exports by Vessel to Belgium (Dollars per Thousand Cubic Feet),5.34,$/MCF,Belgium
2023-05-01,NUS-NBE,BEL,EPG0,Natural Gas,EVE,Exports by Vessel,NGM_EPG0_EVE_NUS-NBE_DMCF,Price of Liquefied U.S. Natural Gas Exports by Vessel to Belgium (Dollars per Thousand Cubic Feet),4.57,$/MCF,Belgium
2023-06-01,NUS-NBE,BEL,EPG0,Natural Gas,EVE,Exports by Vessel,NGM_EPG0_EVE_NUS-NBE_DMCF,Price of Liquefied U.S. Natural Gas Exports by Vessel to Belgium (Dollars per Thousand Cubic Feet),5.2,$/MCF,Belgium
2023-07-01,NUS-NBE,BEL,EPG0,Natural Gas,EVE,Exports by Vessel,NGM_EPG0_EVE_NUS-NBE_DMCF,Price of Liquefied U.S. Natural Gas Exports by Vessel to Belgium (Dollars per Thousand Cubic Feet),,$/MCF,Belgium
2023-08-01,NUS-NBE,BEL,EPG0,Natural Gas,EVE,Exports by Vessel,NGM_EPG0_EVE_NUS-NBE_DMCF,Price of Liquefied U.S. Natural Gas Exports by Vessel to Belgium (Dollars per Thousand Cubic Feet),2.98,$/MCF,Belgium
2023-09-01,NUS-NBE,BEL,EPG0,Natural Gas,EVE,Exports by Vessel,NGM_EPG0_EVE_NUS-NBE_DMCF,Price of Liquefied U.S. Natural Gas Exports by Vessel to Belgium (Dollars per Thousand Cubic Feet),5.53,$/MCF,Belgium
2023-10-01,NUS-NBE,BEL,EPG0,Natural Gas,EVE,Exports by Vessel,NGM_EPG0_EVE_NUS-NBE_DMCF,Price of Liquefied U.S. Natural Gas Exports by Vessel to Belgium (Dollars per Thousand Cubic Feet),6.25,$/MCF,Belgium
2023-11-01,NUS-NBE,BEL,EPG0,Natural Gas,EVE,Exports by Vessel,NGM_EPG0_EVE_NUS-NBE_DMCF,Price of Liquefied U.S. Natural Gas Exports by Vessel to Belgium (Dollars per Thousand Cubic Feet),7.16,$/MCF,Belgium
2023-12-01,NUS-NBE,BEL,EPG0,Natural Gas,EVE,Exports by Vessel,NGM_EPG0_EVE_NUS-NBE_DMCF,Price of Liquefied U.S. Natural Gas Exports by Vessel to Belgium (Dollars per Thousand Cubic Feet),6.14,$/MCF,Belgium
2024-01-01,NUS-NBE,BEL,EPG0,Natural Gas,EVE,Exports by Vessel,NGM_EPG0_EVE_NUS-NBE_DMCF,Price of Liquefied U.S. Natural Gas Exports by Vessel to Belgium (Dollars per Thousand Cubic Feet),6.63,$/MCF,Belgium
2024-02-01,NUS-NBE,BEL,EPG0,Natural Gas,EVE,Exports by Vessel,NGM_EPG0_EVE_NUS-NBE_DMCF,Price of Liquefied U.S. Natural Gas Exports by Vessel to Belgium (Dollars per Thousand Cubic Feet),5.89,$/MCF,Belgium
2024-03-01,NUS-NBE,BEL,EPG0,Natural Gas,EVE,Exports by Vessel,NGM_EPG0_EVE_NUS-NBE_DMCF,Price of Liquefied U.S. Natural Gas Exports by Vessel to Belgium (Dollars per Thousand Cubic Feet),5.29,$/MCF,Belgium
2024-04-01,NUS-NBE,BEL,EPG0,Natural Gas,EVE,Exports by Vessel,NGM_EPG0_EVE_NUS-NBE_DMCF,Price of Liquefied U.S. Natural Gas Exports by Vessel to Belgium (Dollars per Thousand Cubic Feet),5.17,$/MCF,Belgium
2024-05-01,NUS-NBE,BEL,EPG0,Natural Gas,EVE,Exports by Vessel,NGM_EPG0_EVE_NUS-NBE_DMCF,Price of Liquefied U.S. Natural Gas Exports by Vessel to Belgium (Dollars per Thousand Cubic Feet),,$/MCF,Belgium
2024-06-01,NUS-NBE,BEL,EPG0,Natural Gas,EVE,Exports by Vessel,NGM_EPG0_EVE_NUS-NBE_DMCF,Price of Liquefied U.S. Natural Gas Exports by Vessel to Belgium (Dollars per Thousand Cubic Feet),,$/MCF,Belgium
2024-07-01,NUS-NBE,BEL,EPG0,Natural Gas,EVE,Exports by Vessel,NGM_EPG0_EVE_NUS-NBE_DMCF,Price of Liquefied U.S. Natural Gas Exports by Vessel to Belgium (Dollars per Thousand Cubic Feet),,$/MCF,Belgium
2024-08-01,NUS-NBE,BEL,EPG0,Natural Gas,EVE,Exports by Vessel,NGM_EPG0_EVE_NUS-NBE_DMCF,Price of Liquefied U.S. Natural Gas Exports by Vessel to Belgium (Dollars per Thousand Cubic Feet),,$/MCF,Belgium
2024-09-01,NUS-NBE,BEL,EPG0,Natural Gas,EVE,Exports by Vessel,NGM_EPG0_EVE_NUS-NBE_DMCF,Price of Liquefied U.S. Natural Gas Exports by Vessel to Belgium (Dollars per Thousand Cubic Feet),5.53,$/MCF,Belgium
2024-10-01,NUS-NBE,BEL,EPG0,Natural Gas,EVE,Exports by Vessel,NGM_EPG0_EVE_NUS-NBE_DMCF,Price of Liquefied U.S. Natural Gas Exports by Vessel to Belgium (Dollars per Thousand Cubic Feet),11.58,$/MCF,Belgium
2024-11-01,NUS-NBE,BEL,EPG0,Natural Gas,EVE,Exports by Vessel,NGM_EPG0_EVE_NUS-NBE_DMCF,Price of Liquefied U.S. Natural Gas Exports by Vessel to Belgium (Dollars per Thousand Cubic Feet),,$/MCF,Belgium
2024-12-01,NUS-NBE,BEL,EPG0,Natural Gas,EVE,Exports by Vessel,NGM_EPG0_EVE_NUS-NBE_DMCF,Price of Liquefied U.S. Natural Gas Exports by Vessel to Belgium (Dollars per Thousand Cubic Feet),,$/MCF,Belgium
2025-01-01,NUS-NBE,BEL,EPG0,Natural Gas,EVE,Exports by Vessel,NGM_EPG0_EVE_NUS-NBE_DMCF,Price of Liquefied U.S. Natural Gas Exports by Vessel to Belgium (Dollars per Thousand Cubic Feet),6.92,$/MCF,Belgium
2025-02-01,NUS-NBE,BEL,EPG0,Natural Gas,EVE,Exports by Vessel,NGM_EPG0_EVE_NUS-NBE_DMCF,Price of Liquefied U.S. Natural Gas Exports by Vessel to Belgium (Dollars per Thousand Cubic Feet),13.11,$/MCF,Belgium
2025-03-01,NUS-NBE,BEL,EPG0,Natural Gas,EVE,Exports by Vessel,NGM_EPG0_EVE_NUS-NBE_DMCF,Price of Liquefied U.S. Natural Gas Exports by Vessel to Belgium (Dollars per Thousand Cubic Feet),10.26,$/MCF,Belgium
2025-04-01,NUS-NBE,BEL,EPG0,Natural Gas,EVE,Exports by Vessel,NGM_EPG0_EVE_NUS-NBE_DMCF,Price of Liquefied U.S. Natural Gas Exports by Vessel to Belgium (Dollars per Thousand Cubic Feet),12.44,$/MCF,Belgium
2025-05-01,NUS-NBE,BEL,EPG0,Natural Gas,EVE,Exports by Vessel,NGM_EPG0_EVE_NUS-NBE_DMCF,Price of Liquefied U.S. Natural Gas Exports by Vessel to Belgium (Dollars per Thousand Cubic Feet),9.27,$/MCF,Belgium
2025-06-01,NUS-NBE,BEL,EPG0,Natural Gas,EVE,Exports by Vessel,NGM_EPG0_EVE_NUS-NBE_DMCF,Price of Liquefied U.S. Natural Gas Exports by Vessel to Belgium (Dollars per Thousand Cubic Feet),9.73,$/MCF,Belgium
2025-07-01,NUS-NBE,BEL,EPG0,Natural Gas,EVE,Exports by Vessel,NGM_EPG0_EVE_NUS-NBE_DMCF,Price of Liquefied U.S. Natural Gas Exports by Vessel to Belgium (Dollars per Thousand Cubic Feet),7.96,$/MCF,Belgium
2025-08-01,NUS-NBE,BEL,EPG0,Natural Gas,EVE,Exports by Vessel,NGM_EPG0_EVE_NUS-NBE_DMCF,Price of Liquefied U.S. Natural Gas Exports by Vessel to Belgium (Dollars per Thousand Cubic Feet),7.96,$/MCF,Belgium
2025-09-01,NUS-NBE,BEL,EPG0,Natural Gas,EVE,Exports by Vessel,NGM_EPG0_EVE_NUS-NBE_DMCF,Price of Liquefied U.S. Natural Gas Exports by Vessel to Belgium (Dollars per Thousand Cubic Feet),7.85,$/MCF,Belgium
2025-10-01,NUS-NBE,BEL,EPG0,Natural Gas,EVE,Exports by Vessel,NGM_EPG0_EVE_NUS-NBE_DMCF,Price of Liquefied U.S. Natural Gas Exports by Vessel to Belgium (Dollars per Thousand Cubic Feet),8.85,$/MCF,Belgium
2025-11-01,NUS-NBE,BEL,EPG0,Natural Gas,EVE,Exports by Vessel,NGM_EPG0_EVE_NUS-NBE_DMCF,Price of Liquefied U.S. Natural Gas Exports by Vessel to Belgium (Dollars per Thousand Cubic Feet),9.97,$/MCF,Belgium
2025-12-01,NUS-NBE,BEL,EPG0,Natural Gas,EVE,Exports by Vessel,NGM_EPG0_EVE_NUS-NBE_DMCF,Price of Liquefied U.S. Natural Gas Exports by Vessel to Belgium (Dollars per Thousand Cubic Feet),10.62,$/MCF,Belgium
2026-01-01,NUS-NBE,BEL,EPG0,Natural Gas,EVE,Exports by Vessel,NGM_EPG0_EVE_NUS-NBE_DMCF,Price of Liquefied U.S. Natural Gas Exports by Vessel to Belgium (Dollars per Thousand Cubic Feet),9.76,$/MCF,Belgium
2018-01-01,NUS-NIT,ITA,EPG0,Natural Gas,EVE,Exports by Vessel,NGM_EPG0_EVE_NUS-NIT_DMCF,Price of Liquefied U.S. Natural Gas Exports by Vessel to Italy (Dollars per Thousand Cubic Feet),,$/MCF,Italy
2018-02-01,NUS-NIT,ITA,EPG0,Natural Gas,EVE,Exports by Vessel,NGM_EPG0_EVE_NUS-NIT_DMCF,Price of Liquefied U.S. Natural Gas Exports by Vessel to Italy (Dollars per Thousand Cubic Feet),,$/MCF,Italy
2018-03-01,NUS-NIT,ITA,EPG0,Natural Gas,EVE,Exports by Vessel,NGM_EPG0_EVE_NUS-NIT_DMCF,Price of Liquefied U.S. Natural Gas Exports by Vessel to Italy (Dollars per Thousand Cubic Feet),,$/MCF,Italy
2018-04-01,NUS-NIT,ITA,EPG0,Natural Gas,EVE,Exports by Vessel,NGM_EPG0_EVE_NUS-NIT_DMCF,Price of Liquefied U.S. Natural Gas Exports by Vessel to Italy (Dollars per Thousand Cubic Feet),,$/MCF,Italy
2018-05-01,NUS-NIT,ITA,EPG0,Natural Gas,EVE,Exports by Vessel,NGM_EPG0_EVE_NUS-NIT_DMCF,Price of Liquefied U.S. Natural Gas Exports by Vessel to Italy (Dollars per Thousand Cubic Feet),,$/MCF,Italy
2018-06-01,NUS-NIT,ITA,EPG0,Natural Gas,EVE,Exports by Vessel,NGM_EPG0_EVE_NUS-NIT_DMCF,Price of Liquefied U.S. Natural Gas Exports by Vessel to Italy (Dollars per Thousand Cubic Feet),,$/MCF,Italy
2018-07-01,NUS-NIT,ITA,EPG0,Natural Gas,EVE,Exports by Vessel,NGM_EPG0_EVE_NUS-NIT_DMCF,Price of Liquefied U.S. Natural Gas Exports by Vessel to Italy (Dollars per Thousand Cubic Feet),,$/MCF,Italy
2018-08-01,NUS-NIT,ITA,EPG0,Natural Gas,EVE,Exports by Vessel,NGM_EPG0_EVE_NUS-NIT_DMCF,Price of Liquefied U.S. Natural Gas Exports by Vessel to Italy (Dollars per Thousand Cubic Feet),,$/MCF,Italy
2018-09-01,NUS-NIT,ITA,EPG0,Natural Gas,EVE,Exports by Vessel,NGM_EPG0_EVE_NUS-NIT_DMCF,Price of Liquefied U.S. Natural Gas Exports by Vessel to Italy (Dollars per Thousand Cubic Feet),4.99,$/MCF,Italy
2018-10-01,NUS-NIT,ITA,EPG0,Natural Gas,EVE,Exports by Vessel,NGM_EPG0_EVE_NUS-NIT_DMCF,Price of Liquefied U.S. Natural Gas Exports by Vessel to Italy (Dollars per Thousand Cubic Feet),6.72,$/MCF,Italy
2018-11-01,NUS-NIT,ITA,EPG0,Natural Gas,EVE,Exports by Vessel,NGM_EPG0_EVE_NUS-NIT_DMCF,Price of Liquefied U.S. Natural Gas Exports by Vessel to Italy (Dollars per Thousand Cubic Feet),,$/MCF,Italy
2018-12-01,NUS-NIT,ITA,EPG0,Natural Gas,EVE,Exports by Vessel,NGM_EPG0_EVE_NUS-NIT_DMCF,Price of Liquefied U.S. Natural Gas Exports by Vessel to Italy (Dollars per Thousand Cubic Feet),7.79,$/MCF,Italy
2019-01-01,NUS-NIT,ITA,EPG0,Natural Gas,EVE,Exports by Vessel,NGM_EPG0_EVE_NUS-NIT_DMCF,Price of Liquefied U.S. Natural Gas Exports by Vessel to Italy (Dollars per Thousand Cubic Feet),6.0,$/MCF,Italy
2019-02-01,NUS-NIT,ITA,EPG0,Natural Gas,EVE,Exports by Vessel,NGM_EPG0_EVE_NUS-NIT_DMCF,Price of Liquefied U.S. Natural Gas Exports by Vessel to Italy (Dollars per Thousand Cubic Feet),4.72,$/MCF,Italy
2019-03-01,NUS-NIT,ITA,EPG0,Natural Gas,EVE,Exports by Vessel,NGM_EPG0_EVE_NUS-NIT_DMCF,Price of Liquefied U.S. Natural Gas Exports by Vessel to Italy (Dollars per Thousand Cubic Feet),5.2,$/MCF,Italy
2019-04-01,NUS-NIT,ITA,EPG0,Natural Gas,EVE,Exports by Vessel,NGM_EPG0_EVE_NUS-NIT_DMCF,Price of Liquefied U.S. Natural Gas Exports by Vessel to Italy (Dollars per Thousand Cubic Feet),,$/MCF,Italy
2019-05-01,NUS-NIT,ITA,EPG0,Natural Gas,EVE,Exports by Vessel,NGM_EPG0_EVE_NUS-NIT_DMCF,Price of Liquefied U.S. Natural Gas Exports by Vessel to Italy (Dollars per Thousand Cubic Feet),4.4,$/MCF,Italy
2019-06-01,NUS-NIT,ITA,EPG0,Natural Gas,EVE,Exports by Vessel,NGM_EPG0_EVE_NUS-NIT_DMCF,Price of Liquefied U.S. Natural Gas Exports by Vessel to Italy (Dollars per Thousand Cubic Feet),3.15,$/MCF,Italy
2019-07-01,NUS-NIT,ITA,EPG0,Natural Gas,EVE,Exports by Vessel,NGM_EPG0_EVE_NUS-NIT_DMCF,Price of Liquefied U.S. Natural Gas Exports by Vessel to Italy (Dollars per Thousand Cubic Feet),5.37,$/MCF,Italy
2019-08-01,NUS-NIT,ITA,EPG0,Natural Gas,EVE,Exports by Vessel,NGM_EPG0_EVE_NUS-NIT_DMCF,Price of Liquefied U.S. Natural Gas Exports by Vessel to Italy (Dollars per Thousand Cubic Feet),4.31,$/MCF,Italy
2019-09-01,NUS-NIT,ITA,EPG0,Natural Gas,EVE,Exports by Vessel,NGM_EPG0_EVE_NUS-NIT_DMCF,Price of Liquefied U.S. Natural Gas Exports by Vessel to Italy (Dollars per Thousand Cubic Feet),5.81,$/MCF,Italy
2019-10-01,NUS-NIT,ITA,EPG0,Natural Gas,EVE,Exports by Vessel,NGM_EPG0_EVE_NUS-NIT_DMCF,Price of Liquefied U.S. Natural Gas Exports by Vessel to Italy (Dollars per Thousand Cubic Feet),,$/MCF,Italy
2019-11-01,NUS-NIT,ITA,EPG0,Natural Gas,EVE,Exports by Vessel,NGM_EPG0_EVE_NUS-NIT_DMCF,Price of Liquefied U.S. Natural Gas Exports by Vessel to Italy (Dollars per Thousand Cubic Feet),4.99,$/MCF,Italy
2019-12-01,NUS-NIT,ITA,EPG0,Natural Gas,EVE,Exports by Vessel,NGM_EPG0_EVE_NUS-NIT_DMCF,Price of Liquefied U.S. Natural Gas Exports by Vessel to Italy (Dollars per Thousand Cubic Feet),4.69,$/MCF,Italy
2020-01-01,NUS-NIT,ITA,EPG0,Natural Gas,EVE,Exports by Vessel,NGM_EPG0_EVE_NUS-NIT_DMCF,Price of Liquefied U.S. Natural Gas Exports by Vessel to Italy (Dollars per Thousand Cubic Feet),5.98,$/MCF,Italy
2020-02-01,NUS-NIT,ITA,EPG0,Natural Gas,EVE,Exports by Vessel,NGM_EPG0_EVE_NUS-NIT_DMCF,Price of Liquefied U.S. Natural Gas Exports by Vessel to Italy (Dollars per Thousand Cubic Feet),4.75,$/MCF,Italy
2020-03-01,NUS-NIT,ITA,EPG0,Natural Gas,EVE,Exports by Vessel,NGM_EPG0_EVE_NUS-NIT_DMCF,Price of Liquefied U.S. Natural Gas Exports by Vessel to Italy (Dollars per Thousand Cubic Feet),5.29,$/MCF,Italy
2020-04-01,NUS-NIT,ITA,EPG0,Natural Gas,EVE,Exports by Vessel,NGM_EPG0_EVE_NUS-NIT_DMCF,Price of Liquefied U.S. Natural Gas Exports by Vessel to Italy (Dollars per Thousand Cubic Feet),6.93,$/MCF,Italy
2020-05-01,NUS-NIT,ITA,EPG0,Natural Gas,EVE,Exports by Vessel,NGM_EPG0_EVE_NUS-NIT_DMCF,Price of Liquefied U.S. Natural Gas Exports by Vessel to Italy (Dollars per Thousand Cubic Feet),5.27,$/MCF,Italy
2020-06-01,NUS-NIT,ITA,EPG0,Natural Gas,EVE,Exports by Vessel,NGM_EPG0_EVE_NUS-NIT_DMCF,Price of Liquefied U.S. Natural Gas Exports by Vessel to Italy (Dollars per Thousand Cubic Feet),5.1,$/MCF,Italy
2020-07-01,NUS-NIT,ITA,EPG0,Natural Gas,EVE,Exports by Vessel,NGM_EPG0_EVE_NUS-NIT_DMCF,Price of Liquefied U.S. Natural Gas Exports by Vessel to Italy (Dollars per Thousand Cubic Feet),5.08,$/MCF,Italy
2020-08-01,NUS-NIT,ITA,EPG0,Natural Gas,EVE,Exports by Vessel,NGM_EPG0_EVE_NUS-NIT_DMCF,Price of Liquefied U.S. Natural Gas Exports by Vessel to Italy (Dollars per Thousand Cubic Feet),4.07,$/MCF,Italy
2020-09-01,NUS-NIT,ITA,EPG0,Natural Gas,EVE,Exports by Vessel,NGM_EPG0_EVE_NUS-NIT_DMCF,Price of Liquefied U.S. Natural Gas Exports by Vessel to Italy (Dollars per Thousand Cubic Feet),,$/MCF,Italy
2020-10-01,NUS-NIT,ITA,EPG0,Natural Gas,EVE,Exports by Vessel,NGM_EPG0_EVE_NUS-NIT_DMCF,Price of Liquefied U.S. Natural Gas Exports by Vessel to Italy (Dollars per Thousand Cubic Feet),,$/MCF,Italy
2020-11-01,NUS-NIT,ITA,EPG0,Natural Gas,EVE,Exports by Vessel,NGM_EPG0_EVE_NUS-NIT_DMCF,Price of Liquefied U.S. Natural Gas Exports by Vessel to Italy (Dollars per Thousand Cubic Feet),8.49,$/MCF,Italy
2020-12-01,NUS-NIT,ITA,EPG0,Natural Gas,EVE,Exports by Vessel,NGM_EPG0_EVE_NUS-NIT_DMCF,Price of Liquefied U.S. Natural Gas Exports by Vessel to Italy (Dollars per Thousand Cubic Feet),,$/MCF,Italy
2021-01-01,NUS-NIT,ITA,EPG0,Natural Gas,EVE,Exports by Vessel,NGM_EPG0_EVE_NUS-NIT_DMCF,Price of Liquefied U.S. Natural Gas Exports by Vessel to Italy (Dollars per Thousand Cubic Feet),,$/MCF,Italy
2021-02-01,NUS-NIT,ITA,EPG0,Natural Gas,EVE,Exports by Vessel,NGM_EPG0_EVE_NUS-NIT_DMCF,Price of Liquefied U.S. Natural Gas Exports by Vessel to Italy (Dollars per Thousand Cubic Feet),,$/MCF,Italy
2021-03-01,NUS-NIT,ITA,EPG0,Natural Gas,EVE,Exports by Vessel,NGM_EPG0_EVE_NUS-NIT_DMCF,Price of Liquefied U.S. Natural Gas Exports by Vessel to Italy (Dollars per Thousand Cubic Feet),6.65,$/MCF,Italy
2021-04-01,NUS-NIT,ITA,EPG0,Natural Gas,EVE,Exports by Vessel,NGM_EPG0_EVE_NUS-NIT_DMCF,Price of Liquefied U.S. Natural Gas Exports by Vessel to Italy (Dollars per Thousand Cubic Feet),6.88,$/MCF,Italy
2021-05-01,NUS-NIT,ITA,EPG0,Natural Gas,EVE,Exports by Vessel,NGM_EPG0_EVE_NUS-NIT_DMCF,Price of Liquefied U.S. Natural Gas Exports by Vessel to Italy (Dollars per Thousand Cubic Feet),6.11,$/MCF,Italy
2021-06-01,NUS-NIT,ITA,EPG0,Natural Gas,EVE,Exports by Vessel,NGM_EPG0_EVE_NUS-NIT_DMCF,Price of Liquefied U.S. Natural Gas Exports by Vessel to Italy (Dollars per Thousand Cubic Feet),4.18,$/MCF,Italy
2021-07-01,NUS-NIT,ITA,EPG0,Natural Gas,EVE,Exports by Vessel,NGM_EPG0_EVE_NUS-NIT_DMCF,Price of Liquefied U.S. Natural Gas Exports by Vessel to Italy (Dollars per Thousand Cubic Feet),7.2,$/MCF,Italy
2021-08-01,NUS-NIT,ITA,EPG0,Natural Gas,EVE,Exports by Vessel,NGM_EPG0_EVE_NUS-NIT_DMCF,Price of Liquefied U.S. Natural Gas Exports by Vessel to Italy (Dollars per Thousand Cubic Feet),7.96,$/MCF,Italy
2021-09-01,NUS-NIT,ITA,EPG0,Natural Gas,EVE,Exports by Vessel,NGM_EPG0_EVE_NUS-NIT_DMCF,Price of Liquefied U.S. Natural Gas Exports by Vessel to Italy (Dollars per Thousand Cubic Feet),,$/MCF,Italy
2021-10-01,NUS-NIT,ITA,EPG0,Natural Gas,EVE,Exports by Vessel,NGM_EPG0_EVE_NUS-NIT_DMCF,Price of Liquefied U.S. Natural Gas Exports by Vessel to Italy (Dollars per Thousand Cubic Feet),,$/MCF,Italy
2021-11-01,NUS-NIT,ITA,EPG0,Natural Gas,EVE,Exports by Vessel,NGM_EPG0_EVE_NUS-NIT_DMCF,Price of Liquefied U.S. Natural Gas Exports by Vessel to Italy (Dollars per Thousand Cubic Feet),,$/MCF,Italy
2021-12-01,NUS-NIT,ITA,EPG0,Natural Gas,EVE,Exports by Vessel,NGM_EPG0_EVE_NUS-NIT_DMCF,Price of Liquefied U.S. Natural Gas Exports by Vessel to Italy (Dollars per Thousand Cubic Feet),,$/MCF,Italy
2022-01-01,NUS-NIT,ITA,EPG0,Natural Gas,EVE,Exports by Vessel,NGM_EPG0_EVE_NUS-NIT_DMCF,Price of Liquefied U.S. Natural Gas Exports by Vessel to Italy (Dollars per Thousand Cubic Feet),7.83,$/MCF,Italy
2022-02-01,NUS-NIT,ITA,EPG0,Natural Gas,EVE,Exports by Vessel,NGM_EPG0_EVE_NUS-NIT_DMCF,Price of Liquefied U.S. Natural Gas Exports by Vessel to Italy (Dollars per Thousand Cubic Feet),9.96,$/MCF,Italy
2022-03-01,NUS-NIT,ITA,EPG0,Natural Gas,EVE,Exports by Vessel,NGM_EPG0_EVE_NUS-NIT_DMCF,Price of Liquefied U.S. Natural Gas Exports by Vessel to Italy (Dollars per Thousand Cubic Feet),8.32,$/MCF,Italy
2022-04-01,NUS-NIT,ITA,EPG0,Natural Gas,EVE,Exports by Vessel,NGM_EPG0_EVE_NUS-NIT_DMCF,Price of Liquefied U.S. Natural Gas Exports by Vessel to Italy (Dollars per Thousand Cubic Feet),13.47,$/MCF,Italy
2022-05-01,NUS-NIT,ITA,EPG0,Natural Gas,EVE,Exports by Vessel,NGM_EPG0_EVE_NUS-NIT_DMCF,Price of Liquefied U.S. Natural Gas Exports by Vessel to Italy (Dollars per Thousand Cubic Feet),11.6,$/MCF,Italy
2022-06-01,NUS-NIT,ITA,EPG0,Natural Gas,EVE,Exports by Vessel,NGM_EPG0_EVE_NUS-NIT_DMCF,Price of Liquefied U.S. Natural Gas Exports by Vessel to Italy (Dollars per Thousand Cubic Feet),13.59,$/MCF,Italy
2022-07-01,NUS-NIT,ITA,EPG0,Natural Gas,EVE,Exports by Vessel,NGM_EPG0_EVE_NUS-NIT_DMCF,Price of Liquefied U.S. Natural Gas Exports by Vessel to Italy (Dollars per Thousand Cubic Feet),11.65,$/MCF,Italy
2022-08-01,NUS-NIT,ITA,EPG0,Natural Gas,EVE,Exports by Vessel,NGM_EPG0_EVE_NUS-NIT_DMCF,Price of Liquefied U.S. Natural Gas Exports by Vessel to Italy (Dollars per Thousand Cubic Feet),12.34,$/MCF,Italy
2022-09-01,NUS-NIT,ITA,EPG0,Natural Gas,EVE,Exports by Vessel,NGM_EPG0_EVE_NUS-NIT_DMCF,Price of Liquefied U.S. Natural Gas Exports by Vessel to Italy (Dollars per Thousand Cubic Feet),13.7,$/MCF,Italy
2022-10-01,NUS-NIT,ITA,EPG0,Natural Gas,EVE,Exports by Vessel,NGM_EPG0_EVE_NUS-NIT_DMCF,Price of Liquefied U.S. Natural Gas Exports by Vessel to Italy (Dollars per Thousand Cubic Feet),,$/MCF,Italy
2022-11-01,NUS-NIT,ITA,EPG0,Natural Gas,EVE,Exports by Vessel,NGM_EPG0_EVE_NUS-NIT_DMCF,Price of Liquefied U.S. Natural Gas Exports by Vessel to Italy (Dollars per Thousand Cubic Feet),9.89,$/MCF,Italy
2022-12-01,NUS-NIT,ITA,EPG0,Natural Gas,EVE,Exports by Vessel,NGM_EPG0_EVE_NUS-NIT_DMCF,Price of Liquefied U.S. Natural Gas Exports by Vessel to Italy (Dollars per Thousand Cubic Feet),9.96,$/MCF,Italy
2023-01-01,NUS-NIT,ITA,EPG0,Natural Gas,EVE,Exports by Vessel,NGM_EPG0_EVE_NUS-NIT_DMCF,Price of Liquefied U.S. Natural Gas Exports by Vessel to Italy (Dollars per Thousand Cubic Feet),9.09,$/MCF,Italy
2023-02-01,NUS-NIT,ITA,EPG0,Natural Gas,EVE,Exports by Vessel,NGM_EPG0_EVE_NUS-NIT_DMCF,Price of Liquefied U.S. Natural Gas Exports by Vessel to Italy (Dollars per Thousand Cubic Feet),13.92,$/MCF,Italy
2023-03-01,NUS-NIT,ITA,EPG0,Natural Gas,EVE,Exports by Vessel,NGM_EPG0_EVE_NUS-NIT_DMCF,Price of Liquefied U.S. Natural Gas Exports by Vessel to Italy (Dollars per Thousand Cubic Feet),5.93,$/MCF,Italy
2023-04-01,NUS-NIT,ITA,EPG0,Natural Gas,EVE,Exports by Vessel,NGM_EPG0_EVE_NUS-NIT_DMCF,Price of Liquefied U.S. Natural Gas Exports by Vessel to Italy (Dollars per Thousand Cubic Feet),6.8,$/MCF,Italy
2023-05-01,NUS-NIT,ITA,EPG0,Natural Gas,EVE,Exports by Vessel,NGM_EPG0_EVE_NUS-NIT_DMCF,Price of Liquefied U.S. Natural Gas Exports by Vessel to Italy (Dollars per Thousand Cubic Feet),5.78,$/MCF,Italy
2023-06-01,NUS-NIT,ITA,EPG0,Natural Gas,EVE,Exports by Vessel,NGM_EPG0_EVE_NUS-NIT_DMCF,Price of Liquefied U.S. Natural Gas Exports by Vessel to Italy (Dollars per Thousand Cubic Feet),6.24,$/MCF,Italy
2023-07-01,NUS-NIT,ITA,EPG0,Natural Gas,EVE,Exports by Vessel,NGM_EPG0_EVE_NUS-NIT_DMCF,Price of Liquefied U.S. Natural Gas Exports by Vessel to Italy (Dollars per Thousand Cubic Feet),6.2,$/MCF,Italy
2023-08-01,NUS-NIT,ITA,EPG0,Natural Gas,EVE,Exports by Vessel,NGM_EPG0_EVE_NUS-NIT_DMCF,Price of Liquefied U.S. Natural Gas Exports by Vessel to Italy (Dollars per Thousand Cubic Feet),7.28,$/MCF,Italy
2023-09-01,NUS-NIT,ITA,EPG0,Natural Gas,EVE,Exports by Vessel,NGM_EPG0_EVE_NUS-NIT_DMCF,Price of Liquefied U.S. Natural Gas Exports by Vessel to Italy (Dollars per Thousand Cubic Feet),6.51,$/MCF,Italy
2023-10-01,NUS-NIT,ITA,EPG0,Natural Gas,EVE,Exports by Vessel,NGM_EPG0_EVE_NUS-NIT_DMCF,Price of Liquefied U.S. Natural Gas Exports by Vessel to Italy (Dollars per Thousand Cubic Feet),8.48,$/MCF,Italy
2023-11-01,NUS-NIT,ITA,EPG0,Natural Gas,EVE,Exports by Vessel,NGM_EPG0_EVE_NUS-NIT_DMCF,Price of Liquefied U.S. Natural Gas Exports by Vessel to Italy (Dollars per Thousand Cubic Feet),8.61,$/MCF,Italy
2023-12-01,NUS-NIT,ITA,EPG0,Natural Gas,EVE,Exports by Vessel,NGM_EPG0_EVE_NUS-NIT_DMCF,Price of Liquefied U.S. Natural Gas Exports by Vessel to Italy (Dollars per Thousand Cubic Feet),6.13,$/MCF,Italy
2024-01-01,NUS-NIT,ITA,EPG0,Natural Gas,EVE,Exports by Vessel,NGM_EPG0_EVE_NUS-NIT_DMCF,Price of Liquefied U.S. Natural Gas Exports by Vessel to Italy (Dollars per Thousand Cubic Feet),6.51,$/MCF,Italy
2024-02-01,NUS-NIT,ITA,EPG0,Natural Gas,EVE,Exports by Vessel,NGM_EPG0_EVE_NUS-NIT_DMCF,Price of Liquefied U.S. Natural Gas Exports by Vessel to Italy (Dollars per Thousand Cubic Feet),6.37,$/MCF,Italy
2024-03-01,NUS-NIT,ITA,EPG0,Natural Gas,EVE,Exports by Vessel,NGM_EPG0_EVE_NUS-NIT_DMCF,Price of Liquefied U.S. Natural Gas Exports by Vessel to Italy (Dollars per Thousand Cubic Feet),5.15,$/MCF,Italy
2024-04-01,NUS-NIT,ITA,EPG0,Natural Gas,EVE,Exports by Vessel,NGM_EPG0_EVE_NUS-NIT_DMCF,Price of Liquefied U.S. Natural Gas Exports by Vessel to Italy (Dollars per Thousand Cubic Feet),4.87,$/MCF,Italy
2024-05-01,NUS-NIT,ITA,EPG0,Natural Gas,EVE,Exports by Vessel,NGM_EPG0_EVE_NUS-NIT_DMCF,Price of Liquefied U.S. Natural Gas Exports by Vessel to Italy (Dollars per Thousand Cubic Feet),5.79,$/MCF,Italy
2024-06-01,NUS-NIT,ITA,EPG0,Natural Gas,EVE,Exports by Vessel,NGM_EPG0_EVE_NUS-NIT_DMCF,Price of Liquefied U.S. Natural Gas Exports by Vessel to Italy (Dollars per Thousand Cubic Feet),6.43,$/MCF,Italy
2024-07-01,NUS-NIT,ITA,EPG0,Natural Gas,EVE,Exports by Vessel,NGM_EPG0_EVE_NUS-NIT_DMCF,Price of Liquefied U.S. Natural Gas Exports by Vessel to Italy (Dollars per Thousand Cubic Feet),6.25,$/MCF,Italy
2024-08-01,NUS-NIT,ITA,EPG0,Natural Gas,EVE,Exports by Vessel,NGM_EPG0_EVE_NUS-NIT_DMCF,Price of Liquefied U.S. Natural Gas Exports by Vessel to Italy (Dollars per Thousand Cubic Feet),5.17,$/MCF,Italy
2024-09-01,NUS-NIT,ITA,EPG0,Natural Gas,EVE,Exports by Vessel,NGM_EPG0_EVE_NUS-NIT_DMCF,Price of Liquefied U.S. Natural Gas Exports by Vessel to Italy (Dollars per Thousand Cubic Feet),6.21,$/MCF,Italy
2024-10-01,NUS-NIT,ITA,EPG0,Natural Gas,EVE,Exports by Vessel,NGM_EPG0_EVE_NUS-NIT_DMCF,Price of Liquefied U.S. Natural Gas Exports by Vessel to Italy (Dollars per Thousand Cubic Feet),6.62,$/MCF,Italy
2024-11-01,NUS-NIT,ITA,EPG0,Natural Gas,EVE,Exports by Vessel,NGM_EPG0_EVE_NUS-NIT_DMCF,Price of Liquefied U.S. Natural Gas Exports by Vessel to Italy (Dollars per Thousand Cubic Feet),6.03,$/MCF,Italy
2024-12-01,NUS-NIT,ITA,EPG0,Natural Gas,EVE,Exports by Vessel,NGM_EPG0_EVE_NUS-NIT_DMCF,Price of Liquefied U.S. Natural Gas Exports by Vessel to Italy (Dollars per Thousand Cubic Feet),8.33,$/MCF,Italy
2025-01-01,NUS-NIT,ITA,EPG0,Natural Gas,EVE,Exports by Vessel,NGM_EPG0_EVE_NUS-NIT_DMCF,Price of Liquefied U.S. Natural Gas Exports by Vessel to Italy (Dollars per Thousand Cubic Feet),8.1,$/MCF,Italy
2025-02-01,NUS-NIT,ITA,EPG0,Natural Gas,EVE,Exports by Vessel,NGM_EPG0_EVE_NUS-NIT_DMCF,Price of Liquefied U.S. Natural Gas Exports by Vessel to Italy (Dollars per Thousand Cubic Feet),9.53,$/MCF,Italy
2025-03-01,NUS-NIT,ITA,EPG0,Natural Gas,EVE,Exports by Vessel,NGM_EPG0_EVE_NUS-NIT_DMCF,Price of Liquefied U.S. Natural Gas Exports by Vessel to Italy (Dollars per Thousand Cubic Feet),8.79,$/MCF,Italy
2025-04-01,NUS-NIT,ITA,EPG0,Natural Gas,EVE,Exports by Vessel,NGM_EPG0_EVE_NUS-NIT_DMCF,Price of Liquefied U.S. Natural Gas Exports by Vessel to Italy (Dollars per Thousand Cubic Feet),8.35,$/MCF,Italy
2025-05-01,NUS-NIT,ITA,EPG0,Natural Gas,EVE,Exports by Vessel,NGM_EPG0_EVE_NUS-NIT_DMCF,Price of Liquefied U.S. Natural Gas Exports by Vessel to Italy (Dollars per Thousand Cubic Feet),9.34,$/MCF,Italy
2025-06-01,NUS-NIT,ITA,EPG0,Natural Gas,EVE,Exports by Vessel,NGM_EPG0_EVE_NUS-NIT_DMCF,Price of Liquefied U.S. Natural Gas Exports by Vessel to Italy (Dollars per Thousand Cubic Feet),7.62,$/MCF,Italy
2025-07-01,NUS-NIT,ITA,EPG0,Natural Gas,EVE,Exports by Vessel,NGM_EPG0_EVE_NUS-NIT_DMCF,Price of Liquefied U.S. Natural Gas Exports by Vessel to Italy (Dollars per Thousand Cubic Feet),7.04,$/MCF,Italy
2025-08-01,NUS-NIT,ITA,EPG0,Natural Gas,EVE,Exports by Vessel,NGM_EPG0_EVE_NUS-NIT_DMCF,Price of Liquefied U.S. Natural Gas Exports by Vessel to Italy (Dollars per Thousand Cubic Feet),7.09,$/MCF,Italy
2025-09-01,NUS-NIT,ITA,EPG0,Natural Gas,EVE,Exports by Vessel,NGM_EPG0_EVE_NUS-NIT_DMCF,Price of Liquefied U.S. Natural Gas Exports by Vessel to Italy (Dollars per Thousand Cubic Feet),7.36,$/MCF,Italy
2025-10-01,NUS-NIT,ITA,EPG0,Natural Gas,EVE,Exports by Vessel,NGM_EPG0_EVE_NUS-NIT_DMCF,Price of Liquefied U.S. Natural Gas Exports by Vessel to Italy (Dollars per Thousand Cubic Feet),7.63,$/MCF,Italy
2025-11-01,NUS-NIT,ITA,EPG0,Natural Gas,EVE,Exports by Vessel,NGM_EPG0_EVE_NUS-NIT_DMCF,Price of Liquefied U.S. Natural Gas Exports by Vessel to Italy (Dollars per Thousand Cubic Feet),8.07,$/MCF,Italy
2025-12-01,NUS-NIT,ITA,EPG0,Natural Gas,EVE,Exports by Vessel,NGM_EPG0_EVE_NUS-NIT_DMCF,Price of Liquefied U.S. Natural Gas Exports by Vessel to Italy (Dollars per Thousand Cubic Feet),9.47,$/MCF,Italy
2026-01-01,NUS-NIT,ITA,EPG0,Natural Gas,EVE,Exports by Vessel,NGM_EPG0_EVE_NUS-NIT_DMCF,Price of Liquefied U.S. Natural Gas Exports by Vessel to Italy (Dollars per Thousand Cubic Feet),8.74,$/MCF,Italy
2018-03-01,NUS-NUK,GBR,EPG0,Natural Gas,EVE,Exports by Vessel,NGM_EPG0_EVE_NUS-NUK_DMCF,Price of Liquefied U.S. Natural Gas Exports by Vessel to United Kingdom (Dollars per Thousand Cubic Feet),5.89,$/MCF,UK
2018-09-01,NUS-NUK,GBR,EPG0,Natural Gas,EVE,Exports by Vessel,NGM_EPG0_EVE_NUS-NUK_DMCF,Price of Liquefied U.S. Natural Gas Exports by Vessel to United Kingdom (Dollars per Thousand Cubic Feet),3.46,$/MCF,UK
2018-10-01,NUS-NUK,GBR,EPG0,Natural Gas,EVE,Exports by Vessel,NGM_EPG0_EVE_NUS-NUK_DMCF,Price of Liquefied U.S. Natural Gas Exports by Vessel to United Kingdom (Dollars per Thousand Cubic Feet),5.13,$/MCF,UK
2018-11-01,NUS-NUK,GBR,EPG0,Natural Gas,EVE,Exports by Vessel,NGM_EPG0_EVE_NUS-NUK_DMCF,Price of Liquefied U.S. Natural Gas Exports by Vessel to United Kingdom (Dollars per Thousand Cubic Feet),5.65,$/MCF,UK
2018-12-01,NUS-NUK,GBR,EPG0,Natural Gas,EVE,Exports by Vessel,NGM_EPG0_EVE_NUS-NUK_DMCF,Price of Liquefied U.S. Natural Gas Exports by Vessel to United Kingdom (Dollars per Thousand Cubic Feet),6.87,$/MCF,UK
2019-01-01,NUS-NUK,GBR,EPG0,Natural Gas,EVE,Exports by Vessel,NGM_EPG0_EVE_NUS-NUK_DMCF,Price of Liquefied U.S. Natural Gas Exports by Vessel to United Kingdom (Dollars per Thousand Cubic Feet),5.4,$/MCF,UK
2019-02-01,NUS-NUK,GBR,EPG0,Natural Gas,EVE,Exports by Vessel,NGM_EPG0_EVE_NUS-NUK_DMCF,Price of Liquefied U.S. Natural Gas Exports by Vessel to United Kingdom (Dollars per Thousand Cubic Feet),3.52,$/MCF,UK
2019-03-01,NUS-NUK,GBR,EPG0,Natural Gas,EVE,Exports by Vessel,NGM_EPG0_EVE_NUS-NUK_DMCF,Price of Liquefied U.S. Natural Gas Exports by Vessel to United Kingdom (Dollars per Thousand Cubic Feet),5.15,$/MCF,UK
2019-08-01,NUS-NUK,GBR,EPG0,Natural Gas,EVE,Exports by Vessel,NGM_EPG0_EVE_NUS-NUK_DMCF,Price of Liquefied U.S. Natural Gas Exports by Vessel to United Kingdom (Dollars per Thousand Cubic Feet),6.2,$/MCF,UK
2019-09-01,NUS-NUK,GBR,EPG0,Natural Gas,EVE,Exports by Vessel,NGM_EPG0_EVE_NUS-NUK_DMCF,Price of Liquefied U.S. Natural Gas Exports by Vessel to United Kingdom (Dollars per Thousand Cubic Feet),4.77,$/MCF,UK
2019-10-01,NUS-NUK,GBR,EPG0,Natural Gas,EVE,Exports by Vessel,NGM_EPG0_EVE_NUS-NUK_DMCF,Price of Liquefied U.S. Natural Gas Exports by Vessel to United Kingdom (Dollars per Thousand Cubic Feet),5.23,$/MCF,UK
2019-11-01,NUS-NUK,GBR,EPG0,Natural Gas,EVE,Exports by Vessel,NGM_EPG0_EVE_NUS-NUK_DMCF,Price of Liquefied U.S. Natural Gas Exports by Vessel to United Kingdom (Dollars per Thousand Cubic Feet),5.45,$/MCF,UK
2019-12-01,NUS-NUK,GBR,EPG0,Natural Gas,EVE,Exports by Vessel,NGM_EPG0_EVE_NUS-NUK_DMCF,Price of Liquefied U.S. Natural Gas Exports by Vessel to United Kingdom (Dollars per Thousand Cubic Feet),5.5,$/MCF,UK
2020-01-01,NUS-NUK,GBR,EPG0,Natural Gas,EVE,Exports by Vessel,NGM_EPG0_EVE_NUS-NUK_DMCF,Price of Liquefied U.S. Natural Gas Exports by Vessel to United Kingdom (Dollars per Thousand Cubic Feet),5.82,$/MCF,UK
2020-02-01,NUS-NUK,GBR,EPG0,Natural Gas,EVE,Exports by Vessel,NGM_EPG0_EVE_NUS-NUK_DMCF,Price of Liquefied U.S. Natural Gas Exports by Vessel to United Kingdom (Dollars per Thousand Cubic Feet),5.52,$/MCF,UK
2020-03-01,NUS-NUK,GBR,EPG0,Natural Gas,EVE,Exports by Vessel,NGM_EPG0_EVE_NUS-NUK_DMCF,Price of Liquefied U.S. Natural Gas Exports by Vessel to United Kingdom (Dollars per Thousand Cubic Feet),4.68,$/MCF,UK
2020-07-01,NUS-NUK,GBR,EPG0,Natural Gas,EVE,Exports by Vessel,NGM_EPG0_EVE_NUS-NUK_DMCF,Price of Liquefied U.S. Natural Gas Exports by Vessel to United Kingdom (Dollars per Thousand Cubic Feet),4.91,$/MCF,UK
2020-09-01,NUS-NUK,GBR,EPG0,Natural Gas,EVE,Exports by Vessel,NGM_EPG0_EVE_NUS-NUK_DMCF,Price of Liquefied U.S. Natural Gas Exports by Vessel to United Kingdom (Dollars per Thousand Cubic Feet),6.85,$/MCF,UK
2020-10-01,NUS-NUK,GBR,EPG0,Natural Gas,EVE,Exports by Vessel,NGM_EPG0_EVE_NUS-NUK_DMCF,Price of Liquefied U.S. Natural Gas Exports by Vessel to United Kingdom (Dollars per Thousand Cubic Feet),5.64,$/MCF,UK
2020-11-01,NUS-NUK,GBR,EPG0,Natural Gas,EVE,Exports by Vessel,NGM_EPG0_EVE_NUS-NUK_DMCF,Price of Liquefied U.S. Natural Gas Exports by Vessel to United Kingdom (Dollars per Thousand Cubic Feet),6.37,$/MCF,UK
2020-12-01,NUS-NUK,GBR,EPG0,Natural Gas,EVE,Exports by Vessel,NGM_EPG0_EVE_NUS-NUK_DMCF,Price of Liquefied U.S. Natural Gas Exports by Vessel to United Kingdom (Dollars per Thousand Cubic Feet),6.23,$/MCF,UK
2021-01-01,NUS-NUK,GBR,EPG0,Natural Gas,EVE,Exports by Vessel,NGM_EPG0_EVE_NUS-NUK_DMCF,Price of Liquefied U.S. Natural Gas Exports by Vessel to United Kingdom (Dollars per Thousand Cubic Feet),5.74,$/MCF,UK
2021-02-01,NUS-NUK,GBR,EPG0,Natural Gas,EVE,Exports by Vessel,NGM_EPG0_EVE_NUS-NUK_DMCF,Price of Liquefied U.S. Natural Gas Exports by Vessel to United Kingdom (Dollars per Thousand Cubic Feet),6.16,$/MCF,UK
2021-03-01,NUS-NUK,GBR,EPG0,Natural Gas,EVE,Exports by Vessel,NGM_EPG0_EVE_NUS-NUK_DMCF,Price of Liquefied U.S. Natural Gas Exports by Vessel to United Kingdom (Dollars per Thousand Cubic Feet),6.47,$/MCF,UK
2021-04-01,NUS-NUK,GBR,EPG0,Natural Gas,EVE,Exports by Vessel,NGM_EPG0_EVE_NUS-NUK_DMCF,Price of Liquefied U.S. Natural Gas Exports by Vessel to United Kingdom (Dollars per Thousand Cubic Feet),6.91,$/MCF,UK
2021-05-01,NUS-NUK,GBR,EPG0,Natural Gas,EVE,Exports by Vessel,NGM_EPG0_EVE_NUS-NUK_DMCF,Price of Liquefied U.S. Natural Gas Exports by Vessel to United Kingdom (Dollars per Thousand Cubic Feet),5.78,$/MCF,UK
2021-09-01,NUS-NUK,GBR,EPG0,Natural Gas,EVE,Exports by Vessel,NGM_EPG0_EVE_NUS-NUK_DMCF,Price of Liquefied U.S. Natural Gas Exports by Vessel to United Kingdom (Dollars per Thousand Cubic Feet),7.83,$/MCF,UK
2021-10-01,NUS-NUK,GBR,EPG0,Natural Gas,EVE,Exports by Vessel,NGM_EPG0_EVE_NUS-NUK_DMCF,Price of Liquefied U.S. Natural Gas Exports by Vessel to United Kingdom (Dollars per Thousand Cubic Feet),10.67,$/MCF,UK
2021-11-01,NUS-NUK,GBR,EPG0,Natural Gas,EVE,Exports by Vessel,NGM_EPG0_EVE_NUS-NUK_DMCF,Price of Liquefied U.S. Natural Gas Exports by Vessel to United Kingdom (Dollars per Thousand Cubic Feet),10.21,$/MCF,UK
2021-12-01,NUS-NUK,GBR,EPG0,Natural Gas,EVE,Exports by Vessel,NGM_EPG0_EVE_NUS-NUK_DMCF,Price of Liquefied U.S. Natural Gas Exports by Vessel to United Kingdom (Dollars per Thousand Cubic Feet),8.99,$/MCF,UK
2022-01-01,NUS-NUK,GBR,EPG0,Natural Gas,EVE,Exports by Vessel,NGM_EPG0_EVE_NUS-NUK_DMCF,Price of Liquefied U.S. Natural Gas Exports by Vessel to United Kingdom (Dollars per Thousand Cubic Feet),8.25,$/MCF,UK
2022-02-01,NUS-NUK,GBR,EPG0,Natural Gas,EVE,Exports by Vessel,NGM_EPG0_EVE_NUS-NUK_DMCF,Price of Liquefied U.S. Natural Gas Exports by Vessel to United Kingdom (Dollars per Thousand Cubic Feet),10.31,$/MCF,UK
2022-03-01,NUS-NUK,GBR,EPG0,Natural Gas,EVE,Exports by Vessel,NGM_EPG0_EVE_NUS-NUK_DMCF,Price of Liquefied U.S. Natural Gas Exports by Vessel to United Kingdom (Dollars per Thousand Cubic Feet),8.38,$/MCF,UK
2022-04-01,NUS-NUK,GBR,EPG0,Natural Gas,EVE,Exports by Vessel,NGM_EPG0_EVE_NUS-NUK_DMCF,Price of Liquefied U.S. Natural Gas Exports by Vessel to United Kingdom (Dollars per Thousand Cubic Feet),9.75,$/MCF,UK
2022-05-01,NUS-NUK,GBR,EPG0,Natural Gas,EVE,Exports by Vessel,NGM_EPG0_EVE_NUS-NUK_DMCF,Price of Liquefied U.S. Natural Gas Exports by Vessel to United Kingdom (Dollars per Thousand Cubic Feet),12.21,$/MCF,UK
2022-06-01,NUS-NUK,GBR,EPG0,Natural Gas,EVE,Exports by Vessel,NGM_EPG0_EVE_NUS-NUK_DMCF,Price of Liquefied U.S. Natural Gas Exports by Vessel to United Kingdom (Dollars per Thousand Cubic Feet),13.53,$/MCF,UK
2022-07-01,NUS-NUK,GBR,EPG0,Natural Gas,EVE,Exports by Vessel,NGM_EPG0_EVE_NUS-NUK_DMCF,Price of Liquefied U.S. Natural Gas Exports by Vessel to United Kingdom (Dollars per Thousand Cubic Feet),11.18,$/MCF,UK
2022-08-01,NUS-NUK,GBR,EPG0,Natural Gas,EVE,Exports by Vessel,NGM_EPG0_EVE_NUS-NUK_DMCF,Price of Liquefied U.S. Natural Gas Exports by Vessel to United Kingdom (Dollars per Thousand Cubic Feet),17.43,$/MCF,UK
2022-09-01,NUS-NUK,GBR,EPG0,Natural Gas,EVE,Exports by Vessel,NGM_EPG0_EVE_NUS-NUK_DMCF,Price of Liquefied U.S. Natural Gas Exports by Vessel to United Kingdom (Dollars per Thousand Cubic Feet),17.75,$/MCF,UK
2022-10-01,NUS-NUK,GBR,EPG0,Natural Gas,EVE,Exports by Vessel,NGM_EPG0_EVE_NUS-NUK_DMCF,Price of Liquefied U.S. Natural Gas Exports by Vessel to United Kingdom (Dollars per Thousand Cubic Feet),12.75,$/MCF,UK
2022-11-01,NUS-NUK,GBR,EPG0,Natural Gas,EVE,Exports by Vessel,NGM_EPG0_EVE_NUS-NUK_DMCF,Price of Liquefied U.S. Natural Gas Exports by Vessel to United Kingdom (Dollars per Thousand Cubic Feet),12.9,$/MCF,UK
2022-12-01,NUS-NUK,GBR,EPG0,Natural Gas,EVE,Exports by Vessel,NGM_EPG0_EVE_NUS-NUK_DMCF,Price of Liquefied U.S. Natural Gas Exports by Vessel to United Kingdom (Dollars per Thousand Cubic Feet),13.05,$/MCF,UK
2023-01-01,NUS-NUK,GBR,EPG0,Natural Gas,EVE,Exports by Vessel,NGM_EPG0_EVE_NUS-NUK_DMCF,Price of Liquefied U.S. Natural Gas Exports by Vessel to United Kingdom (Dollars per Thousand Cubic Feet),11.07,$/MCF,UK
2023-02-01,NUS-NUK,GBR,EPG0,Natural Gas,EVE,Exports by Vessel,NGM_EPG0_EVE_NUS-NUK_DMCF,Price of Liquefied U.S. Natural Gas Exports by Vessel to United Kingdom (Dollars per Thousand Cubic Feet),7.58,$/MCF,UK
2023-03-01,NUS-NUK,GBR,EPG0,Natural Gas,EVE,Exports by Vessel,NGM_EPG0_EVE_NUS-NUK_DMCF,Price of Liquefied U.S. Natural Gas Exports by Vessel to United Kingdom (Dollars per Thousand Cubic Feet),7.95,$/MCF,UK
2023-04-01,NUS-NUK,GBR,EPG0,Natural Gas,EVE,Exports by Vessel,NGM_EPG0_EVE_NUS-NUK_DMCF,Price of Liquefied U.S. Natural Gas Exports by Vessel to United Kingdom (Dollars per Thousand Cubic Feet),6.93,$/MCF,UK
2023-05-01,NUS-NUK,GBR,EPG0,Natural Gas,EVE,Exports by Vessel,NGM_EPG0_EVE_NUS-NUK_DMCF,Price of Liquefied U.S. Natural Gas Exports by Vessel to United Kingdom (Dollars per Thousand Cubic Feet),5.8,$/MCF,UK
2023-08-01,NUS-NUK,GBR,EPG0,Natural Gas,EVE,Exports by Vessel,NGM_EPG0_EVE_NUS-NUK_DMCF,Price of Liquefied U.S. Natural Gas Exports by Vessel to United Kingdom (Dollars per Thousand Cubic Feet),6.19,$/MCF,UK
2023-09-01,NUS-NUK,GBR,EPG0,Natural Gas,EVE,Exports by Vessel,NGM_EPG0_EVE_NUS-NUK_DMCF,Price of Liquefied U.S. Natural Gas Exports by Vessel to United Kingdom (Dollars per Thousand Cubic Feet),7.14,$/MCF,UK
2023-10-01,NUS-NUK,GBR,EPG0,Natural Gas,EVE,Exports by Vessel,NGM_EPG0_EVE_NUS-NUK_DMCF,Price of Liquefied U.S. Natural Gas Exports by Vessel to United Kingdom (Dollars per Thousand Cubic Feet),6.05,$/MCF,UK
2023-11-01,NUS-NUK,GBR,EPG0,Natural Gas,EVE,Exports by Vessel,NGM_EPG0_EVE_NUS-NUK_DMCF,Price of Liquefied U.S. Natural Gas Exports by Vessel to United Kingdom (Dollars per Thousand Cubic Feet),6.66,$/MCF,UK
2023-12-01,NUS-NUK,GBR,EPG0,Natural Gas,EVE,Exports by Vessel,NGM_EPG0_EVE_NUS-NUK_DMCF,Price of Liquefied U.S. Natural Gas Exports by Vessel to United Kingdom (Dollars per Thousand Cubic Feet),7.18,$/MCF,UK
2024-01-01,NUS-NUK,GBR,EPG0,Natural Gas,EVE,Exports by Vessel,NGM_EPG0_EVE_NUS-NUK_DMCF,Price of Liquefied U.S. Natural Gas Exports by Vessel to United Kingdom (Dollars per Thousand Cubic Feet),7.41,$/MCF,UK
2024-02-01,NUS-NUK,GBR,EPG0,Natural Gas,EVE,Exports by Vessel,NGM_EPG0_EVE_NUS-NUK_DMCF,Price of Liquefied U.S. Natural Gas Exports by Vessel to United Kingdom (Dollars per Thousand Cubic Feet),7.23,$/MCF,UK
2024-03-01,NUS-NUK,GBR,EPG0,Natural Gas,EVE,Exports by Vessel,NGM_EPG0_EVE_NUS-NUK_DMCF,Price of Liquefied U.S. Natural Gas Exports by Vessel to United Kingdom (Dollars per Thousand Cubic Feet),6.47,$/MCF,UK
2024-04-01,NUS-NUK,GBR,EPG0,Natural Gas,EVE,Exports by Vessel,NGM_EPG0_EVE_NUS-NUK_DMCF,Price of Liquefied U.S. Natural Gas Exports by Vessel to United Kingdom (Dollars per Thousand Cubic Feet),6.4,$/MCF,UK
2024-05-01,NUS-NUK,GBR,EPG0,Natural Gas,EVE,Exports by Vessel,NGM_EPG0_EVE_NUS-NUK_DMCF,Price of Liquefied U.S. Natural Gas Exports by Vessel to United Kingdom (Dollars per Thousand Cubic Feet),7.48,$/MCF,UK
2024-06-01,NUS-NUK,GBR,EPG0,Natural Gas,EVE,Exports by Vessel,NGM_EPG0_EVE_NUS-NUK_DMCF,Price of Liquefied U.S. Natural Gas Exports by Vessel to United Kingdom (Dollars per Thousand Cubic Feet),6.2,$/MCF,UK
2024-07-01,NUS-NUK,GBR,EPG0,Natural Gas,EVE,Exports by Vessel,NGM_EPG0_EVE_NUS-NUK_DMCF,Price of Liquefied U.S. Natural Gas Exports by Vessel to United Kingdom (Dollars per Thousand Cubic Feet),6.9,$/MCF,UK
2024-08-01,NUS-NUK,GBR,EPG0,Natural Gas,EVE,Exports by Vessel,NGM_EPG0_EVE_NUS-NUK_DMCF,Price of Liquefied U.S. Natural Gas Exports by Vessel to United Kingdom (Dollars per Thousand Cubic Feet),7.97,$/MCF,UK
2024-09-01,NUS-NUK,GBR,EPG0,Natural Gas,EVE,Exports by Vessel,NGM_EPG0_EVE_NUS-NUK_DMCF,Price of Liquefied U.S. Natural Gas Exports by Vessel to United Kingdom (Dollars per Thousand Cubic Feet),7.05,$/MCF,UK
2024-10-01,NUS-NUK,GBR,EPG0,Natural Gas,EVE,Exports by Vessel,NGM_EPG0_EVE_NUS-NUK_DMCF,Price of Liquefied U.S. Natural Gas Exports by Vessel to United Kingdom (Dollars per Thousand Cubic Feet),7.78,$/MCF,UK
2024-11-01,NUS-NUK,GBR,EPG0,Natural Gas,EVE,Exports by Vessel,NGM_EPG0_EVE_NUS-NUK_DMCF,Price of Liquefied U.S. Natural Gas Exports by Vessel to United Kingdom (Dollars per Thousand Cubic Feet),7.15,$/MCF,UK
2024-12-01,NUS-NUK,GBR,EPG0,Natural Gas,EVE,Exports by Vessel,NGM_EPG0_EVE_NUS-NUK_DMCF,Price of Liquefied U.S. Natural Gas Exports by Vessel to United Kingdom (Dollars per Thousand Cubic Feet),7.53,$/MCF,UK
2025-01-01,NUS-NUK,GBR,EPG0,Natural Gas,EVE,Exports by Vessel,NGM_EPG0_EVE_NUS-NUK_DMCF,Price of Liquefied U.S. Natural Gas Exports by Vessel to United Kingdom (Dollars per Thousand Cubic Feet),8.7,$/MCF,UK
2025-02-01,NUS-NUK,GBR,EPG0,Natural Gas,EVE,Exports by Vessel,NGM_EPG0_EVE_NUS-NUK_DMCF,Price of Liquefied U.S. Natural Gas Exports by Vessel to United Kingdom (Dollars per Thousand Cubic Feet),8.75,$/MCF,UK
2025-03-01,NUS-NUK,GBR,EPG0,Natural Gas,EVE,Exports by Vessel,NGM_EPG0_EVE_NUS-NUK_DMCF,Price of Liquefied U.S. Natural Gas Exports by Vessel to United Kingdom (Dollars per Thousand Cubic Feet),9.02,$/MCF,UK
2025-04-01,NUS-NUK,GBR,EPG0,Natural Gas,EVE,Exports by Vessel,NGM_EPG0_EVE_NUS-NUK_DMCF,Price of Liquefied U.S. Natural Gas Exports by Vessel to United Kingdom (Dollars per Thousand Cubic Feet),8.68,$/MCF,UK
2025-05-01,NUS-NUK,GBR,EPG0,Natural Gas,EVE,Exports by Vessel,NGM_EPG0_EVE_NUS-NUK_DMCF,Price of Liquefied U.S. Natural Gas Exports by Vessel to United Kingdom (Dollars per Thousand Cubic Feet),7.62,$/MCF,UK
2025-06-01,NUS-NUK,GBR,EPG0,Natural Gas,EVE,Exports by Vessel,NGM_EPG0_EVE_NUS-NUK_DMCF,Price of Liquefied U.S. Natural Gas Exports by Vessel to United Kingdom (Dollars per Thousand Cubic Feet),9.1,$/MCF,UK
2025-07-01,NUS-NUK,GBR,EPG0,Natural Gas,EVE,Exports by Vessel,NGM_EPG0_EVE_NUS-NUK_DMCF,Price of Liquefied U.S. Natural Gas Exports by Vessel to United Kingdom (Dollars per Thousand Cubic Feet),6.06,$/MCF,UK
2025-09-01,NUS-NUK,GBR,EPG0,Natural Gas,EVE,Exports by Vessel,NGM_EPG0_EVE_NUS-NUK_DMCF,Price of Liquefied U.S. Natural Gas Exports by Vessel to United Kingdom (Dollars per Thousand Cubic Feet),8.34,$/MCF,UK
2025-10-01,NUS-NUK,GBR,EPG0,Natural Gas,EVE,Exports by Vessel,NGM_EPG0_EVE_NUS-NUK_DMCF,Price of Liquefied U.S. Natural Gas Exports by Vessel to United Kingdom (Dollars per Thousand Cubic Feet),7.48,$/MCF,UK
2025-11-01,NUS-NUK,GBR,EPG0,Natural Gas,EVE,Exports by Vessel,NGM_EPG0_EVE_NUS-NUK_DMCF,Price of Liquefied U.S. Natural Gas Exports by Vessel to United Kingdom (Dollars per Thousand Cubic Feet),7.75,$/MCF,UK
2025-12-01,NUS-NUK,GBR,EPG0,Natural Gas,EVE,Exports by Vessel,NGM_EPG0_EVE_NUS-NUK_DMCF,Price of Liquefied U.S. Natural Gas Exports by Vessel to United Kingdom (Dollars per Thousand Cubic Feet),8.18,$/MCF,UK
2026-01-01,NUS-NUK,GBR,EPG0,Natural Gas,EVE,Exports by Vessel,NGM_EPG0_EVE_NUS-NUK_DMCF,Price of Liquefied U.S. Natural Gas Exports by Vessel to United Kingdom (Dollars per Thousand Cubic Feet),8.7,$/MCF,UK
2018-01-01,NUS-NPL,POL,EPG0,Natural Gas,EVE,Exports by Vessel,NGM_EPG0_EVE_NUS-NPL_DMCF,Price of Liquefied U.S. Natural Gas Exports by Vessel to Poland (Dollars per Thousand Cubic Feet),,$/MCF,Poland
2018-02-01,NUS-NPL,POL,EPG0,Natural Gas,EVE,Exports by Vessel,NGM_EPG0_EVE_NUS-NPL_DMCF,Price of Liquefied U.S. Natural Gas Exports by Vessel to Poland (Dollars per Thousand Cubic Feet),,$/MCF,Poland
2018-03-01,NUS-NPL,POL,EPG0,Natural Gas,EVE,Exports by Vessel,NGM_EPG0_EVE_NUS-NPL_DMCF,Price of Liquefied U.S. Natural Gas Exports by Vessel to Poland (Dollars per Thousand Cubic Feet),,$/MCF,Poland
2018-04-01,NUS-NPL,POL,EPG0,Natural Gas,EVE,Exports by Vessel,NGM_EPG0_EVE_NUS-NPL_DMCF,Price of Liquefied U.S. Natural Gas Exports by Vessel to Poland (Dollars per Thousand Cubic Feet),,$/MCF,Poland
2018-05-01,NUS-NPL,POL,EPG0,Natural Gas,EVE,Exports by Vessel,NGM_EPG0_EVE_NUS-NPL_DMCF,Price of Liquefied U.S. Natural Gas Exports by Vessel to Poland (Dollars per Thousand Cubic Feet),,$/MCF,Poland
2018-06-01,NUS-NPL,POL,EPG0,Natural Gas,EVE,Exports by Vessel,NGM_EPG0_EVE_NUS-NPL_DMCF,Price of Liquefied U.S. Natural Gas Exports by Vessel to Poland (Dollars per Thousand Cubic Feet),,$/MCF,Poland
2018-07-01,NUS-NPL,POL,EPG0,Natural Gas,EVE,Exports by Vessel,NGM_EPG0_EVE_NUS-NPL_DMCF,Price of Liquefied U.S. Natural Gas Exports by Vessel to Poland (Dollars per Thousand Cubic Feet),,$/MCF,Poland
2018-08-01,NUS-NPL,POL,EPG0,Natural Gas,EVE,Exports by Vessel,NGM_EPG0_EVE_NUS-NPL_DMCF,Price of Liquefied U.S. Natural Gas Exports by Vessel to Poland (Dollars per Thousand Cubic Feet),,$/MCF,Poland
2018-09-01,NUS-NPL,POL,EPG0,Natural Gas,EVE,Exports by Vessel,NGM_EPG0_EVE_NUS-NPL_DMCF,Price of Liquefied U.S. Natural Gas Exports by Vessel to Poland (Dollars per Thousand Cubic Feet),,$/MCF,Poland
2018-10-01,NUS-NPL,POL,EPG0,Natural Gas,EVE,Exports by Vessel,NGM_EPG0_EVE_NUS-NPL_DMCF,Price of Liquefied U.S. Natural Gas Exports by Vessel to Poland (Dollars per Thousand Cubic Feet),,$/MCF,Poland
2018-11-01,NUS-NPL,POL,EPG0,Natural Gas,EVE,Exports by Vessel,NGM_EPG0_EVE_NUS-NPL_DMCF,Price of Liquefied U.S. Natural Gas Exports by Vessel to Poland (Dollars per Thousand Cubic Feet),7.12,$/MCF,Poland
2018-12-01,NUS-NPL,POL,EPG0,Natural Gas,EVE,Exports by Vessel,NGM_EPG0_EVE_NUS-NPL_DMCF,Price of Liquefied U.S. Natural Gas Exports by Vessel to Poland (Dollars per Thousand Cubic Feet),,$/MCF,Poland
2019-01-01,NUS-NPL,POL,EPG0,Natural Gas,EVE,Exports by Vessel,NGM_EPG0_EVE_NUS-NPL_DMCF,Price of Liquefied U.S. Natural Gas Exports by Vessel to Poland (Dollars per Thousand Cubic Feet),7.0,$/MCF,Poland
2019-02-01,NUS-NPL,POL,EPG0,Natural Gas,EVE,Exports by Vessel,NGM_EPG0_EVE_NUS-NPL_DMCF,Price of Liquefied U.S. Natural Gas Exports by Vessel to Poland (Dollars per Thousand Cubic Feet),,$/MCF,Poland
2019-03-01,NUS-NPL,POL,EPG0,Natural Gas,EVE,Exports by Vessel,NGM_EPG0_EVE_NUS-NPL_DMCF,Price of Liquefied U.S. Natural Gas Exports by Vessel to Poland (Dollars per Thousand Cubic Feet),3.41,$/MCF,Poland
2019-04-01,NUS-NPL,POL,EPG0,Natural Gas,EVE,Exports by Vessel,NGM_EPG0_EVE_NUS-NPL_DMCF,Price of Liquefied U.S. Natural Gas Exports by Vessel to Poland (Dollars per Thousand Cubic Feet),7.78,$/MCF,Poland
2019-05-01,NUS-NPL,POL,EPG0,Natural Gas,EVE,Exports by Vessel,NGM_EPG0_EVE_NUS-NPL_DMCF,Price of Liquefied U.S. Natural Gas Exports by Vessel to Poland (Dollars per Thousand Cubic Feet),,$/MCF,Poland
2019-06-01,NUS-NPL,POL,EPG0,Natural Gas,EVE,Exports by Vessel,NGM_EPG0_EVE_NUS-NPL_DMCF,Price of Liquefied U.S. Natural Gas Exports by Vessel to Poland (Dollars per Thousand Cubic Feet),,$/MCF,Poland
2019-07-01,NUS-NPL,POL,EPG0,Natural Gas,EVE,Exports by Vessel,NGM_EPG0_EVE_NUS-NPL_DMCF,Price of Liquefied U.S. Natural Gas Exports by Vessel to Poland (Dollars per Thousand Cubic Feet),3.17,$/MCF,Poland
2019-08-01,NUS-NPL,POL,EPG0,Natural Gas,EVE,Exports by Vessel,NGM_EPG0_EVE_NUS-NPL_DMCF,Price of Liquefied U.S. Natural Gas Exports by Vessel to Poland (Dollars per Thousand Cubic Feet),5.15,$/MCF,Poland
2019-09-01,NUS-NPL,POL,EPG0,Natural Gas,EVE,Exports by Vessel,NGM_EPG0_EVE_NUS-NPL_DMCF,Price of Liquefied U.S. Natural Gas Exports by Vessel to Poland (Dollars per Thousand Cubic Feet),,$/MCF,Poland
2019-10-01,NUS-NPL,POL,EPG0,Natural Gas,EVE,Exports by Vessel,NGM_EPG0_EVE_NUS-NPL_DMCF,Price of Liquefied U.S. Natural Gas Exports by Vessel to Poland (Dollars per Thousand Cubic Feet),6.03,$/MCF,Poland
2019-11-01,NUS-NPL,POL,EPG0,Natural Gas,EVE,Exports by Vessel,NGM_EPG0_EVE_NUS-NPL_DMCF,Price of Liquefied U.S. Natural Gas Exports by Vessel to Poland (Dollars per Thousand Cubic Feet),5.18,$/MCF,Poland
2019-12-01,NUS-NPL,POL,EPG0,Natural Gas,EVE,Exports by Vessel,NGM_EPG0_EVE_NUS-NPL_DMCF,Price of Liquefied U.S. Natural Gas Exports by Vessel to Poland (Dollars per Thousand Cubic Feet),5.88,$/MCF,Poland
2020-01-01,NUS-NPL,POL,EPG0,Natural Gas,EVE,Exports by Vessel,NGM_EPG0_EVE_NUS-NPL_DMCF,Price of Liquefied U.S. Natural Gas Exports by Vessel to Poland (Dollars per Thousand Cubic Feet),2.48,$/MCF,Poland
2020-02-01,NUS-NPL,POL,EPG0,Natural Gas,EVE,Exports by Vessel,NGM_EPG0_EVE_NUS-NPL_DMCF,Price of Liquefied U.S. Natural Gas Exports by Vessel to Poland (Dollars per Thousand Cubic Feet),5.4,$/MCF,Poland
2020-03-01,NUS-NPL,POL,EPG0,Natural Gas,EVE,Exports by Vessel,NGM_EPG0_EVE_NUS-NPL_DMCF,Price of Liquefied U.S. Natural Gas Exports by Vessel to Poland (Dollars per Thousand Cubic Feet),2.17,$/MCF,Poland
2020-04-01,NUS-NPL,POL,EPG0,Natural Gas,EVE,Exports by Vessel,NGM_EPG0_EVE_NUS-NPL_DMCF,Price of Liquefied U.S. Natural Gas Exports by Vessel to Poland (Dollars per Thousand Cubic Feet),3.41,$/MCF,Poland
2020-05-01,NUS-NPL,POL,EPG0,Natural Gas,EVE,Exports by Vessel,NGM_EPG0_EVE_NUS-NPL_DMCF,Price of Liquefied U.S. Natural Gas Exports by Vessel to Poland (Dollars per Thousand Cubic Feet),5.32,$/MCF,Poland
2020-06-01,NUS-NPL,POL,EPG0,Natural Gas,EVE,Exports by Vessel,NGM_EPG0_EVE_NUS-NPL_DMCF,Price of Liquefied U.S. Natural Gas Exports by Vessel to Poland (Dollars per Thousand Cubic Feet),6.93,$/MCF,Poland
2020-07-01,NUS-NPL,POL,EPG0,Natural Gas,EVE,Exports by Vessel,NGM_EPG0_EVE_NUS-NPL_DMCF,Price of Liquefied U.S. Natural Gas Exports by Vessel to Poland (Dollars per Thousand Cubic Feet),,$/MCF,Poland
2020-08-01,NUS-NPL,POL,EPG0,Natural Gas,EVE,Exports by Vessel,NGM_EPG0_EVE_NUS-NPL_DMCF,Price of Liquefied U.S. Natural Gas Exports by Vessel to Poland (Dollars per Thousand Cubic Feet),,$/MCF,Poland
2020-09-01,NUS-NPL,POL,EPG0,Natural Gas,EVE,Exports by Vessel,NGM_EPG0_EVE_NUS-NPL_DMCF,Price of Liquefied U.S. Natural Gas Exports by Vessel to Poland (Dollars per Thousand Cubic Feet),,$/MCF,Poland
2020-10-01,NUS-NPL,POL,EPG0,Natural Gas,EVE,Exports by Vessel,NGM_EPG0_EVE_NUS-NPL_DMCF,Price of Liquefied U.S. Natural Gas Exports by Vessel to Poland (Dollars per Thousand Cubic Feet),5.5,$/MCF,Poland
2020-11-01,NUS-NPL,POL,EPG0,Natural Gas,EVE,Exports by Vessel,NGM_EPG0_EVE_NUS-NPL_DMCF,Price of Liquefied U.S. Natural Gas Exports by Vessel to Poland (Dollars per Thousand Cubic Feet),,$/MCF,Poland
2020-12-01,NUS-NPL,POL,EPG0,Natural Gas,EVE,Exports by Vessel,NGM_EPG0_EVE_NUS-NPL_DMCF,Price of Liquefied U.S. Natural Gas Exports by Vessel to Poland (Dollars per Thousand Cubic Feet),7.25,$/MCF,Poland
2021-01-01,NUS-NPL,POL,EPG0,Natural Gas,EVE,Exports by Vessel,NGM_EPG0_EVE_NUS-NPL_DMCF,Price of Liquefied U.S. Natural Gas Exports by Vessel to Poland (Dollars per Thousand Cubic Feet),,$/MCF,Poland
2021-02-01,NUS-NPL,POL,EPG0,Natural Gas,EVE,Exports by Vessel,NGM_EPG0_EVE_NUS-NPL_DMCF,Price of Liquefied U.S. Natural Gas Exports by Vessel to Poland (Dollars per Thousand Cubic Feet),6.95,$/MCF,Poland
2021-03-01,NUS-NPL,POL,EPG0,Natural Gas,EVE,Exports by Vessel,NGM_EPG0_EVE_NUS-NPL_DMCF,Price of Liquefied U.S. Natural Gas Exports by Vessel to Poland (Dollars per Thousand Cubic Feet),6.55,$/MCF,Poland
2021-04-01,NUS-NPL,POL,EPG0,Natural Gas,EVE,Exports by Vessel,NGM_EPG0_EVE_NUS-NPL_DMCF,Price of Liquefied U.S. Natural Gas Exports by Vessel to Poland (Dollars per Thousand Cubic Feet),6.15,$/MCF,Poland
2021-05-01,NUS-NPL,POL,EPG0,Natural Gas,EVE,Exports by Vessel,NGM_EPG0_EVE_NUS-NPL_DMCF,Price of Liquefied U.S. Natural Gas Exports by Vessel to Poland (Dollars per Thousand Cubic Feet),6.61,$/MCF,Poland
2021-06-01,NUS-NPL,POL,EPG0,Natural Gas,EVE,Exports by Vessel,NGM_EPG0_EVE_NUS-NPL_DMCF,Price of Liquefied U.S. Natural Gas Exports by Vessel to Poland (Dollars per Thousand Cubic Feet),8.1,$/MCF,Poland
2021-07-01,NUS-NPL,POL,EPG0,Natural Gas,EVE,Exports by Vessel,NGM_EPG0_EVE_NUS-NPL_DMCF,Price of Liquefied U.S. Natural Gas Exports by Vessel to Poland (Dollars per Thousand Cubic Feet),7.83,$/MCF,Poland
2021-08-01,NUS-NPL,POL,EPG0,Natural Gas,EVE,Exports by Vessel,NGM_EPG0_EVE_NUS-NPL_DMCF,Price of Liquefied U.S. Natural Gas Exports by Vessel to Poland (Dollars per Thousand Cubic Feet),,$/MCF,Poland
2021-09-01,NUS-NPL,POL,EPG0,Natural Gas,EVE,Exports by Vessel,NGM_EPG0_EVE_NUS-NPL_DMCF,Price of Liquefied U.S. Natural Gas Exports by Vessel to Poland (Dollars per Thousand Cubic Feet),,$/MCF,Poland
2021-10-01,NUS-NPL,POL,EPG0,Natural Gas,EVE,Exports by Vessel,NGM_EPG0_EVE_NUS-NPL_DMCF,Price of Liquefied U.S. Natural Gas Exports by Vessel to Poland (Dollars per Thousand Cubic Feet),10.14,$/MCF,Poland
2021-11-01,NUS-NPL,POL,EPG0,Natural Gas,EVE,Exports by Vessel,NGM_EPG0_EVE_NUS-NPL_DMCF,Price of Liquefied U.S. Natural Gas Exports by Vessel to Poland (Dollars per Thousand Cubic Feet),10.56,$/MCF,Poland
2021-12-01,NUS-NPL,POL,EPG0,Natural Gas,EVE,Exports by Vessel,NGM_EPG0_EVE_NUS-NPL_DMCF,Price of Liquefied U.S. Natural Gas Exports by Vessel to Poland (Dollars per Thousand Cubic Feet),9.64,$/MCF,Poland
2022-01-01,NUS-NPL,POL,EPG0,Natural Gas,EVE,Exports by Vessel,NGM_EPG0_EVE_NUS-NPL_DMCF,Price of Liquefied U.S. Natural Gas Exports by Vessel to Poland (Dollars per Thousand Cubic Feet),7.96,$/MCF,Poland
2022-02-01,NUS-NPL,POL,EPG0,Natural Gas,EVE,Exports by Vessel,NGM_EPG0_EVE_NUS-NPL_DMCF,Price of Liquefied U.S. Natural Gas Exports by Vessel to Poland (Dollars per Thousand Cubic Feet),10.85,$/MCF,Poland
2022-03-01,NUS-NPL,POL,EPG0,Natural Gas,EVE,Exports by Vessel,NGM_EPG0_EVE_NUS-NPL_DMCF,Price of Liquefied U.S. Natural Gas Exports by Vessel to Poland (Dollars per Thousand Cubic Feet),7.45,$/MCF,Poland
2022-04-01,NUS-NPL,POL,EPG0,Natural Gas,EVE,Exports by Vessel,NGM_EPG0_EVE_NUS-NPL_DMCF,Price of Liquefied U.S. Natural Gas Exports by Vessel to Poland (Dollars per Thousand Cubic Feet),17.68,$/MCF,Poland
2022-05-01,NUS-NPL,POL,EPG0,Natural Gas,EVE,Exports by Vessel,NGM_EPG0_EVE_NUS-NPL_DMCF,Price of Liquefied U.S. Natural Gas Exports by Vessel to Poland (Dollars per Thousand Cubic Feet),16.94,$/MCF,Poland
2022-06-01,NUS-NPL,POL,EPG0,Natural Gas,EVE,Exports by Vessel,NGM_EPG0_EVE_NUS-NPL_DMCF,Price of Liquefied U.S. Natural Gas Exports by Vessel to Poland (Dollars per Thousand Cubic Feet),19.4,$/MCF,Poland
2022-07-01,NUS-NPL,POL,EPG0,Natural Gas,EVE,Exports by Vessel,NGM_EPG0_EVE_NUS-NPL_DMCF,Price of Liquefied U.S. Natural Gas Exports by Vessel to Poland (Dollars per Thousand Cubic Feet),19.81,$/MCF,Poland
2022-08-01,NUS-NPL,POL,EPG0,Natural Gas,EVE,Exports by Vessel,NGM_EPG0_EVE_NUS-NPL_DMCF,Price of Liquefied U.S. Natural Gas Exports by Vessel to Poland (Dollars per Thousand Cubic Feet),27.78,$/MCF,Poland
2022-09-01,NUS-NPL,POL,EPG0,Natural Gas,EVE,Exports by Vessel,NGM_EPG0_EVE_NUS-NPL_DMCF,Price of Liquefied U.S. Natural Gas Exports by Vessel to Poland (Dollars per Thousand Cubic Feet),23.9,$/MCF,Poland
2022-10-01,NUS-NPL,POL,EPG0,Natural Gas,EVE,Exports by Vessel,NGM_EPG0_EVE_NUS-NPL_DMCF,Price of Liquefied U.S. Natural Gas Exports by Vessel to Poland (Dollars per Thousand Cubic Feet),24.75,$/MCF,Poland
2022-11-01,NUS-NPL,POL,EPG0,Natural Gas,EVE,Exports by Vessel,NGM_EPG0_EVE_NUS-NPL_DMCF,Price of Liquefied U.S. Natural Gas Exports by Vessel to Poland (Dollars per Thousand Cubic Feet),29.15,$/MCF,Poland
2022-12-01,NUS-NPL,POL,EPG0,Natural Gas,EVE,Exports by Vessel,NGM_EPG0_EVE_NUS-NPL_DMCF,Price of Liquefied U.S. Natural Gas Exports by Vessel to Poland (Dollars per Thousand Cubic Feet),23.11,$/MCF,Poland
2023-01-01,NUS-NPL,POL,EPG0,Natural Gas,EVE,Exports by Vessel,NGM_EPG0_EVE_NUS-NPL_DMCF,Price of Liquefied U.S. Natural Gas Exports by Vessel to Poland (Dollars per Thousand Cubic Feet),8.76,$/MCF,Poland
2023-02-01,NUS-NPL,POL,EPG0,Natural Gas,EVE,Exports by Vessel,NGM_EPG0_EVE_NUS-NPL_DMCF,Price of Liquefied U.S. Natural Gas Exports by Vessel to Poland (Dollars per Thousand Cubic Feet),6.14,$/MCF,Poland
2023-03-01,NUS-NPL,POL,EPG0,Natural Gas,EVE,Exports by Vessel,NGM_EPG0_EVE_NUS-NPL_DMCF,Price of Liquefied U.S. Natural Gas Exports by Vessel to Poland (Dollars per Thousand Cubic Feet),8.63,$/MCF,Poland
2023-04-01,NUS-NPL,POL,EPG0,Natural Gas,EVE,Exports by Vessel,NGM_EPG0_EVE_NUS-NPL_DMCF,Price of Liquefied U.S. Natural Gas Exports by Vessel to Poland (Dollars per Thousand Cubic Feet),4.99,$/MCF,Poland
2023-05-01,NUS-NPL,POL,EPG0,Natural Gas,EVE,Exports by Vessel,NGM_EPG0_EVE_NUS-NPL_DMCF,Price of Liquefied U.S. Natural Gas Exports by Vessel to Poland (Dollars per Thousand Cubic Feet),5.01,$/MCF,Poland
2023-06-01,NUS-NPL,POL,EPG0,Natural Gas,EVE,Exports by Vessel,NGM_EPG0_EVE_NUS-NPL_DMCF,Price of Liquefied U.S. Natural Gas Exports by Vessel to Poland (Dollars per Thousand Cubic Feet),6.01,$/MCF,Poland
2023-07-01,NUS-NPL,POL,EPG0,Natural Gas,EVE,Exports by Vessel,NGM_EPG0_EVE_NUS-NPL_DMCF,Price of Liquefied U.S. Natural Gas Exports by Vessel to Poland (Dollars per Thousand Cubic Feet),4.65,$/MCF,Poland
2023-08-01,NUS-NPL,POL,EPG0,Natural Gas,EVE,Exports by Vessel,NGM_EPG0_EVE_NUS-NPL_DMCF,Price of Liquefied U.S. Natural Gas Exports by Vessel to Poland (Dollars per Thousand Cubic Feet),7.38,$/MCF,Poland
2023-09-01,NUS-NPL,POL,EPG0,Natural Gas,EVE,Exports by Vessel,NGM_EPG0_EVE_NUS-NPL_DMCF,Price of Liquefied U.S. Natural Gas Exports by Vessel to Poland (Dollars per Thousand Cubic Feet),5.66,$/MCF,Poland
2023-10-01,NUS-NPL,POL,EPG0,Natural Gas,EVE,Exports by Vessel,NGM_EPG0_EVE_NUS-NPL_DMCF,Price of Liquefied U.S. Natural Gas Exports by Vessel to Poland (Dollars per Thousand Cubic Feet),7.34,$/MCF,Poland
2023-11-01,NUS-NPL,POL,EPG0,Natural Gas,EVE,Exports by Vessel,NGM_EPG0_EVE_NUS-NPL_DMCF,Price of Liquefied U.S. Natural Gas Exports by Vessel to Poland (Dollars per Thousand Cubic Feet),6.75,$/MCF,Poland
2023-12-01,NUS-NPL,POL,EPG0,Natural Gas,EVE,Exports by Vessel,NGM_EPG0_EVE_NUS-NPL_DMCF,Price of Liquefied U.S. Natural Gas Exports by Vessel to Poland (Dollars per Thousand Cubic Feet),5.43,$/MCF,Poland
2024-01-01,NUS-NPL,POL,EPG0,Natural Gas,EVE,Exports by Vessel,NGM_EPG0_EVE_NUS-NPL_DMCF,Price of Liquefied U.S. Natural Gas Exports by Vessel to Poland (Dollars per Thousand Cubic Feet),8.21,$/MCF,Poland
2024-02-01,NUS-NPL,POL,EPG0,Natural Gas,EVE,Exports by Vessel,NGM_EPG0_EVE_NUS-NPL_DMCF,Price of Liquefied U.S. Natural Gas Exports by Vessel to Poland (Dollars per Thousand Cubic Feet),6.57,$/MCF,Poland
2024-03-01,NUS-NPL,POL,EPG0,Natural Gas,EVE,Exports by Vessel,NGM_EPG0_EVE_NUS-NPL_DMCF,Price of Liquefied U.S. Natural Gas Exports by Vessel to Poland (Dollars per Thousand Cubic Feet),5.69,$/MCF,Poland
2024-04-01,NUS-NPL,POL,EPG0,Natural Gas,EVE,Exports by Vessel,NGM_EPG0_EVE_NUS-NPL_DMCF,Price of Liquefied U.S. Natural Gas Exports by Vessel to Poland (Dollars per Thousand Cubic Feet),7.88,$/MCF,Poland
2024-05-01,NUS-NPL,POL,EPG0,Natural Gas,EVE,Exports by Vessel,NGM_EPG0_EVE_NUS-NPL_DMCF,Price of Liquefied U.S. Natural Gas Exports by Vessel to Poland (Dollars per Thousand Cubic Feet),6.61,$/MCF,Poland
2024-06-01,NUS-NPL,POL,EPG0,Natural Gas,EVE,Exports by Vessel,NGM_EPG0_EVE_NUS-NPL_DMCF,Price of Liquefied U.S. Natural Gas Exports by Vessel to Poland (Dollars per Thousand Cubic Feet),6.93,$/MCF,Poland
2024-07-01,NUS-NPL,POL,EPG0,Natural Gas,EVE,Exports by Vessel,NGM_EPG0_EVE_NUS-NPL_DMCF,Price of Liquefied U.S. Natural Gas Exports by Vessel to Poland (Dollars per Thousand Cubic Feet),6.01,$/MCF,Poland
2024-08-01,NUS-NPL,POL,EPG0,Natural Gas,EVE,Exports by Vessel,NGM_EPG0_EVE_NUS-NPL_DMCF,Price of Liquefied U.S. Natural Gas Exports by Vessel to Poland (Dollars per Thousand Cubic Feet),5.08,$/MCF,Poland
2024-09-01,NUS-NPL,POL,EPG0,Natural Gas,EVE,Exports by Vessel,NGM_EPG0_EVE_NUS-NPL_DMCF,Price of Liquefied U.S. Natural Gas Exports by Vessel to Poland (Dollars per Thousand Cubic Feet),4.77,$/MCF,Poland
2024-10-01,NUS-NPL,POL,EPG0,Natural Gas,EVE,Exports by Vessel,NGM_EPG0_EVE_NUS-NPL_DMCF,Price of Liquefied U.S. Natural Gas Exports by Vessel to Poland (Dollars per Thousand Cubic Feet),9.14,$/MCF,Poland
2024-11-01,NUS-NPL,POL,EPG0,Natural Gas,EVE,Exports by Vessel,NGM_EPG0_EVE_NUS-NPL_DMCF,Price of Liquefied U.S. Natural Gas Exports by Vessel to Poland (Dollars per Thousand Cubic Feet),5.57,$/MCF,Poland
2024-12-01,NUS-NPL,POL,EPG0,Natural Gas,EVE,Exports by Vessel,NGM_EPG0_EVE_NUS-NPL_DMCF,Price of Liquefied U.S. Natural Gas Exports by Vessel to Poland (Dollars per Thousand Cubic Feet),9.13,$/MCF,Poland
2025-01-01,NUS-NPL,POL,EPG0,Natural Gas,EVE,Exports by Vessel,NGM_EPG0_EVE_NUS-NPL_DMCF,Price of Liquefied U.S. Natural Gas Exports by Vessel to Poland (Dollars per Thousand Cubic Feet),8.76,$/MCF,Poland
2025-02-01,NUS-NPL,POL,EPG0,Natural Gas,EVE,Exports by Vessel,NGM_EPG0_EVE_NUS-NPL_DMCF,Price of Liquefied U.S. Natural Gas Exports by Vessel to Poland (Dollars per Thousand Cubic Feet),6.85,$/MCF,Poland
2025-03-01,NUS-NPL,POL,EPG0,Natural Gas,EVE,Exports by Vessel,NGM_EPG0_EVE_NUS-NPL_DMCF,Price of Liquefied U.S. Natural Gas Exports by Vessel to Poland (Dollars per Thousand Cubic Feet),7.96,$/MCF,Poland
2025-04-01,NUS-NPL,POL,EPG0,Natural Gas,EVE,Exports by Vessel,NGM_EPG0_EVE_NUS-NPL_DMCF,Price of Liquefied U.S. Natural Gas Exports by Vessel to Poland (Dollars per Thousand Cubic Feet),8.09,$/MCF,Poland
2025-05-01,NUS-NPL,POL,EPG0,Natural Gas,EVE,Exports by Vessel,NGM_EPG0_EVE_NUS-NPL_DMCF,Price of Liquefied U.S. Natural Gas Exports by Vessel to Poland (Dollars per Thousand Cubic Feet),6.46,$/MCF,Poland
2025-06-01,NUS-NPL,POL,EPG0,Natural Gas,EVE,Exports by Vessel,NGM_EPG0_EVE_NUS-NPL_DMCF,Price of Liquefied U.S. Natural Gas Exports by Vessel to Poland (Dollars per Thousand Cubic Feet),6.64,$/MCF,Poland
2025-07-01,NUS-NPL,POL,EPG0,Natural Gas,EVE,Exports by Vessel,NGM_EPG0_EVE_NUS-NPL_DMCF,Price of Liquefied U.S. Natural Gas Exports by Vessel to Poland (Dollars per Thousand Cubic Feet),7.42,$/MCF,Poland
2025-08-01,NUS-NPL,POL,EPG0,Natural Gas,EVE,Exports by Vessel,NGM_EPG0_EVE_NUS-NPL_DMCF,Price of Liquefied U.S. Natural Gas Exports by Vessel to Poland (Dollars per Thousand Cubic Feet),6.05,$/MCF,Poland
2025-09-01,NUS-NPL,POL,EPG0,Natural Gas,EVE,Exports by Vessel,NGM_EPG0_EVE_NUS-NPL_DMCF,Price of Liquefied U.S. Natural Gas Exports by Vessel to Poland (Dollars per Thousand Cubic Feet),7.29,$/MCF,Poland
2025-10-01,NUS-NPL,POL,EPG0,Natural Gas,EVE,Exports by Vessel,NGM_EPG0_EVE_NUS-NPL_DMCF,Price of Liquefied U.S. Natural Gas Exports by Vessel to Poland (Dollars per Thousand Cubic Feet),7.8,$/MCF,Poland
2025-11-01,NUS-NPL,POL,EPG0,Natural Gas,EVE,Exports by Vessel,NGM_EPG0_EVE_NUS-NPL_DMCF,Price of Liquefied U.S. Natural Gas Exports by Vessel to Poland (Dollars per Thousand Cubic Feet),6.77,$/MCF,Poland
2025-12-01,NUS-NPL,POL,EPG0,Natural Gas,EVE,Exports by Vessel,NGM_EPG0_EVE_NUS-NPL_DMCF,Price of Liquefied U.S. Natural Gas Exports by Vessel to Poland (Dollars per Thousand Cubic Feet),7.45,$/MCF,Poland
2026-01-01,NUS-NPL,POL,EPG0,Natural Gas,EVE,Exports by Vessel,NGM_EPG0_EVE_NUS-NPL_DMCF,Price of Liquefied U.S. Natural Gas Exports by Vessel to Poland (Dollars per Thousand Cubic Feet),8.09,$/MCF,Poland
2018-01-01,NUS-NPO,PRT,EPG0,Natural Gas,EVE,Exports by Vessel,NGM_EPG0_EVE_NUS-NPO_DMCF,Price of Liquefied U.S. Natural Gas Exports by Vessel to Portugal (Dollars per Thousand Cubic Feet),3.27,$/MCF,Portugal
2018-02-01,NUS-NPO,PRT,EPG0,Natural Gas,EVE,Exports by Vessel,NGM_EPG0_EVE_NUS-NPO_DMCF,Price of Liquefied U.S. Natural Gas Exports by Vessel to Portugal (Dollars per Thousand Cubic Feet),,$/MCF,Portugal
2018-03-01,NUS-NPO,PRT,EPG0,Natural Gas,EVE,Exports by Vessel,NGM_EPG0_EVE_NUS-NPO_DMCF,Price of Liquefied U.S. Natural Gas Exports by Vessel to Portugal (Dollars per Thousand Cubic Feet),,$/MCF,Portugal
2018-04-01,NUS-NPO,PRT,EPG0,Natural Gas,EVE,Exports by Vessel,NGM_EPG0_EVE_NUS-NPO_DMCF,Price of Liquefied U.S. Natural Gas Exports by Vessel to Portugal (Dollars per Thousand Cubic Feet),,$/MCF,Portugal
2018-05-01,NUS-NPO,PRT,EPG0,Natural Gas,EVE,Exports by Vessel,NGM_EPG0_EVE_NUS-NPO_DMCF,Price of Liquefied U.S. Natural Gas Exports by Vessel to Portugal (Dollars per Thousand Cubic Feet),,$/MCF,Portugal
2018-06-01,NUS-NPO,PRT,EPG0,Natural Gas,EVE,Exports by Vessel,NGM_EPG0_EVE_NUS-NPO_DMCF,Price of Liquefied U.S. Natural Gas Exports by Vessel to Portugal (Dollars per Thousand Cubic Feet),,$/MCF,Portugal
2018-07-01,NUS-NPO,PRT,EPG0,Natural Gas,EVE,Exports by Vessel,NGM_EPG0_EVE_NUS-NPO_DMCF,Price of Liquefied U.S. Natural Gas Exports by Vessel to Portugal (Dollars per Thousand Cubic Feet),,$/MCF,Portugal
2018-08-01,NUS-NPO,PRT,EPG0,Natural Gas,EVE,Exports by Vessel,NGM_EPG0_EVE_NUS-NPO_DMCF,Price of Liquefied U.S. Natural Gas Exports by Vessel to Portugal (Dollars per Thousand Cubic Feet),6.94,$/MCF,Portugal
2018-09-01,NUS-NPO,PRT,EPG0,Natural Gas,EVE,Exports by Vessel,NGM_EPG0_EVE_NUS-NPO_DMCF,Price of Liquefied U.S. Natural Gas Exports by Vessel to Portugal (Dollars per Thousand Cubic Feet),3.46,$/MCF,Portugal
2018-10-01,NUS-NPO,PRT,EPG0,Natural Gas,EVE,Exports by Vessel,NGM_EPG0_EVE_NUS-NPO_DMCF,Price of Liquefied U.S. Natural Gas Exports by Vessel to Portugal (Dollars per Thousand Cubic Feet),,$/MCF,Portugal
2018-11-01,NUS-NPO,PRT,EPG0,Natural Gas,EVE,Exports by Vessel,NGM_EPG0_EVE_NUS-NPO_DMCF,Price of Liquefied U.S. Natural Gas Exports by Vessel to Portugal (Dollars per Thousand Cubic Feet),,$/MCF,Portugal
2018-12-01,NUS-NPO,PRT,EPG0,Natural Gas,EVE,Exports by Vessel,NGM_EPG0_EVE_NUS-NPO_DMCF,Price of Liquefied U.S. Natural Gas Exports by Vessel to Portugal (Dollars per Thousand Cubic Feet),8.79,$/MCF,Portugal
2019-01-01,NUS-NPO,PRT,EPG0,Natural Gas,EVE,Exports by Vessel,NGM_EPG0_EVE_NUS-NPO_DMCF,Price of Liquefied U.S. Natural Gas Exports by Vessel to Portugal (Dollars per Thousand Cubic Feet),6.39,$/MCF,Portugal
2019-02-01,NUS-NPO,PRT,EPG0,Natural Gas,EVE,Exports by Vessel,NGM_EPG0_EVE_NUS-NPO_DMCF,Price of Liquefied U.S. Natural Gas Exports by Vessel to Portugal (Dollars per Thousand Cubic Feet),3.97,$/MCF,Portugal
2019-03-01,NUS-NPO,PRT,EPG0,Natural Gas,EVE,Exports by Vessel,NGM_EPG0_EVE_NUS-NPO_DMCF,Price of Liquefied U.S. Natural Gas Exports by Vessel to Portugal (Dollars per Thousand Cubic Feet),,$/MCF,Portugal
2019-04-01,NUS-NPO,PRT,EPG0,Natural Gas,EVE,Exports by Vessel,NGM_EPG0_EVE_NUS-NPO_DMCF,Price of Liquefied U.S. Natural Gas Exports by Vessel to Portugal (Dollars per Thousand Cubic Feet),3.66,$/MCF,Portugal
2019-05-01,NUS-NPO,PRT,EPG0,Natural Gas,EVE,Exports by Vessel,NGM_EPG0_EVE_NUS-NPO_DMCF,Price of Liquefied U.S. Natural Gas Exports by Vessel to Portugal (Dollars per Thousand Cubic Feet),,$/MCF,Portugal
2019-06-01,NUS-NPO,PRT,EPG0,Natural Gas,EVE,Exports by Vessel,NGM_EPG0_EVE_NUS-NPO_DMCF,Price of Liquefied U.S. Natural Gas Exports by Vessel to Portugal (Dollars per Thousand Cubic Feet),4.24,$/MCF,Portugal
2019-07-01,NUS-NPO,PRT,EPG0,Natural Gas,EVE,Exports by Vessel,NGM_EPG0_EVE_NUS-NPO_DMCF,Price of Liquefied U.S. Natural Gas Exports by Vessel to Portugal (Dollars per Thousand Cubic Feet),5.75,$/MCF,Portugal
2019-08-01,NUS-NPO,PRT,EPG0,Natural Gas,EVE,Exports by Vessel,NGM_EPG0_EVE_NUS-NPO_DMCF,Price of Liquefied U.S. Natural Gas Exports by Vessel to Portugal (Dollars per Thousand Cubic Feet),4.98,$/MCF,Portugal
2019-09-01,NUS-NPO,PRT,EPG0,Natural Gas,EVE,Exports by Vessel,NGM_EPG0_EVE_NUS-NPO_DMCF,Price of Liquefied U.S. Natural Gas Exports by Vessel to Portugal (Dollars per Thousand Cubic Feet),5.28,$/MCF,Portugal
2019-10-01,NUS-NPO,PRT,EPG0,Natural Gas,EVE,Exports by Vessel,NGM_EPG0_EVE_NUS-NPO_DMCF,Price of Liquefied U.S. Natural Gas Exports by Vessel to Portugal (Dollars per Thousand Cubic Feet),5.54,$/MCF,Portugal
2019-11-01,NUS-NPO,PRT,EPG0,Natural Gas,EVE,Exports by Vessel,NGM_EPG0_EVE_NUS-NPO_DMCF,Price of Liquefied U.S. Natural Gas Exports by Vessel to Portugal (Dollars per Thousand Cubic Feet),,$/MCF,Portugal
2019-12-01,NUS-NPO,PRT,EPG0,Natural Gas,EVE,Exports by Vessel,NGM_EPG0_EVE_NUS-NPO_DMCF,Price of Liquefied U.S. Natural Gas Exports by Vessel to Portugal (Dollars per Thousand Cubic Feet),4.78,$/MCF,Portugal
2020-01-01,NUS-NPO,PRT,EPG0,Natural Gas,EVE,Exports by Vessel,NGM_EPG0_EVE_NUS-NPO_DMCF,Price of Liquefied U.S. Natural Gas Exports by Vessel to Portugal (Dollars per Thousand Cubic Feet),,$/MCF,Portugal
2020-02-01,NUS-NPO,PRT,EPG0,Natural Gas,EVE,Exports by Vessel,NGM_EPG0_EVE_NUS-NPO_DMCF,Price of Liquefied U.S. Natural Gas Exports by Vessel to Portugal (Dollars per Thousand Cubic Feet),4.84,$/MCF,Portugal
2020-03-01,NUS-NPO,PRT,EPG0,Natural Gas,EVE,Exports by Vessel,NGM_EPG0_EVE_NUS-NPO_DMCF,Price of Liquefied U.S. Natural Gas Exports by Vessel to Portugal (Dollars per Thousand Cubic Feet),,$/MCF,Portugal
2020-04-01,NUS-NPO,PRT,EPG0,Natural Gas,EVE,Exports by Vessel,NGM_EPG0_EVE_NUS-NPO_DMCF,Price of Liquefied U.S. Natural Gas Exports by Vessel to Portugal (Dollars per Thousand Cubic Feet),5.14,$/MCF,Portugal
2020-05-01,NUS-NPO,PRT,EPG0,Natural Gas,EVE,Exports by Vessel,NGM_EPG0_EVE_NUS-NPO_DMCF,Price of Liquefied U.S. Natural Gas Exports by Vessel to Portugal (Dollars per Thousand Cubic Feet),,$/MCF,Portugal
2020-06-01,NUS-NPO,PRT,EPG0,Natural Gas,EVE,Exports by Vessel,NGM_EPG0_EVE_NUS-NPO_DMCF,Price of Liquefied U.S. Natural Gas Exports by Vessel to Portugal (Dollars per Thousand Cubic Feet),,$/MCF,Portugal
2020-07-01,NUS-NPO,PRT,EPG0,Natural Gas,EVE,Exports by Vessel,NGM_EPG0_EVE_NUS-NPO_DMCF,Price of Liquefied U.S. Natural Gas Exports by Vessel to Portugal (Dollars per Thousand Cubic Feet),,$/MCF,Portugal
2020-08-01,NUS-NPO,PRT,EPG0,Natural Gas,EVE,Exports by Vessel,NGM_EPG0_EVE_NUS-NPO_DMCF,Price of Liquefied U.S. Natural Gas Exports by Vessel to Portugal (Dollars per Thousand Cubic Feet),,$/MCF,Portugal
2020-09-01,NUS-NPO,PRT,EPG0,Natural Gas,EVE,Exports by Vessel,NGM_EPG0_EVE_NUS-NPO_DMCF,Price of Liquefied U.S. Natural Gas Exports by Vessel to Portugal (Dollars per Thousand Cubic Feet),5.08,$/MCF,Portugal
2020-10-01,NUS-NPO,PRT,EPG0,Natural Gas,EVE,Exports by Vessel,NGM_EPG0_EVE_NUS-NPO_DMCF,Price of Liquefied U.S. Natural Gas Exports by Vessel to Portugal (Dollars per Thousand Cubic Feet),3.93,$/MCF,Portugal
2020-11-01,NUS-NPO,PRT,EPG0,Natural Gas,EVE,Exports by Vessel,NGM_EPG0_EVE_NUS-NPO_DMCF,Price of Liquefied U.S. Natural Gas Exports by Vessel to Portugal (Dollars per Thousand Cubic Feet),5.62,$/MCF,Portugal
2020-12-01,NUS-NPO,PRT,EPG0,Natural Gas,EVE,Exports by Vessel,NGM_EPG0_EVE_NUS-NPO_DMCF,Price of Liquefied U.S. Natural Gas Exports by Vessel to Portugal (Dollars per Thousand Cubic Feet),7.12,$/MCF,Portugal
2021-01-01,NUS-NPO,PRT,EPG0,Natural Gas,EVE,Exports by Vessel,NGM_EPG0_EVE_NUS-NPO_DMCF,Price of Liquefied U.S. Natural Gas Exports by Vessel to Portugal (Dollars per Thousand Cubic Feet),,$/MCF,Portugal
2021-02-01,NUS-NPO,PRT,EPG0,Natural Gas,EVE,Exports by Vessel,NGM_EPG0_EVE_NUS-NPO_DMCF,Price of Liquefied U.S. Natural Gas Exports by Vessel to Portugal (Dollars per Thousand Cubic Feet),5.37,$/MCF,Portugal
2021-03-01,NUS-NPO,PRT,EPG0,Natural Gas,EVE,Exports by Vessel,NGM_EPG0_EVE_NUS-NPO_DMCF,Price of Liquefied U.S. Natural Gas Exports by Vessel to Portugal (Dollars per Thousand Cubic Feet),,$/MCF,Portugal
2021-04-01,NUS-NPO,PRT,EPG0,Natural Gas,EVE,Exports by Vessel,NGM_EPG0_EVE_NUS-NPO_DMCF,Price of Liquefied U.S. Natural Gas Exports by Vessel to Portugal (Dollars per Thousand Cubic Feet),5.96,$/MCF,Portugal
2021-05-01,NUS-NPO,PRT,EPG0,Natural Gas,EVE,Exports by Vessel,NGM_EPG0_EVE_NUS-NPO_DMCF,Price of Liquefied U.S. Natural Gas Exports by Vessel to Portugal (Dollars per Thousand Cubic Feet),4.7,$/MCF,Portugal
2021-06-01,NUS-NPO,PRT,EPG0,Natural Gas,EVE,Exports by Vessel,NGM_EPG0_EVE_NUS-NPO_DMCF,Price of Liquefied U.S. Natural Gas Exports by Vessel to Portugal (Dollars per Thousand Cubic Feet),5.1,$/MCF,Portugal
2021-07-01,NUS-NPO,PRT,EPG0,Natural Gas,EVE,Exports by Vessel,NGM_EPG0_EVE_NUS-NPO_DMCF,Price of Liquefied U.S. Natural Gas Exports by Vessel to Portugal (Dollars per Thousand Cubic Feet),7.44,$/MCF,Portugal
2021-08-01,NUS-NPO,PRT,EPG0,Natural Gas,EVE,Exports by Vessel,NGM_EPG0_EVE_NUS-NPO_DMCF,Price of Liquefied U.S. Natural Gas Exports by Vessel to Portugal (Dollars per Thousand Cubic Feet),7.93,$/MCF,Portugal
2021-09-01,NUS-NPO,PRT,EPG0,Natural Gas,EVE,Exports by Vessel,NGM_EPG0_EVE_NUS-NPO_DMCF,Price of Liquefied U.S. Natural Gas Exports by Vessel to Portugal (Dollars per Thousand Cubic Feet),7.3,$/MCF,Portugal
2021-10-01,NUS-NPO,PRT,EPG0,Natural Gas,EVE,Exports by Vessel,NGM_EPG0_EVE_NUS-NPO_DMCF,Price of Liquefied U.S. Natural Gas Exports by Vessel to Portugal (Dollars per Thousand Cubic Feet),16.86,$/MCF,Portugal
2021-11-01,NUS-NPO,PRT,EPG0,Natural Gas,EVE,Exports by Vessel,NGM_EPG0_EVE_NUS-NPO_DMCF,Price of Liquefied U.S. Natural Gas Exports by Vessel to Portugal (Dollars per Thousand Cubic Feet),10.49,$/MCF,Portugal
2021-12-01,NUS-NPO,PRT,EPG0,Natural Gas,EVE,Exports by Vessel,NGM_EPG0_EVE_NUS-NPO_DMCF,Price of Liquefied U.S. Natural Gas Exports by Vessel to Portugal (Dollars per Thousand Cubic Feet),9.26,$/MCF,Portugal
2022-01-01,NUS-NPO,PRT,EPG0,Natural Gas,EVE,Exports by Vessel,NGM_EPG0_EVE_NUS-NPO_DMCF,Price of Liquefied U.S. Natural Gas Exports by Vessel to Portugal (Dollars per Thousand Cubic Feet),7.43,$/MCF,Portugal
2022-02-01,NUS-NPO,PRT,EPG0,Natural Gas,EVE,Exports by Vessel,NGM_EPG0_EVE_NUS-NPO_DMCF,Price of Liquefied U.S. Natural Gas Exports by Vessel to Portugal (Dollars per Thousand Cubic Feet),9.56,$/MCF,Portugal
2022-03-01,NUS-NPO,PRT,EPG0,Natural Gas,EVE,Exports by Vessel,NGM_EPG0_EVE_NUS-NPO_DMCF,Price of Liquefied U.S. Natural Gas Exports by Vessel to Portugal (Dollars per Thousand Cubic Feet),7.83,$/MCF,Portugal
2022-04-01,NUS-NPO,PRT,EPG0,Natural Gas,EVE,Exports by Vessel,NGM_EPG0_EVE_NUS-NPO_DMCF,Price of Liquefied U.S. Natural Gas Exports by Vessel to Portugal (Dollars per Thousand Cubic Feet),9.34,$/MCF,Portugal
2022-05-01,NUS-NPO,PRT,EPG0,Natural Gas,EVE,Exports by Vessel,NGM_EPG0_EVE_NUS-NPO_DMCF,Price of Liquefied U.S. Natural Gas Exports by Vessel to Portugal (Dollars per Thousand Cubic Feet),11.58,$/MCF,Portugal
2022-06-01,NUS-NPO,PRT,EPG0,Natural Gas,EVE,Exports by Vessel,NGM_EPG0_EVE_NUS-NPO_DMCF,Price of Liquefied U.S. Natural Gas Exports by Vessel to Portugal (Dollars per Thousand Cubic Feet),12.49,$/MCF,Portugal
2022-07-01,NUS-NPO,PRT,EPG0,Natural Gas,EVE,Exports by Vessel,NGM_EPG0_EVE_NUS-NPO_DMCF,Price of Liquefied U.S. Natural Gas Exports by Vessel to Portugal (Dollars per Thousand Cubic Feet),10.69,$/MCF,Portugal
2022-08-01,NUS-NPO,PRT,EPG0,Natural Gas,EVE,Exports by Vessel,NGM_EPG0_EVE_NUS-NPO_DMCF,Price of Liquefied U.S. Natural Gas Exports by Vessel to Portugal (Dollars per Thousand Cubic Feet),13.02,$/MCF,Portugal
2022-09-01,NUS-NPO,PRT,EPG0,Natural Gas,EVE,Exports by Vessel,NGM_EPG0_EVE_NUS-NPO_DMCF,Price of Liquefied U.S. Natural Gas Exports by Vessel to Portugal (Dollars per Thousand Cubic Feet),13.89,$/MCF,Portugal
2022-10-01,NUS-NPO,PRT,EPG0,Natural Gas,EVE,Exports by Vessel,NGM_EPG0_EVE_NUS-NPO_DMCF,Price of Liquefied U.S. Natural Gas Exports by Vessel to Portugal (Dollars per Thousand Cubic Feet),10.54,$/MCF,Portugal
2022-11-01,NUS-NPO,PRT,EPG0,Natural Gas,EVE,Exports by Vessel,NGM_EPG0_EVE_NUS-NPO_DMCF,Price of Liquefied U.S. Natural Gas Exports by Vessel to Portugal (Dollars per Thousand Cubic Feet),9.89,$/MCF,Portugal
2022-12-01,NUS-NPO,PRT,EPG0,Natural Gas,EVE,Exports by Vessel,NGM_EPG0_EVE_NUS-NPO_DMCF,Price of Liquefied U.S. Natural Gas Exports by Vessel to Portugal (Dollars per Thousand Cubic Feet),10.08,$/MCF,Portugal
2023-01-01,NUS-NPO,PRT,EPG0,Natural Gas,EVE,Exports by Vessel,NGM_EPG0_EVE_NUS-NPO_DMCF,Price of Liquefied U.S. Natural Gas Exports by Vessel to Portugal (Dollars per Thousand Cubic Feet),7.99,$/MCF,Portugal
2023-02-01,NUS-NPO,PRT,EPG0,Natural Gas,EVE,Exports by Vessel,NGM_EPG0_EVE_NUS-NPO_DMCF,Price of Liquefied U.S. Natural Gas Exports by Vessel to Portugal (Dollars per Thousand Cubic Feet),6.08,$/MCF,Portugal
2023-03-01,NUS-NPO,PRT,EPG0,Natural Gas,EVE,Exports by Vessel,NGM_EPG0_EVE_NUS-NPO_DMCF,Price of Liquefied U.S. Natural Gas Exports by Vessel to Portugal (Dollars per Thousand Cubic Feet),5.29,$/MCF,Portugal
2023-04-01,NUS-NPO,PRT,EPG0,Natural Gas,EVE,Exports by Vessel,NGM_EPG0_EVE_NUS-NPO_DMCF,Price of Liquefied U.S. Natural Gas Exports by Vessel to Portugal (Dollars per Thousand Cubic Feet),5.2,$/MCF,Portugal
2023-05-01,NUS-NPO,PRT,EPG0,Natural Gas,EVE,Exports by Vessel,NGM_EPG0_EVE_NUS-NPO_DMCF,Price of Liquefied U.S. Natural Gas Exports by Vessel to Portugal (Dollars per Thousand Cubic Feet),5.7,$/MCF,Portugal
2023-06-01,NUS-NPO,PRT,EPG0,Natural Gas,EVE,Exports by Vessel,NGM_EPG0_EVE_NUS-NPO_DMCF,Price of Liquefied U.S. Natural Gas Exports by Vessel to Portugal (Dollars per Thousand Cubic Feet),4.69,$/MCF,Portugal
2023-07-01,NUS-NPO,PRT,EPG0,Natural Gas,EVE,Exports by Vessel,NGM_EPG0_EVE_NUS-NPO_DMCF,Price of Liquefied U.S. Natural Gas Exports by Vessel to Portugal (Dollars per Thousand Cubic Feet),5.95,$/MCF,Portugal
2023-08-01,NUS-NPO,PRT,EPG0,Natural Gas,EVE,Exports by Vessel,NGM_EPG0_EVE_NUS-NPO_DMCF,Price of Liquefied U.S. Natural Gas Exports by Vessel to Portugal (Dollars per Thousand Cubic Feet),5.36,$/MCF,Portugal
2023-09-01,NUS-NPO,PRT,EPG0,Natural Gas,EVE,Exports by Vessel,NGM_EPG0_EVE_NUS-NPO_DMCF,Price of Liquefied U.S. Natural Gas Exports by Vessel to Portugal (Dollars per Thousand Cubic Feet),5.43,$/MCF,Portugal
2023-10-01,NUS-NPO,PRT,EPG0,Natural Gas,EVE,Exports by Vessel,NGM_EPG0_EVE_NUS-NPO_DMCF,Price of Liquefied U.S. Natural Gas Exports by Vessel to Portugal (Dollars per Thousand Cubic Feet),5.68,$/MCF,Portugal
2023-11-01,NUS-NPO,PRT,EPG0,Natural Gas,EVE,Exports by Vessel,NGM_EPG0_EVE_NUS-NPO_DMCF,Price of Liquefied U.S. Natural Gas Exports by Vessel to Portugal (Dollars per Thousand Cubic Feet),5.86,$/MCF,Portugal
2023-12-01,NUS-NPO,PRT,EPG0,Natural Gas,EVE,Exports by Vessel,NGM_EPG0_EVE_NUS-NPO_DMCF,Price of Liquefied U.S. Natural Gas Exports by Vessel to Portugal (Dollars per Thousand Cubic Feet),6.97,$/MCF,Portugal
2024-01-01,NUS-NPO,PRT,EPG0,Natural Gas,EVE,Exports by Vessel,NGM_EPG0_EVE_NUS-NPO_DMCF,Price of Liquefied U.S. Natural Gas Exports by Vessel to Portugal (Dollars per Thousand Cubic Feet),5.96,$/MCF,Portugal
2024-02-01,NUS-NPO,PRT,EPG0,Natural Gas,EVE,Exports by Vessel,NGM_EPG0_EVE_NUS-NPO_DMCF,Price of Liquefied U.S. Natural Gas Exports by Vessel to Portugal (Dollars per Thousand Cubic Feet),5.87,$/MCF,Portugal
2024-03-01,NUS-NPO,PRT,EPG0,Natural Gas,EVE,Exports by Vessel,NGM_EPG0_EVE_NUS-NPO_DMCF,Price of Liquefied U.S. Natural Gas Exports by Vessel to Portugal (Dollars per Thousand Cubic Feet),4.01,$/MCF,Portugal
2024-04-01,NUS-NPO,PRT,EPG0,Natural Gas,EVE,Exports by Vessel,NGM_EPG0_EVE_NUS-NPO_DMCF,Price of Liquefied U.S. Natural Gas Exports by Vessel to Portugal (Dollars per Thousand Cubic Feet),4.74,$/MCF,Portugal
2024-05-01,NUS-NPO,PRT,EPG0,Natural Gas,EVE,Exports by Vessel,NGM_EPG0_EVE_NUS-NPO_DMCF,Price of Liquefied U.S. Natural Gas Exports by Vessel to Portugal (Dollars per Thousand Cubic Feet),5.32,$/MCF,Portugal
2024-06-01,NUS-NPO,PRT,EPG0,Natural Gas,EVE,Exports by Vessel,NGM_EPG0_EVE_NUS-NPO_DMCF,Price of Liquefied U.S. Natural Gas Exports by Vessel to Portugal (Dollars per Thousand Cubic Feet),5.42,$/MCF,Portugal
2024-07-01,NUS-NPO,PRT,EPG0,Natural Gas,EVE,Exports by Vessel,NGM_EPG0_EVE_NUS-NPO_DMCF,Price of Liquefied U.S. Natural Gas Exports by Vessel to Portugal (Dollars per Thousand Cubic Feet),5.54,$/MCF,Portugal
2024-08-01,NUS-NPO,PRT,EPG0,Natural Gas,EVE,Exports by Vessel,NGM_EPG0_EVE_NUS-NPO_DMCF,Price of Liquefied U.S. Natural Gas Exports by Vessel to Portugal (Dollars per Thousand Cubic Feet),4.67,$/MCF,Portugal
2024-09-01,NUS-NPO,PRT,EPG0,Natural Gas,EVE,Exports by Vessel,NGM_EPG0_EVE_NUS-NPO_DMCF,Price of Liquefied U.S. Natural Gas Exports by Vessel to Portugal (Dollars per Thousand Cubic Feet),4.67,$/MCF,Portugal
2024-10-01,NUS-NPO,PRT,EPG0,Natural Gas,EVE,Exports by Vessel,NGM_EPG0_EVE_NUS-NPO_DMCF,Price of Liquefied U.S. Natural Gas Exports by Vessel to Portugal (Dollars per Thousand Cubic Feet),5.16,$/MCF,Portugal
2024-11-01,NUS-NPO,PRT,EPG0,Natural Gas,EVE,Exports by Vessel,NGM_EPG0_EVE_NUS-NPO_DMCF,Price of Liquefied U.S. Natural Gas Exports by Vessel to Portugal (Dollars per Thousand Cubic Feet),5.2,$/MCF,Portugal
2024-12-01,NUS-NPO,PRT,EPG0,Natural Gas,EVE,Exports by Vessel,NGM_EPG0_EVE_NUS-NPO_DMCF,Price of Liquefied U.S. Natural Gas Exports by Vessel to Portugal (Dollars per Thousand Cubic Feet),6.18,$/MCF,Portugal
2025-01-01,NUS-NPO,PRT,EPG0,Natural Gas,EVE,Exports by Vessel,NGM_EPG0_EVE_NUS-NPO_DMCF,Price of Liquefied U.S. Natural Gas Exports by Vessel to Portugal (Dollars per Thousand Cubic Feet),7.06,$/MCF,Portugal
2025-02-01,NUS-NPO,PRT,EPG0,Natural Gas,EVE,Exports by Vessel,NGM_EPG0_EVE_NUS-NPO_DMCF,Price of Liquefied U.S. Natural Gas Exports by Vessel to Portugal (Dollars per Thousand Cubic Feet),6.31,$/MCF,Portugal
2025-03-01,NUS-NPO,PRT,EPG0,Natural Gas,EVE,Exports by Vessel,NGM_EPG0_EVE_NUS-NPO_DMCF,Price of Liquefied U.S. Natural Gas Exports by Vessel to Portugal (Dollars per Thousand Cubic Feet),7.37,$/MCF,Portugal
2025-04-01,NUS-NPO,PRT,EPG0,Natural Gas,EVE,Exports by Vessel,NGM_EPG0_EVE_NUS-NPO_DMCF,Price of Liquefied U.S. Natural Gas Exports by Vessel to Portugal (Dollars per Thousand Cubic Feet),6.8,$/MCF,Portugal
2025-05-01,NUS-NPO,PRT,EPG0,Natural Gas,EVE,Exports by Vessel,NGM_EPG0_EVE_NUS-NPO_DMCF,Price of Liquefied U.S. Natural Gas Exports by Vessel to Portugal (Dollars per Thousand Cubic Feet),5.87,$/MCF,Portugal
2025-06-01,NUS-NPO,PRT,EPG0,Natural Gas,EVE,Exports by Vessel,NGM_EPG0_EVE_NUS-NPO_DMCF,Price of Liquefied U.S. Natural Gas Exports by Vessel to Portugal (Dollars per Thousand Cubic Feet),6.19,$/MCF,Portugal
2025-07-01,NUS-NPO,PRT,EPG0,Natural Gas,EVE,Exports by Vessel,NGM_EPG0_EVE_NUS-NPO_DMCF,Price of Liquefied U.S. Natural Gas Exports by Vessel to Portugal (Dollars per Thousand Cubic Feet),7.13,$/MCF,Portugal
2025-08-01,NUS-NPO,PRT,EPG0,Natural Gas,EVE,Exports by Vessel,NGM_EPG0_EVE_NUS-NPO_DMCF,Price of Liquefied U.S. Natural Gas Exports by Vessel to Portugal (Dollars per Thousand Cubic Feet),6.54,$/MCF,Portugal
2025-09-01,NUS-NPO,PRT,EPG0,Natural Gas,EVE,Exports by Vessel,NGM_EPG0_EVE_NUS-NPO_DMCF,Price of Liquefied U.S. Natural Gas Exports by Vessel to Portugal (Dollars per Thousand Cubic Feet),5.73,$/MCF,Portugal
2025-10-01,NUS-NPO,PRT,EPG0,Natural Gas,EVE,Exports by Vessel,NGM_EPG0_EVE_NUS-NPO_DMCF,Price of Liquefied U.S. Natural Gas Exports by Vessel to Portugal (Dollars per Thousand Cubic Feet),5.47,$/MCF,Portugal
2025-11-01,NUS-NPO,PRT,EPG0,Natural Gas,EVE,Exports by Vessel,NGM_EPG0_EVE_NUS-NPO_DMCF,Price of Liquefied U.S. Natural Gas Exports by Vessel to Portugal (Dollars per Thousand Cubic Feet),6.11,$/MCF,Portugal
2025-12-01,NUS-NPO,PRT,EPG0,Natural Gas,EVE,Exports by Vessel,NGM_EPG0_EVE_NUS-NPO_DMCF,Price of Liquefied U.S. Natural Gas Exports by Vessel to Portugal (Dollars per Thousand Cubic Feet),7.37,$/MCF,Portugal
2026-01-01,NUS-NPO,PRT,EPG0,Natural Gas,EVE,Exports by Vessel,NGM_EPG0_EVE_NUS-NPO_DMCF,Price of Liquefied U.S. Natural Gas Exports by Vessel to Portugal (Dollars per Thousand Cubic Feet),8.35,$/MCF,Portugal
2018-01-01,NUS-NGR,GRC,EPG0,Natural Gas,EVE,Exports by Vessel,NGM_EPG0_EVE_NUS-NGR_DMCF,Price of Liquefied U.S. Natural Gas Exports by Vessels to Greece  (Dollars per Thousand Cubic Feet),,$/MCF,Greece
2018-02-01,NUS-NGR,GRC,EPG0,Natural Gas,EVE,Exports by Vessel,NGM_EPG0_EVE_NUS-NGR_DMCF,Price of Liquefied U.S. Natural Gas Exports by Vessels to Greece  (Dollars per Thousand Cubic Feet),,$/MCF,Greece
2018-03-01,NUS-NGR,GRC,EPG0,Natural Gas,EVE,Exports by Vessel,NGM_EPG0_EVE_NUS-NGR_DMCF,Price of Liquefied U.S. Natural Gas Exports by Vessels to Greece  (Dollars per Thousand Cubic Feet),,$/MCF,Greece
2018-04-01,NUS-NGR,GRC,EPG0,Natural Gas,EVE,Exports by Vessel,NGM_EPG0_EVE_NUS-NGR_DMCF,Price of Liquefied U.S. Natural Gas Exports by Vessels to Greece  (Dollars per Thousand Cubic Feet),,$/MCF,Greece
2018-05-01,NUS-NGR,GRC,EPG0,Natural Gas,EVE,Exports by Vessel,NGM_EPG0_EVE_NUS-NGR_DMCF,Price of Liquefied U.S. Natural Gas Exports by Vessels to Greece  (Dollars per Thousand Cubic Feet),,$/MCF,Greece
2018-06-01,NUS-NGR,GRC,EPG0,Natural Gas,EVE,Exports by Vessel,NGM_EPG0_EVE_NUS-NGR_DMCF,Price of Liquefied U.S. Natural Gas Exports by Vessels to Greece  (Dollars per Thousand Cubic Feet),,$/MCF,Greece
2018-07-01,NUS-NGR,GRC,EPG0,Natural Gas,EVE,Exports by Vessel,NGM_EPG0_EVE_NUS-NGR_DMCF,Price of Liquefied U.S. Natural Gas Exports by Vessels to Greece  (Dollars per Thousand Cubic Feet),,$/MCF,Greece
2018-08-01,NUS-NGR,GRC,EPG0,Natural Gas,EVE,Exports by Vessel,NGM_EPG0_EVE_NUS-NGR_DMCF,Price of Liquefied U.S. Natural Gas Exports by Vessels to Greece  (Dollars per Thousand Cubic Feet),,$/MCF,Greece
2018-09-01,NUS-NGR,GRC,EPG0,Natural Gas,EVE,Exports by Vessel,NGM_EPG0_EVE_NUS-NGR_DMCF,Price of Liquefied U.S. Natural Gas Exports by Vessels to Greece  (Dollars per Thousand Cubic Feet),,$/MCF,Greece
2018-10-01,NUS-NGR,GRC,EPG0,Natural Gas,EVE,Exports by Vessel,NGM_EPG0_EVE_NUS-NGR_DMCF,Price of Liquefied U.S. Natural Gas Exports by Vessels to Greece  (Dollars per Thousand Cubic Feet),,$/MCF,Greece
2018-11-01,NUS-NGR,GRC,EPG0,Natural Gas,EVE,Exports by Vessel,NGM_EPG0_EVE_NUS-NGR_DMCF,Price of Liquefied U.S. Natural Gas Exports by Vessels to Greece  (Dollars per Thousand Cubic Feet),,$/MCF,Greece
2018-12-01,NUS-NGR,GRC,EPG0,Natural Gas,EVE,Exports by Vessel,NGM_EPG0_EVE_NUS-NGR_DMCF,Price of Liquefied U.S. Natural Gas Exports by Vessels to Greece  (Dollars per Thousand Cubic Feet),7.62,$/MCF,Greece
2019-01-01,NUS-NGR,GRC,EPG0,Natural Gas,EVE,Exports by Vessel,NGM_EPG0_EVE_NUS-NGR_DMCF,Price of Liquefied U.S. Natural Gas Exports by Vessels to Greece  (Dollars per Thousand Cubic Feet),,$/MCF,Greece
2019-02-01,NUS-NGR,GRC,EPG0,Natural Gas,EVE,Exports by Vessel,NGM_EPG0_EVE_NUS-NGR_DMCF,Price of Liquefied U.S. Natural Gas Exports by Vessels to Greece  (Dollars per Thousand Cubic Feet),6.84,$/MCF,Greece
2019-03-01,NUS-NGR,GRC,EPG0,Natural Gas,EVE,Exports by Vessel,NGM_EPG0_EVE_NUS-NGR_DMCF,Price of Liquefied U.S. Natural Gas Exports by Vessels to Greece  (Dollars per Thousand Cubic Feet),,$/MCF,Greece
2019-04-01,NUS-NGR,GRC,EPG0,Natural Gas,EVE,Exports by Vessel,NGM_EPG0_EVE_NUS-NGR_DMCF,Price of Liquefied U.S. Natural Gas Exports by Vessels to Greece  (Dollars per Thousand Cubic Feet),,$/MCF,Greece
2019-05-01,NUS-NGR,GRC,EPG0,Natural Gas,EVE,Exports by Vessel,NGM_EPG0_EVE_NUS-NGR_DMCF,Price of Liquefied U.S. Natural Gas Exports by Vessels to Greece  (Dollars per Thousand Cubic Feet),3.97,$/MCF,Greece
2019-06-01,NUS-NGR,GRC,EPG0,Natural Gas,EVE,Exports by Vessel,NGM_EPG0_EVE_NUS-NGR_DMCF,Price of Liquefied U.S. Natural Gas Exports by Vessels to Greece  (Dollars per Thousand Cubic Feet),,$/MCF,Greece
2019-07-01,NUS-NGR,GRC,EPG0,Natural Gas,EVE,Exports by Vessel,NGM_EPG0_EVE_NUS-NGR_DMCF,Price of Liquefied U.S. Natural Gas Exports by Vessels to Greece  (Dollars per Thousand Cubic Feet),,$/MCF,Greece
2019-08-01,NUS-NGR,GRC,EPG0,Natural Gas,EVE,Exports by Vessel,NGM_EPG0_EVE_NUS-NGR_DMCF,Price of Liquefied U.S. Natural Gas Exports by Vessels to Greece  (Dollars per Thousand Cubic Feet),,$/MCF,Greece
2019-09-01,NUS-NGR,GRC,EPG0,Natural Gas,EVE,Exports by Vessel,NGM_EPG0_EVE_NUS-NGR_DMCF,Price of Liquefied U.S. Natural Gas Exports by Vessels to Greece  (Dollars per Thousand Cubic Feet),,$/MCF,Greece
2019-10-01,NUS-NGR,GRC,EPG0,Natural Gas,EVE,Exports by Vessel,NGM_EPG0_EVE_NUS-NGR_DMCF,Price of Liquefied U.S. Natural Gas Exports by Vessels to Greece  (Dollars per Thousand Cubic Feet),,$/MCF,Greece
2019-11-01,NUS-NGR,GRC,EPG0,Natural Gas,EVE,Exports by Vessel,NGM_EPG0_EVE_NUS-NGR_DMCF,Price of Liquefied U.S. Natural Gas Exports by Vessels to Greece  (Dollars per Thousand Cubic Feet),,$/MCF,Greece
2019-12-01,NUS-NGR,GRC,EPG0,Natural Gas,EVE,Exports by Vessel,NGM_EPG0_EVE_NUS-NGR_DMCF,Price of Liquefied U.S. Natural Gas Exports by Vessels to Greece  (Dollars per Thousand Cubic Feet),6.36,$/MCF,Greece
2020-01-01,NUS-NGR,GRC,EPG0,Natural Gas,EVE,Exports by Vessel,NGM_EPG0_EVE_NUS-NGR_DMCF,Price of Liquefied U.S. Natural Gas Exports by Vessels to Greece  (Dollars per Thousand Cubic Feet),7.1,$/MCF,Greece
2020-02-01,NUS-NGR,GRC,EPG0,Natural Gas,EVE,Exports by Vessel,NGM_EPG0_EVE_NUS-NGR_DMCF,Price of Liquefied U.S. Natural Gas Exports by Vessels to Greece  (Dollars per Thousand Cubic Feet),,$/MCF,Greece
2020-03-01,NUS-NGR,GRC,EPG0,Natural Gas,EVE,Exports by Vessel,NGM_EPG0_EVE_NUS-NGR_DMCF,Price of Liquefied U.S. Natural Gas Exports by Vessels to Greece  (Dollars per Thousand Cubic Feet),5.18,$/MCF,Greece
2020-04-01,NUS-NGR,GRC,EPG0,Natural Gas,EVE,Exports by Vessel,NGM_EPG0_EVE_NUS-NGR_DMCF,Price of Liquefied U.S. Natural Gas Exports by Vessels to Greece  (Dollars per Thousand Cubic Feet),5.08,$/MCF,Greece
2020-05-01,NUS-NGR,GRC,EPG0,Natural Gas,EVE,Exports by Vessel,NGM_EPG0_EVE_NUS-NGR_DMCF,Price of Liquefied U.S. Natural Gas Exports by Vessels to Greece  (Dollars per Thousand Cubic Feet),5.08,$/MCF,Greece
2020-06-01,NUS-NGR,GRC,EPG0,Natural Gas,EVE,Exports by Vessel,NGM_EPG0_EVE_NUS-NGR_DMCF,Price of Liquefied U.S. Natural Gas Exports by Vessels to Greece  (Dollars per Thousand Cubic Feet),5.47,$/MCF,Greece
2020-07-01,NUS-NGR,GRC,EPG0,Natural Gas,EVE,Exports by Vessel,NGM_EPG0_EVE_NUS-NGR_DMCF,Price of Liquefied U.S. Natural Gas Exports by Vessels to Greece  (Dollars per Thousand Cubic Feet),6.67,$/MCF,Greece
2020-08-01,NUS-NGR,GRC,EPG0,Natural Gas,EVE,Exports by Vessel,NGM_EPG0_EVE_NUS-NGR_DMCF,Price of Liquefied U.S. Natural Gas Exports by Vessels to Greece  (Dollars per Thousand Cubic Feet),,$/MCF,Greece
2020-09-01,NUS-NGR,GRC,EPG0,Natural Gas,EVE,Exports by Vessel,NGM_EPG0_EVE_NUS-NGR_DMCF,Price of Liquefied U.S. Natural Gas Exports by Vessels to Greece  (Dollars per Thousand Cubic Feet),4.52,$/MCF,Greece
2020-10-01,NUS-NGR,GRC,EPG0,Natural Gas,EVE,Exports by Vessel,NGM_EPG0_EVE_NUS-NGR_DMCF,Price of Liquefied U.S. Natural Gas Exports by Vessels to Greece  (Dollars per Thousand Cubic Feet),,$/MCF,Greece
2020-11-01,NUS-NGR,GRC,EPG0,Natural Gas,EVE,Exports by Vessel,NGM_EPG0_EVE_NUS-NGR_DMCF,Price of Liquefied U.S. Natural Gas Exports by Vessels to Greece  (Dollars per Thousand Cubic Feet),6.11,$/MCF,Greece
2020-12-01,NUS-NGR,GRC,EPG0,Natural Gas,EVE,Exports by Vessel,NGM_EPG0_EVE_NUS-NGR_DMCF,Price of Liquefied U.S. Natural Gas Exports by Vessels to Greece  (Dollars per Thousand Cubic Feet),6.08,$/MCF,Greece
2021-01-01,NUS-NGR,GRC,EPG0,Natural Gas,EVE,Exports by Vessel,NGM_EPG0_EVE_NUS-NGR_DMCF,Price of Liquefied U.S. Natural Gas Exports by Vessels to Greece  (Dollars per Thousand Cubic Feet),5.56,$/MCF,Greece
2021-02-01,NUS-NGR,GRC,EPG0,Natural Gas,EVE,Exports by Vessel,NGM_EPG0_EVE_NUS-NGR_DMCF,Price of Liquefied U.S. Natural Gas Exports by Vessels to Greece  (Dollars per Thousand Cubic Feet),,$/MCF,Greece
2021-03-01,NUS-NGR,GRC,EPG0,Natural Gas,EVE,Exports by Vessel,NGM_EPG0_EVE_NUS-NGR_DMCF,Price of Liquefied U.S. Natural Gas Exports by Vessels to Greece  (Dollars per Thousand Cubic Feet),5.33,$/MCF,Greece
2021-04-01,NUS-NGR,GRC,EPG0,Natural Gas,EVE,Exports by Vessel,NGM_EPG0_EVE_NUS-NGR_DMCF,Price of Liquefied U.S. Natural Gas Exports by Vessels to Greece  (Dollars per Thousand Cubic Feet),,$/MCF,Greece
2021-05-01,NUS-NGR,GRC,EPG0,Natural Gas,EVE,Exports by Vessel,NGM_EPG0_EVE_NUS-NGR_DMCF,Price of Liquefied U.S. Natural Gas Exports by Vessels to Greece  (Dollars per Thousand Cubic Feet),6.11,$/MCF,Greece
2021-06-01,NUS-NGR,GRC,EPG0,Natural Gas,EVE,Exports by Vessel,NGM_EPG0_EVE_NUS-NGR_DMCF,Price of Liquefied U.S. Natural Gas Exports by Vessels to Greece  (Dollars per Thousand Cubic Feet),,$/MCF,Greece
2021-07-01,NUS-NGR,GRC,EPG0,Natural Gas,EVE,Exports by Vessel,NGM_EPG0_EVE_NUS-NGR_DMCF,Price of Liquefied U.S. Natural Gas Exports by Vessels to Greece  (Dollars per Thousand Cubic Feet),7.19,$/MCF,Greece
2021-08-01,NUS-NGR,GRC,EPG0,Natural Gas,EVE,Exports by Vessel,NGM_EPG0_EVE_NUS-NGR_DMCF,Price of Liquefied U.S. Natural Gas Exports by Vessels to Greece  (Dollars per Thousand Cubic Feet),7.97,$/MCF,Greece
2021-09-01,NUS-NGR,GRC,EPG0,Natural Gas,EVE,Exports by Vessel,NGM_EPG0_EVE_NUS-NGR_DMCF,Price of Liquefied U.S. Natural Gas Exports by Vessels to Greece  (Dollars per Thousand Cubic Feet),8.99,$/MCF,Greece
2021-10-01,NUS-NGR,GRC,EPG0,Natural Gas,EVE,Exports by Vessel,NGM_EPG0_EVE_NUS-NGR_DMCF,Price of Liquefied U.S. Natural Gas Exports by Vessels to Greece  (Dollars per Thousand Cubic Feet),10.12,$/MCF,Greece
2021-11-01,NUS-NGR,GRC,EPG0,Natural Gas,EVE,Exports by Vessel,NGM_EPG0_EVE_NUS-NGR_DMCF,Price of Liquefied U.S. Natural Gas Exports by Vessels to Greece  (Dollars per Thousand Cubic Feet),9.31,$/MCF,Greece
2021-12-01,NUS-NGR,GRC,EPG0,Natural Gas,EVE,Exports by Vessel,NGM_EPG0_EVE_NUS-NGR_DMCF,Price of Liquefied U.S. Natural Gas Exports by Vessels to Greece  (Dollars per Thousand Cubic Feet),9.63,$/MCF,Greece
2022-01-01,NUS-NGR,GRC,EPG0,Natural Gas,EVE,Exports by Vessel,NGM_EPG0_EVE_NUS-NGR_DMCF,Price of Liquefied U.S. Natural Gas Exports by Vessels to Greece  (Dollars per Thousand Cubic Feet),7.77,$/MCF,Greece
2022-02-01,NUS-NGR,GRC,EPG0,Natural Gas,EVE,Exports by Vessel,NGM_EPG0_EVE_NUS-NGR_DMCF,Price of Liquefied U.S. Natural Gas Exports by Vessels to Greece  (Dollars per Thousand Cubic Feet),8.69,$/MCF,Greece
2022-03-01,NUS-NGR,GRC,EPG0,Natural Gas,EVE,Exports by Vessel,NGM_EPG0_EVE_NUS-NGR_DMCF,Price of Liquefied U.S. Natural Gas Exports by Vessels to Greece  (Dollars per Thousand Cubic Feet),8.55,$/MCF,Greece
2022-04-01,NUS-NGR,GRC,EPG0,Natural Gas,EVE,Exports by Vessel,NGM_EPG0_EVE_NUS-NGR_DMCF,Price of Liquefied U.S. Natural Gas Exports by Vessels to Greece  (Dollars per Thousand Cubic Feet),9.53,$/MCF,Greece
2022-05-01,NUS-NGR,GRC,EPG0,Natural Gas,EVE,Exports by Vessel,NGM_EPG0_EVE_NUS-NGR_DMCF,Price of Liquefied U.S. Natural Gas Exports by Vessels to Greece  (Dollars per Thousand Cubic Feet),12.82,$/MCF,Greece
2022-06-01,NUS-NGR,GRC,EPG0,Natural Gas,EVE,Exports by Vessel,NGM_EPG0_EVE_NUS-NGR_DMCF,Price of Liquefied U.S. Natural Gas Exports by Vessels to Greece  (Dollars per Thousand Cubic Feet),13.5,$/MCF,Greece
2022-07-01,NUS-NGR,GRC,EPG0,Natural Gas,EVE,Exports by Vessel,NGM_EPG0_EVE_NUS-NGR_DMCF,Price of Liquefied U.S. Natural Gas Exports by Vessels to Greece  (Dollars per Thousand Cubic Feet),11.25,$/MCF,Greece
2022-08-01,NUS-NGR,GRC,EPG0,Natural Gas,EVE,Exports by Vessel,NGM_EPG0_EVE_NUS-NGR_DMCF,Price of Liquefied U.S. Natural Gas Exports by Vessels to Greece  (Dollars per Thousand Cubic Feet),23.35,$/MCF,Greece
2022-09-01,NUS-NGR,GRC,EPG0,Natural Gas,EVE,Exports by Vessel,NGM_EPG0_EVE_NUS-NGR_DMCF,Price of Liquefied U.S. Natural Gas Exports by Vessels to Greece  (Dollars per Thousand Cubic Feet),,$/MCF,Greece
2022-10-01,NUS-NGR,GRC,EPG0,Natural Gas,EVE,Exports by Vessel,NGM_EPG0_EVE_NUS-NGR_DMCF,Price of Liquefied U.S. Natural Gas Exports by Vessels to Greece  (Dollars per Thousand Cubic Feet),32.92,$/MCF,Greece
2022-11-01,NUS-NGR,GRC,EPG0,Natural Gas,EVE,Exports by Vessel,NGM_EPG0_EVE_NUS-NGR_DMCF,Price of Liquefied U.S. Natural Gas Exports by Vessels to Greece  (Dollars per Thousand Cubic Feet),9.31,$/MCF,Greece
2022-12-01,NUS-NGR,GRC,EPG0,Natural Gas,EVE,Exports by Vessel,NGM_EPG0_EVE_NUS-NGR_DMCF,Price of Liquefied U.S. Natural Gas Exports by Vessels to Greece  (Dollars per Thousand Cubic Feet),11.14,$/MCF,Greece
2023-01-01,NUS-NGR,GRC,EPG0,Natural Gas,EVE,Exports by Vessel,NGM_EPG0_EVE_NUS-NGR_DMCF,Price of Liquefied U.S. Natural Gas Exports by Vessels to Greece  (Dollars per Thousand Cubic Feet),8.69,$/MCF,Greece
2023-02-01,NUS-NGR,GRC,EPG0,Natural Gas,EVE,Exports by Vessel,NGM_EPG0_EVE_NUS-NGR_DMCF,Price of Liquefied U.S. Natural Gas Exports by Vessels to Greece  (Dollars per Thousand Cubic Feet),5.09,$/MCF,Greece
2023-03-01,NUS-NGR,GRC,EPG0,Natural Gas,EVE,Exports by Vessel,NGM_EPG0_EVE_NUS-NGR_DMCF,Price of Liquefied U.S. Natural Gas Exports by Vessels to Greece  (Dollars per Thousand Cubic Feet),6.07,$/MCF,Greece
2023-04-01,NUS-NGR,GRC,EPG0,Natural Gas,EVE,Exports by Vessel,NGM_EPG0_EVE_NUS-NGR_DMCF,Price of Liquefied U.S. Natural Gas Exports by Vessels to Greece  (Dollars per Thousand Cubic Feet),4.54,$/MCF,Greece
2023-05-01,NUS-NGR,GRC,EPG0,Natural Gas,EVE,Exports by Vessel,NGM_EPG0_EVE_NUS-NGR_DMCF,Price of Liquefied U.S. Natural Gas Exports by Vessels to Greece  (Dollars per Thousand Cubic Feet),5.0,$/MCF,Greece
2023-06-01,NUS-NGR,GRC,EPG0,Natural Gas,EVE,Exports by Vessel,NGM_EPG0_EVE_NUS-NGR_DMCF,Price of Liquefied U.S. Natural Gas Exports by Vessels to Greece  (Dollars per Thousand Cubic Feet),5.35,$/MCF,Greece
2023-07-01,NUS-NGR,GRC,EPG0,Natural Gas,EVE,Exports by Vessel,NGM_EPG0_EVE_NUS-NGR_DMCF,Price of Liquefied U.S. Natural Gas Exports by Vessels to Greece  (Dollars per Thousand Cubic Feet),,$/MCF,Greece
2023-08-01,NUS-NGR,GRC,EPG0,Natural Gas,EVE,Exports by Vessel,NGM_EPG0_EVE_NUS-NGR_DMCF,Price of Liquefied U.S. Natural Gas Exports by Vessels to Greece  (Dollars per Thousand Cubic Feet),6.06,$/MCF,Greece
2023-09-01,NUS-NGR,GRC,EPG0,Natural Gas,EVE,Exports by Vessel,NGM_EPG0_EVE_NUS-NGR_DMCF,Price of Liquefied U.S. Natural Gas Exports by Vessels to Greece  (Dollars per Thousand Cubic Feet),5.31,$/MCF,Greece
2023-10-01,NUS-NGR,GRC,EPG0,Natural Gas,EVE,Exports by Vessel,NGM_EPG0_EVE_NUS-NGR_DMCF,Price of Liquefied U.S. Natural Gas Exports by Vessels to Greece  (Dollars per Thousand Cubic Feet),,$/MCF,Greece
2023-11-01,NUS-NGR,GRC,EPG0,Natural Gas,EVE,Exports by Vessel,NGM_EPG0_EVE_NUS-NGR_DMCF,Price of Liquefied U.S. Natural Gas Exports by Vessels to Greece  (Dollars per Thousand Cubic Feet),,$/MCF,Greece
2023-12-01,NUS-NGR,GRC,EPG0,Natural Gas,EVE,Exports by Vessel,NGM_EPG0_EVE_NUS-NGR_DMCF,Price of Liquefied U.S. Natural Gas Exports by Vessels to Greece  (Dollars per Thousand Cubic Feet),6.53,$/MCF,Greece
2024-01-01,NUS-NGR,GRC,EPG0,Natural Gas,EVE,Exports by Vessel,NGM_EPG0_EVE_NUS-NGR_DMCF,Price of Liquefied U.S. Natural Gas Exports by Vessels to Greece  (Dollars per Thousand Cubic Feet),6.93,$/MCF,Greece
2024-02-01,NUS-NGR,GRC,EPG0,Natural Gas,EVE,Exports by Vessel,NGM_EPG0_EVE_NUS-NGR_DMCF,Price of Liquefied U.S. Natural Gas Exports by Vessels to Greece  (Dollars per Thousand Cubic Feet),5.63,$/MCF,Greece
2024-03-01,NUS-NGR,GRC,EPG0,Natural Gas,EVE,Exports by Vessel,NGM_EPG0_EVE_NUS-NGR_DMCF,Price of Liquefied U.S. Natural Gas Exports by Vessels to Greece  (Dollars per Thousand Cubic Feet),4.19,$/MCF,Greece
2024-04-01,NUS-NGR,GRC,EPG0,Natural Gas,EVE,Exports by Vessel,NGM_EPG0_EVE_NUS-NGR_DMCF,Price of Liquefied U.S. Natural Gas Exports by Vessels to Greece  (Dollars per Thousand Cubic Feet),,$/MCF,Greece
2024-05-01,NUS-NGR,GRC,EPG0,Natural Gas,EVE,Exports by Vessel,NGM_EPG0_EVE_NUS-NGR_DMCF,Price of Liquefied U.S. Natural Gas Exports by Vessels to Greece  (Dollars per Thousand Cubic Feet),8.01,$/MCF,Greece
2024-06-01,NUS-NGR,GRC,EPG0,Natural Gas,EVE,Exports by Vessel,NGM_EPG0_EVE_NUS-NGR_DMCF,Price of Liquefied U.S. Natural Gas Exports by Vessels to Greece  (Dollars per Thousand Cubic Feet),6.3,$/MCF,Greece
2024-07-01,NUS-NGR,GRC,EPG0,Natural Gas,EVE,Exports by Vessel,NGM_EPG0_EVE_NUS-NGR_DMCF,Price of Liquefied U.S. Natural Gas Exports by Vessels to Greece  (Dollars per Thousand Cubic Feet),5.86,$/MCF,Greece
2024-08-01,NUS-NGR,GRC,EPG0,Natural Gas,EVE,Exports by Vessel,NGM_EPG0_EVE_NUS-NGR_DMCF,Price of Liquefied U.S. Natural Gas Exports by Vessels to Greece  (Dollars per Thousand Cubic Feet),5.5,$/MCF,Greece
2024-09-01,NUS-NGR,GRC,EPG0,Natural Gas,EVE,Exports by Vessel,NGM_EPG0_EVE_NUS-NGR_DMCF,Price of Liquefied U.S. Natural Gas Exports by Vessels to Greece  (Dollars per Thousand Cubic Feet),,$/MCF,Greece
2024-10-01,NUS-NGR,GRC,EPG0,Natural Gas,EVE,Exports by Vessel,NGM_EPG0_EVE_NUS-NGR_DMCF,Price of Liquefied U.S. Natural Gas Exports by Vessels to Greece  (Dollars per Thousand Cubic Feet),5.82,$/MCF,Greece
2024-11-01,NUS-NGR,GRC,EPG0,Natural Gas,EVE,Exports by Vessel,NGM_EPG0_EVE_NUS-NGR_DMCF,Price of Liquefied U.S. Natural Gas Exports by Vessels to Greece  (Dollars per Thousand Cubic Feet),7.35,$/MCF,Greece
2024-12-01,NUS-NGR,GRC,EPG0,Natural Gas,EVE,Exports by Vessel,NGM_EPG0_EVE_NUS-NGR_DMCF,Price of Liquefied U.S. Natural Gas Exports by Vessels to Greece  (Dollars per Thousand Cubic Feet),9.33,$/MCF,Greece
2025-01-01,NUS-NGR,GRC,EPG0,Natural Gas,EVE,Exports by Vessel,NGM_EPG0_EVE_NUS-NGR_DMCF,Price of Liquefied U.S. Natural Gas Exports by Vessels to Greece  (Dollars per Thousand Cubic Feet),7.24,$/MCF,Greece
2025-02-01,NUS-NGR,GRC,EPG0,Natural Gas,EVE,Exports by Vessel,NGM_EPG0_EVE_NUS-NGR_DMCF,Price of Liquefied U.S. Natural Gas Exports by Vessels to Greece  (Dollars per Thousand Cubic Feet),7.17,$/MCF,Greece
2025-03-01,NUS-NGR,GRC,EPG0,Natural Gas,EVE,Exports by Vessel,NGM_EPG0_EVE_NUS-NGR_DMCF,Price of Liquefied U.S. Natural Gas Exports by Vessels to Greece  (Dollars per Thousand Cubic Feet),,$/MCF,Greece
2025-04-01,NUS-NGR,GRC,EPG0,Natural Gas,EVE,Exports by Vessel,NGM_EPG0_EVE_NUS-NGR_DMCF,Price of Liquefied U.S. Natural Gas Exports by Vessels to Greece  (Dollars per Thousand Cubic Feet),12.01,$/MCF,Greece
2025-05-01,NUS-NGR,GRC,EPG0,Natural Gas,EVE,Exports by Vessel,NGM_EPG0_EVE_NUS-NGR_DMCF,Price of Liquefied U.S. Natural Gas Exports by Vessels to Greece  (Dollars per Thousand Cubic Feet),10.24,$/MCF,Greece
2025-06-01,NUS-NGR,GRC,EPG0,Natural Gas,EVE,Exports by Vessel,NGM_EPG0_EVE_NUS-NGR_DMCF,Price of Liquefied U.S. Natural Gas Exports by Vessels to Greece  (Dollars per Thousand Cubic Feet),9.45,$/MCF,Greece
2025-07-01,NUS-NGR,GRC,EPG0,Natural Gas,EVE,Exports by Vessel,NGM_EPG0_EVE_NUS-NGR_DMCF,Price of Liquefied U.S. Natural Gas Exports by Vessels to Greece  (Dollars per Thousand Cubic Feet),8.66,$/MCF,Greece
2025-08-01,NUS-NGR,GRC,EPG0,Natural Gas,EVE,Exports by Vessel,NGM_EPG0_EVE_NUS-NGR_DMCF,Price of Liquefied U.S. Natural Gas Exports by Vessels to Greece  (Dollars per Thousand Cubic Feet),7.85,$/MCF,Greece
2025-09-01,NUS-NGR,GRC,EPG0,Natural Gas,EVE,Exports by Vessel,NGM_EPG0_EVE_NUS-NGR_DMCF,Price of Liquefied U.S. Natural Gas Exports by Vessels to Greece  (Dollars per Thousand Cubic Feet),6.28,$/MCF,Greece
2025-10-01,NUS-NGR,GRC,EPG0,Natural Gas,EVE,Exports by Vessel,NGM_EPG0_EVE_NUS-NGR_DMCF,Price of Liquefied U.S. Natural Gas Exports by Vessels to Greece  (Dollars per Thousand Cubic Feet),6.11,$/MCF,Greece
2025-11-01,NUS-NGR,GRC,EPG0,Natural Gas,EVE,Exports by Vessel,NGM_EPG0_EVE_NUS-NGR_DMCF,Price of Liquefied U.S. Natural Gas Exports by Vessels to Greece  (Dollars per Thousand Cubic Feet),9.15,$/MCF,Greece
2025-12-01,NUS-NGR,GRC,EPG0,Natural Gas,EVE,Exports by Vessel,NGM_EPG0_EVE_NUS-NGR_DMCF,Price of Liquefied U.S. Natural Gas Exports by Vessels to Greece  (Dollars per Thousand Cubic Feet),8.03,$/MCF,Greece
2026-01-01,NUS-NGR,GRC,EPG0,Natural Gas,EVE,Exports by Vessel,NGM_EPG0_EVE_NUS-NGR_DMCF,Price of Liquefied U.S. Natural Gas Exports by Vessels to Greece  (Dollars per Thousand Cubic Feet),8.19,$/MCF,Greece
2018-01-01,NUS-NLH,LTU,EPG0,Natural Gas,EVE,Exports by Vessel,NGM_EPG0_EVE_NUS-NLH_DMCF,Price of Liquefied U.S. Natural Gas Exports by Vessel to Lithuania (Dollars per Thousand Cubic Feet),,$/MCF,Lithuania
2018-02-01,NUS-NLH,LTU,EPG0,Natural Gas,EVE,Exports by Vessel,NGM_EPG0_EVE_NUS-NLH_DMCF,Price of Liquefied U.S. Natural Gas Exports by Vessel to Lithuania (Dollars per Thousand Cubic Feet),,$/MCF,Lithuania
2018-03-01,NUS-NLH,LTU,EPG0,Natural Gas,EVE,Exports by Vessel,NGM_EPG0_EVE_NUS-NLH_DMCF,Price of Liquefied U.S. Natural Gas Exports by Vessel to Lithuania (Dollars per Thousand Cubic Feet),,$/MCF,Lithuania
2018-04-01,NUS-NLH,LTU,EPG0,Natural Gas,EVE,Exports by Vessel,NGM_EPG0_EVE_NUS-NLH_DMCF,Price of Liquefied U.S. Natural Gas Exports by Vessel to Lithuania (Dollars per Thousand Cubic Feet),,$/MCF,Lithuania
2018-05-01,NUS-NLH,LTU,EPG0,Natural Gas,EVE,Exports by Vessel,NGM_EPG0_EVE_NUS-NLH_DMCF,Price of Liquefied U.S. Natural Gas Exports by Vessel to Lithuania (Dollars per Thousand Cubic Feet),,$/MCF,Lithuania
2018-06-01,NUS-NLH,LTU,EPG0,Natural Gas,EVE,Exports by Vessel,NGM_EPG0_EVE_NUS-NLH_DMCF,Price of Liquefied U.S. Natural Gas Exports by Vessel to Lithuania (Dollars per Thousand Cubic Feet),,$/MCF,Lithuania
2018-07-01,NUS-NLH,LTU,EPG0,Natural Gas,EVE,Exports by Vessel,NGM_EPG0_EVE_NUS-NLH_DMCF,Price of Liquefied U.S. Natural Gas Exports by Vessel to Lithuania (Dollars per Thousand Cubic Feet),,$/MCF,Lithuania
2018-08-01,NUS-NLH,LTU,EPG0,Natural Gas,EVE,Exports by Vessel,NGM_EPG0_EVE_NUS-NLH_DMCF,Price of Liquefied U.S. Natural Gas Exports by Vessel to Lithuania (Dollars per Thousand Cubic Feet),,$/MCF,Lithuania
2018-09-01,NUS-NLH,LTU,EPG0,Natural Gas,EVE,Exports by Vessel,NGM_EPG0_EVE_NUS-NLH_DMCF,Price of Liquefied U.S. Natural Gas Exports by Vessel to Lithuania (Dollars per Thousand Cubic Feet),,$/MCF,Lithuania
2018-10-01,NUS-NLH,LTU,EPG0,Natural Gas,EVE,Exports by Vessel,NGM_EPG0_EVE_NUS-NLH_DMCF,Price of Liquefied U.S. Natural Gas Exports by Vessel to Lithuania (Dollars per Thousand Cubic Feet),,$/MCF,Lithuania
2018-11-01,NUS-NLH,LTU,EPG0,Natural Gas,EVE,Exports by Vessel,NGM_EPG0_EVE_NUS-NLH_DMCF,Price of Liquefied U.S. Natural Gas Exports by Vessel to Lithuania (Dollars per Thousand Cubic Feet),,$/MCF,Lithuania
2018-12-01,NUS-NLH,LTU,EPG0,Natural Gas,EVE,Exports by Vessel,NGM_EPG0_EVE_NUS-NLH_DMCF,Price of Liquefied U.S. Natural Gas Exports by Vessel to Lithuania (Dollars per Thousand Cubic Feet),,$/MCF,Lithuania
2019-01-01,NUS-NLH,LTU,EPG0,Natural Gas,EVE,Exports by Vessel,NGM_EPG0_EVE_NUS-NLH_DMCF,Price of Liquefied U.S. Natural Gas Exports by Vessel to Lithuania (Dollars per Thousand Cubic Feet),,$/MCF,Lithuania
2019-02-01,NUS-NLH,LTU,EPG0,Natural Gas,EVE,Exports by Vessel,NGM_EPG0_EVE_NUS-NLH_DMCF,Price of Liquefied U.S. Natural Gas Exports by Vessel to Lithuania (Dollars per Thousand Cubic Feet),,$/MCF,Lithuania
2019-03-01,NUS-NLH,LTU,EPG0,Natural Gas,EVE,Exports by Vessel,NGM_EPG0_EVE_NUS-NLH_DMCF,Price of Liquefied U.S. Natural Gas Exports by Vessel to Lithuania (Dollars per Thousand Cubic Feet),,$/MCF,Lithuania
2019-04-01,NUS-NLH,LTU,EPG0,Natural Gas,EVE,Exports by Vessel,NGM_EPG0_EVE_NUS-NLH_DMCF,Price of Liquefied U.S. Natural Gas Exports by Vessel to Lithuania (Dollars per Thousand Cubic Feet),,$/MCF,Lithuania
2019-05-01,NUS-NLH,LTU,EPG0,Natural Gas,EVE,Exports by Vessel,NGM_EPG0_EVE_NUS-NLH_DMCF,Price of Liquefied U.S. Natural Gas Exports by Vessel to Lithuania (Dollars per Thousand Cubic Feet),,$/MCF,Lithuania
2019-06-01,NUS-NLH,LTU,EPG0,Natural Gas,EVE,Exports by Vessel,NGM_EPG0_EVE_NUS-NLH_DMCF,Price of Liquefied U.S. Natural Gas Exports by Vessel to Lithuania (Dollars per Thousand Cubic Feet),,$/MCF,Lithuania
2019-07-01,NUS-NLH,LTU,EPG0,Natural Gas,EVE,Exports by Vessel,NGM_EPG0_EVE_NUS-NLH_DMCF,Price of Liquefied U.S. Natural Gas Exports by Vessel to Lithuania (Dollars per Thousand Cubic Feet),,$/MCF,Lithuania
2019-08-01,NUS-NLH,LTU,EPG0,Natural Gas,EVE,Exports by Vessel,NGM_EPG0_EVE_NUS-NLH_DMCF,Price of Liquefied U.S. Natural Gas Exports by Vessel to Lithuania (Dollars per Thousand Cubic Feet),,$/MCF,Lithuania
2019-09-01,NUS-NLH,LTU,EPG0,Natural Gas,EVE,Exports by Vessel,NGM_EPG0_EVE_NUS-NLH_DMCF,Price of Liquefied U.S. Natural Gas Exports by Vessel to Lithuania (Dollars per Thousand Cubic Feet),,$/MCF,Lithuania
2019-10-01,NUS-NLH,LTU,EPG0,Natural Gas,EVE,Exports by Vessel,NGM_EPG0_EVE_NUS-NLH_DMCF,Price of Liquefied U.S. Natural Gas Exports by Vessel to Lithuania (Dollars per Thousand Cubic Feet),,$/MCF,Lithuania
2019-11-01,NUS-NLH,LTU,EPG0,Natural Gas,EVE,Exports by Vessel,NGM_EPG0_EVE_NUS-NLH_DMCF,Price of Liquefied U.S. Natural Gas Exports by Vessel to Lithuania (Dollars per Thousand Cubic Feet),,$/MCF,Lithuania
2019-12-01,NUS-NLH,LTU,EPG0,Natural Gas,EVE,Exports by Vessel,NGM_EPG0_EVE_NUS-NLH_DMCF,Price of Liquefied U.S. Natural Gas Exports by Vessel to Lithuania (Dollars per Thousand Cubic Feet),,$/MCF,Lithuania
2020-01-01,NUS-NLH,LTU,EPG0,Natural Gas,EVE,Exports by Vessel,NGM_EPG0_EVE_NUS-NLH_DMCF,Price of Liquefied U.S. Natural Gas Exports by Vessel to Lithuania (Dollars per Thousand Cubic Feet),,$/MCF,Lithuania
2020-02-01,NUS-NLH,LTU,EPG0,Natural Gas,EVE,Exports by Vessel,NGM_EPG0_EVE_NUS-NLH_DMCF,Price of Liquefied U.S. Natural Gas Exports by Vessel to Lithuania (Dollars per Thousand Cubic Feet),,$/MCF,Lithuania
2020-03-01,NUS-NLH,LTU,EPG0,Natural Gas,EVE,Exports by Vessel,NGM_EPG0_EVE_NUS-NLH_DMCF,Price of Liquefied U.S. Natural Gas Exports by Vessel to Lithuania (Dollars per Thousand Cubic Feet),,$/MCF,Lithuania
2020-04-01,NUS-NLH,LTU,EPG0,Natural Gas,EVE,Exports by Vessel,NGM_EPG0_EVE_NUS-NLH_DMCF,Price of Liquefied U.S. Natural Gas Exports by Vessel to Lithuania (Dollars per Thousand Cubic Feet),2.56,$/MCF,Lithuania
2020-05-01,NUS-NLH,LTU,EPG0,Natural Gas,EVE,Exports by Vessel,NGM_EPG0_EVE_NUS-NLH_DMCF,Price of Liquefied U.S. Natural Gas Exports by Vessel to Lithuania (Dollars per Thousand Cubic Feet),5.28,$/MCF,Lithuania
2020-06-01,NUS-NLH,LTU,EPG0,Natural Gas,EVE,Exports by Vessel,NGM_EPG0_EVE_NUS-NLH_DMCF,Price of Liquefied U.S. Natural Gas Exports by Vessel to Lithuania (Dollars per Thousand Cubic Feet),5.2,$/MCF,Lithuania
2020-07-01,NUS-NLH,LTU,EPG0,Natural Gas,EVE,Exports by Vessel,NGM_EPG0_EVE_NUS-NLH_DMCF,Price of Liquefied U.S. Natural Gas Exports by Vessel to Lithuania (Dollars per Thousand Cubic Feet),,$/MCF,Lithuania
2020-08-01,NUS-NLH,LTU,EPG0,Natural Gas,EVE,Exports by Vessel,NGM_EPG0_EVE_NUS-NLH_DMCF,Price of Liquefied U.S. Natural Gas Exports by Vessel to Lithuania (Dollars per Thousand Cubic Feet),,$/MCF,Lithuania
2020-09-01,NUS-NLH,LTU,EPG0,Natural Gas,EVE,Exports by Vessel,NGM_EPG0_EVE_NUS-NLH_DMCF,Price of Liquefied U.S. Natural Gas Exports by Vessel to Lithuania (Dollars per Thousand Cubic Feet),6.72,$/MCF,Lithuania
2020-10-01,NUS-NLH,LTU,EPG0,Natural Gas,EVE,Exports by Vessel,NGM_EPG0_EVE_NUS-NLH_DMCF,Price of Liquefied U.S. Natural Gas Exports by Vessel to Lithuania (Dollars per Thousand Cubic Feet),3.64,$/MCF,Lithuania
2020-11-01,NUS-NLH,LTU,EPG0,Natural Gas,EVE,Exports by Vessel,NGM_EPG0_EVE_NUS-NLH_DMCF,Price of Liquefied U.S. Natural Gas Exports by Vessel to Lithuania (Dollars per Thousand Cubic Feet),6.41,$/MCF,Lithuania
2020-12-01,NUS-NLH,LTU,EPG0,Natural Gas,EVE,Exports by Vessel,NGM_EPG0_EVE_NUS-NLH_DMCF,Price of Liquefied U.S. Natural Gas Exports by Vessel to Lithuania (Dollars per Thousand Cubic Feet),6.28,$/MCF,Lithuania
2021-01-01,NUS-NLH,LTU,EPG0,Natural Gas,EVE,Exports by Vessel,NGM_EPG0_EVE_NUS-NLH_DMCF,Price of Liquefied U.S. Natural Gas Exports by Vessel to Lithuania (Dollars per Thousand Cubic Feet),,$/MCF,Lithuania
2021-02-01,NUS-NLH,LTU,EPG0,Natural Gas,EVE,Exports by Vessel,NGM_EPG0_EVE_NUS-NLH_DMCF,Price of Liquefied U.S. Natural Gas Exports by Vessel to Lithuania (Dollars per Thousand Cubic Feet),6.14,$/MCF,Lithuania
2021-03-01,NUS-NLH,LTU,EPG0,Natural Gas,EVE,Exports by Vessel,NGM_EPG0_EVE_NUS-NLH_DMCF,Price of Liquefied U.S. Natural Gas Exports by Vessel to Lithuania (Dollars per Thousand Cubic Feet),7.08,$/MCF,Lithuania
2021-04-01,NUS-NLH,LTU,EPG0,Natural Gas,EVE,Exports by Vessel,NGM_EPG0_EVE_NUS-NLH_DMCF,Price of Liquefied U.S. Natural Gas Exports by Vessel to Lithuania (Dollars per Thousand Cubic Feet),6.16,$/MCF,Lithuania
2021-05-01,NUS-NLH,LTU,EPG0,Natural Gas,EVE,Exports by Vessel,NGM_EPG0_EVE_NUS-NLH_DMCF,Price of Liquefied U.S. Natural Gas Exports by Vessel to Lithuania (Dollars per Thousand Cubic Feet),6.61,$/MCF,Lithuania
2021-06-01,NUS-NLH,LTU,EPG0,Natural Gas,EVE,Exports by Vessel,NGM_EPG0_EVE_NUS-NLH_DMCF,Price of Liquefied U.S. Natural Gas Exports by Vessel to Lithuania (Dollars per Thousand Cubic Feet),6.91,$/MCF,Lithuania
2021-07-01,NUS-NLH,LTU,EPG0,Natural Gas,EVE,Exports by Vessel,NGM_EPG0_EVE_NUS-NLH_DMCF,Price of Liquefied U.S. Natural Gas Exports by Vessel to Lithuania (Dollars per Thousand Cubic Feet),7.34,$/MCF,Lithuania
2021-08-01,NUS-NLH,LTU,EPG0,Natural Gas,EVE,Exports by Vessel,NGM_EPG0_EVE_NUS-NLH_DMCF,Price of Liquefied U.S. Natural Gas Exports by Vessel to Lithuania (Dollars per Thousand Cubic Feet),8.56,$/MCF,Lithuania
2021-09-01,NUS-NLH,LTU,EPG0,Natural Gas,EVE,Exports by Vessel,NGM_EPG0_EVE_NUS-NLH_DMCF,Price of Liquefied U.S. Natural Gas Exports by Vessel to Lithuania (Dollars per Thousand Cubic Feet),8.35,$/MCF,Lithuania
2021-10-01,NUS-NLH,LTU,EPG0,Natural Gas,EVE,Exports by Vessel,NGM_EPG0_EVE_NUS-NLH_DMCF,Price of Liquefied U.S. Natural Gas Exports by Vessel to Lithuania (Dollars per Thousand Cubic Feet),,$/MCF,Lithuania
2021-11-01,NUS-NLH,LTU,EPG0,Natural Gas,EVE,Exports by Vessel,NGM_EPG0_EVE_NUS-NLH_DMCF,Price of Liquefied U.S. Natural Gas Exports by Vessel to Lithuania (Dollars per Thousand Cubic Feet),,$/MCF,Lithuania
2021-12-01,NUS-NLH,LTU,EPG0,Natural Gas,EVE,Exports by Vessel,NGM_EPG0_EVE_NUS-NLH_DMCF,Price of Liquefied U.S. Natural Gas Exports by Vessel to Lithuania (Dollars per Thousand Cubic Feet),,$/MCF,Lithuania
2022-01-01,NUS-NLH,LTU,EPG0,Natural Gas,EVE,Exports by Vessel,NGM_EPG0_EVE_NUS-NLH_DMCF,Price of Liquefied U.S. Natural Gas Exports by Vessel to Lithuania (Dollars per Thousand Cubic Feet),7.48,$/MCF,Lithuania
2022-02-01,NUS-NLH,LTU,EPG0,Natural Gas,EVE,Exports by Vessel,NGM_EPG0_EVE_NUS-NLH_DMCF,Price of Liquefied U.S. Natural Gas Exports by Vessel to Lithuania (Dollars per Thousand Cubic Feet),11.18,$/MCF,Lithuania
2022-03-01,NUS-NLH,LTU,EPG0,Natural Gas,EVE,Exports by Vessel,NGM_EPG0_EVE_NUS-NLH_DMCF,Price of Liquefied U.S. Natural Gas Exports by Vessel to Lithuania (Dollars per Thousand Cubic Feet),8.6,$/MCF,Lithuania
2022-04-01,NUS-NLH,LTU,EPG0,Natural Gas,EVE,Exports by Vessel,NGM_EPG0_EVE_NUS-NLH_DMCF,Price of Liquefied U.S. Natural Gas Exports by Vessel to Lithuania (Dollars per Thousand Cubic Feet),9.27,$/MCF,Lithuania
2022-05-01,NUS-NLH,LTU,EPG0,Natural Gas,EVE,Exports by Vessel,NGM_EPG0_EVE_NUS-NLH_DMCF,Price of Liquefied U.S. Natural Gas Exports by Vessel to Lithuania (Dollars per Thousand Cubic Feet),12.05,$/MCF,Lithuania
2022-06-01,NUS-NLH,LTU,EPG0,Natural Gas,EVE,Exports by Vessel,NGM_EPG0_EVE_NUS-NLH_DMCF,Price of Liquefied U.S. Natural Gas Exports by Vessel to Lithuania (Dollars per Thousand Cubic Feet),13.96,$/MCF,Lithuania
2022-07-01,NUS-NLH,LTU,EPG0,Natural Gas,EVE,Exports by Vessel,NGM_EPG0_EVE_NUS-NLH_DMCF,Price of Liquefied U.S. Natural Gas Exports by Vessel to Lithuania (Dollars per Thousand Cubic Feet),10.5,$/MCF,Lithuania
2022-08-01,NUS-NLH,LTU,EPG0,Natural Gas,EVE,Exports by Vessel,NGM_EPG0_EVE_NUS-NLH_DMCF,Price of Liquefied U.S. Natural Gas Exports by Vessel to Lithuania (Dollars per Thousand Cubic Feet),14.98,$/MCF,Lithuania
2022-09-01,NUS-NLH,LTU,EPG0,Natural Gas,EVE,Exports by Vessel,NGM_EPG0_EVE_NUS-NLH_DMCF,Price of Liquefied U.S. Natural Gas Exports by Vessel to Lithuania (Dollars per Thousand Cubic Feet),13.84,$/MCF,Lithuania
2022-10-01,NUS-NLH,LTU,EPG0,Natural Gas,EVE,Exports by Vessel,NGM_EPG0_EVE_NUS-NLH_DMCF,Price of Liquefied U.S. Natural Gas Exports by Vessel to Lithuania (Dollars per Thousand Cubic Feet),11.04,$/MCF,Lithuania
2022-11-01,NUS-NLH,LTU,EPG0,Natural Gas,EVE,Exports by Vessel,NGM_EPG0_EVE_NUS-NLH_DMCF,Price of Liquefied U.S. Natural Gas Exports by Vessel to Lithuania (Dollars per Thousand Cubic Feet),9.08,$/MCF,Lithuania
2022-12-01,NUS-NLH,LTU,EPG0,Natural Gas,EVE,Exports by Vessel,NGM_EPG0_EVE_NUS-NLH_DMCF,Price of Liquefied U.S. Natural Gas Exports by Vessel to Lithuania (Dollars per Thousand Cubic Feet),10.68,$/MCF,Lithuania
2023-01-01,NUS-NLH,LTU,EPG0,Natural Gas,EVE,Exports by Vessel,NGM_EPG0_EVE_NUS-NLH_DMCF,Price of Liquefied U.S. Natural Gas Exports by Vessel to Lithuania (Dollars per Thousand Cubic Feet),8.53,$/MCF,Lithuania
2023-02-01,NUS-NLH,LTU,EPG0,Natural Gas,EVE,Exports by Vessel,NGM_EPG0_EVE_NUS-NLH_DMCF,Price of Liquefied U.S. Natural Gas Exports by Vessel to Lithuania (Dollars per Thousand Cubic Feet),,$/MCF,Lithuania
2023-03-01,NUS-NLH,LTU,EPG0,Natural Gas,EVE,Exports by Vessel,NGM_EPG0_EVE_NUS-NLH_DMCF,Price of Liquefied U.S. Natural Gas Exports by Vessel to Lithuania (Dollars per Thousand Cubic Feet),4.98,$/MCF,Lithuania
2023-04-01,NUS-NLH,LTU,EPG0,Natural Gas,EVE,Exports by Vessel,NGM_EPG0_EVE_NUS-NLH_DMCF,Price of Liquefied U.S. Natural Gas Exports by Vessel to Lithuania (Dollars per Thousand Cubic Feet),4.84,$/MCF,Lithuania
2023-05-01,NUS-NLH,LTU,EPG0,Natural Gas,EVE,Exports by Vessel,NGM_EPG0_EVE_NUS-NLH_DMCF,Price of Liquefied U.S. Natural Gas Exports by Vessel to Lithuania (Dollars per Thousand Cubic Feet),5.81,$/MCF,Lithuania
2023-06-01,NUS-NLH,LTU,EPG0,Natural Gas,EVE,Exports by Vessel,NGM_EPG0_EVE_NUS-NLH_DMCF,Price of Liquefied U.S. Natural Gas Exports by Vessel to Lithuania (Dollars per Thousand Cubic Feet),5.31,$/MCF,Lithuania
2023-07-01,NUS-NLH,LTU,EPG0,Natural Gas,EVE,Exports by Vessel,NGM_EPG0_EVE_NUS-NLH_DMCF,Price of Liquefied U.S. Natural Gas Exports by Vessel to Lithuania (Dollars per Thousand Cubic Feet),6.31,$/MCF,Lithuania
2023-08-01,NUS-NLH,LTU,EPG0,Natural Gas,EVE,Exports by Vessel,NGM_EPG0_EVE_NUS-NLH_DMCF,Price of Liquefied U.S. Natural Gas Exports by Vessel to Lithuania (Dollars per Thousand Cubic Feet),5.77,$/MCF,Lithuania
2023-09-01,NUS-NLH,LTU,EPG0,Natural Gas,EVE,Exports by Vessel,NGM_EPG0_EVE_NUS-NLH_DMCF,Price of Liquefied U.S. Natural Gas Exports by Vessel to Lithuania (Dollars per Thousand Cubic Feet),6.07,$/MCF,Lithuania
2023-10-01,NUS-NLH,LTU,EPG0,Natural Gas,EVE,Exports by Vessel,NGM_EPG0_EVE_NUS-NLH_DMCF,Price of Liquefied U.S. Natural Gas Exports by Vessel to Lithuania (Dollars per Thousand Cubic Feet),9.27,$/MCF,Lithuania
2023-11-01,NUS-NLH,LTU,EPG0,Natural Gas,EVE,Exports by Vessel,NGM_EPG0_EVE_NUS-NLH_DMCF,Price of Liquefied U.S. Natural Gas Exports by Vessel to Lithuania (Dollars per Thousand Cubic Feet),,$/MCF,Lithuania
2023-12-01,NUS-NLH,LTU,EPG0,Natural Gas,EVE,Exports by Vessel,NGM_EPG0_EVE_NUS-NLH_DMCF,Price of Liquefied U.S. Natural Gas Exports by Vessel to Lithuania (Dollars per Thousand Cubic Feet),6.96,$/MCF,Lithuania
2024-01-01,NUS-NLH,LTU,EPG0,Natural Gas,EVE,Exports by Vessel,NGM_EPG0_EVE_NUS-NLH_DMCF,Price of Liquefied U.S. Natural Gas Exports by Vessel to Lithuania (Dollars per Thousand Cubic Feet),5.85,$/MCF,Lithuania
2024-02-01,NUS-NLH,LTU,EPG0,Natural Gas,EVE,Exports by Vessel,NGM_EPG0_EVE_NUS-NLH_DMCF,Price of Liquefied U.S. Natural Gas Exports by Vessel to Lithuania (Dollars per Thousand Cubic Feet),5.98,$/MCF,Lithuania
2024-03-01,NUS-NLH,LTU,EPG0,Natural Gas,EVE,Exports by Vessel,NGM_EPG0_EVE_NUS-NLH_DMCF,Price of Liquefied U.S. Natural Gas Exports by Vessel to Lithuania (Dollars per Thousand Cubic Feet),7.42,$/MCF,Lithuania
2024-04-01,NUS-NLH,LTU,EPG0,Natural Gas,EVE,Exports by Vessel,NGM_EPG0_EVE_NUS-NLH_DMCF,Price of Liquefied U.S. Natural Gas Exports by Vessel to Lithuania (Dollars per Thousand Cubic Feet),,$/MCF,Lithuania
2024-05-01,NUS-NLH,LTU,EPG0,Natural Gas,EVE,Exports by Vessel,NGM_EPG0_EVE_NUS-NLH_DMCF,Price of Liquefied U.S. Natural Gas Exports by Vessel to Lithuania (Dollars per Thousand Cubic Feet),,$/MCF,Lithuania
2024-06-01,NUS-NLH,LTU,EPG0,Natural Gas,EVE,Exports by Vessel,NGM_EPG0_EVE_NUS-NLH_DMCF,Price of Liquefied U.S. Natural Gas Exports by Vessel to Lithuania (Dollars per Thousand Cubic Feet),5.98,$/MCF,Lithuania
2024-07-01,NUS-NLH,LTU,EPG0,Natural Gas,EVE,Exports by Vessel,NGM_EPG0_EVE_NUS-NLH_DMCF,Price of Liquefied U.S. Natural Gas Exports by Vessel to Lithuania (Dollars per Thousand Cubic Feet),5.87,$/MCF,Lithuania
2024-08-01,NUS-NLH,LTU,EPG0,Natural Gas,EVE,Exports by Vessel,NGM_EPG0_EVE_NUS-NLH_DMCF,Price of Liquefied U.S. Natural Gas Exports by Vessel to Lithuania (Dollars per Thousand Cubic Feet),6.04,$/MCF,Lithuania
2024-09-01,NUS-NLH,LTU,EPG0,Natural Gas,EVE,Exports by Vessel,NGM_EPG0_EVE_NUS-NLH_DMCF,Price of Liquefied U.S. Natural Gas Exports by Vessel to Lithuania (Dollars per Thousand Cubic Feet),5.78,$/MCF,Lithuania
2024-10-01,NUS-NLH,LTU,EPG0,Natural Gas,EVE,Exports by Vessel,NGM_EPG0_EVE_NUS-NLH_DMCF,Price of Liquefied U.S. Natural Gas Exports by Vessel to Lithuania (Dollars per Thousand Cubic Feet),6.13,$/MCF,Lithuania
2024-11-01,NUS-NLH,LTU,EPG0,Natural Gas,EVE,Exports by Vessel,NGM_EPG0_EVE_NUS-NLH_DMCF,Price of Liquefied U.S. Natural Gas Exports by Vessel to Lithuania (Dollars per Thousand Cubic Feet),4.73,$/MCF,Lithuania
2024-12-01,NUS-NLH,LTU,EPG0,Natural Gas,EVE,Exports by Vessel,NGM_EPG0_EVE_NUS-NLH_DMCF,Price of Liquefied U.S. Natural Gas Exports by Vessel to Lithuania (Dollars per Thousand Cubic Feet),7.58,$/MCF,Lithuania
2025-01-01,NUS-NLH,LTU,EPG0,Natural Gas,EVE,Exports by Vessel,NGM_EPG0_EVE_NUS-NLH_DMCF,Price of Liquefied U.S. Natural Gas Exports by Vessel to Lithuania (Dollars per Thousand Cubic Feet),7.38,$/MCF,Lithuania
2025-02-01,NUS-NLH,LTU,EPG0,Natural Gas,EVE,Exports by Vessel,NGM_EPG0_EVE_NUS-NLH_DMCF,Price of Liquefied U.S. Natural Gas Exports by Vessel to Lithuania (Dollars per Thousand Cubic Feet),7.11,$/MCF,Lithuania
2025-03-01,NUS-NLH,LTU,EPG0,Natural Gas,EVE,Exports by Vessel,NGM_EPG0_EVE_NUS-NLH_DMCF,Price of Liquefied U.S. Natural Gas Exports by Vessel to Lithuania (Dollars per Thousand Cubic Feet),7.63,$/MCF,Lithuania
2025-04-01,NUS-NLH,LTU,EPG0,Natural Gas,EVE,Exports by Vessel,NGM_EPG0_EVE_NUS-NLH_DMCF,Price of Liquefied U.S. Natural Gas Exports by Vessel to Lithuania (Dollars per Thousand Cubic Feet),7.46,$/MCF,Lithuania
2025-05-01,NUS-NLH,LTU,EPG0,Natural Gas,EVE,Exports by Vessel,NGM_EPG0_EVE_NUS-NLH_DMCF,Price of Liquefied U.S. Natural Gas Exports by Vessel to Lithuania (Dollars per Thousand Cubic Feet),6.24,$/MCF,Lithuania
2025-06-01,NUS-NLH,LTU,EPG0,Natural Gas,EVE,Exports by Vessel,NGM_EPG0_EVE_NUS-NLH_DMCF,Price of Liquefied U.S. Natural Gas Exports by Vessel to Lithuania (Dollars per Thousand Cubic Feet),7.08,$/MCF,Lithuania
2025-07-01,NUS-NLH,LTU,EPG0,Natural Gas,EVE,Exports by Vessel,NGM_EPG0_EVE_NUS-NLH_DMCF,Price of Liquefied U.S. Natural Gas Exports by Vessel to Lithuania (Dollars per Thousand Cubic Feet),8.82,$/MCF,Lithuania
2025-08-01,NUS-NLH,LTU,EPG0,Natural Gas,EVE,Exports by Vessel,NGM_EPG0_EVE_NUS-NLH_DMCF,Price of Liquefied U.S. Natural Gas Exports by Vessel to Lithuania (Dollars per Thousand Cubic Feet),6.23,$/MCF,Lithuania
2025-09-01,NUS-NLH,LTU,EPG0,Natural Gas,EVE,Exports by Vessel,NGM_EPG0_EVE_NUS-NLH_DMCF,Price of Liquefied U.S. Natural Gas Exports by Vessel to Lithuania (Dollars per Thousand Cubic Feet),6.02,$/MCF,Lithuania
2025-10-01,NUS-NLH,LTU,EPG0,Natural Gas,EVE,Exports by Vessel,NGM_EPG0_EVE_NUS-NLH_DMCF,Price of Liquefied U.S. Natural Gas Exports by Vessel to Lithuania (Dollars per Thousand Cubic Feet),12.08,$/MCF,Lithuania
2025-11-01,NUS-NLH,LTU,EPG0,Natural Gas,EVE,Exports by Vessel,NGM_EPG0_EVE_NUS-NLH_DMCF,Price of Liquefied U.S. Natural Gas Exports by Vessel to Lithuania (Dollars per Thousand Cubic Feet),6.69,$/MCF,Lithuania
2025-12-01,NUS-NLH,LTU,EPG0,Natural Gas,EVE,Exports by Vessel,NGM_EPG0_EVE_NUS-NLH_DMCF,Price of Liquefied U.S. Natural Gas Exports by Vessel to Lithuania (Dollars per Thousand Cubic Feet),8.32,$/MCF,Lithuania
2026-01-01,NUS-NLH,LTU,EPG0,Natural Gas,EVE,Exports by Vessel,NGM_EPG0_EVE_NUS-NLH_DMCF,Price of Liquefied U.S. Natural Gas Exports by Vessel to Lithuania (Dollars per Thousand Cubic Feet),8.56,$/MCF,Lithuania
