period,duoarea,area-name,product,product-name,process,process-name,series,series-description,value,units,country
2018-10-01,NUS-NFR,FRA,EPG0,Natural Gas,EVE,Exports by Vessel,NGM_EPG0_EVE_NUS-NFR_MMCF,U.S. Liquefied Natural Gas Exports by Vessel to France (Million Cubic Feet),4846.0,MMCF,France
2018-11-01,NUS-NFR,FRA,EPG0,Natural Gas,EVE,Exports by Vessel,NGM_EPG0_EVE_NUS-NFR_MMCF,U.S. Liquefied Natural Gas Exports by Vessel to France (Million Cubic Feet),9991.0,MMCF,France
2018-12-01,NUS-NFR,FRA,EPG0,Natural Gas,EVE,Exports by Vessel,NGM_EPG0_EVE_NUS-NFR_MMCF,U.S. Liquefied Natural Gas Exports by Vessel to France (Million Cubic Feet),3453.0,MMCF,France
2019-01-01,NUS-NFR,FRA,EPG0,Natural Gas,EVE,Exports by Vessel,NGM_EPG0_EVE_NUS-NFR_MMCF,U.S. Liquefied Natural Gas Exports by Vessel to France (Million Cubic Feet),7303.0,MMCF,France
2019-03-01,NUS-NFR,FRA,EPG0,Natural Gas,EVE,Exports by Vessel,NGM_EPG0_EVE_NUS-NFR_MMCF,U.S. Liquefied Natural Gas Exports by Vessel to France (Million Cubic Feet),20853.0,MMCF,France
2019-04-01,NUS-NFR,FRA,EPG0,Natural Gas,EVE,Exports by Vessel,NGM_EPG0_EVE_NUS-NFR_MMCF,U.S. Liquefied Natural Gas Exports by Vessel to France (Million Cubic Feet),17092.0,MMCF,France
2019-05-01,NUS-NFR,FRA,EPG0,Natural Gas,EVE,Exports by Vessel,NGM_EPG0_EVE_NUS-NFR_MMCF,U.S. Liquefied Natural Gas Exports by Vessel to France (Million Cubic Feet),6621.0,MMCF,France
2019-08-01,NUS-NFR,FRA,EPG0,Natural Gas,EVE,Exports by Vessel,NGM_EPG0_EVE_NUS-NFR_MMCF,U.S. Liquefied Natural Gas Exports by Vessel to France (Million Cubic Feet),3249.0,MMCF,France
2019-09-01,NUS-NFR,FRA,EPG0,Natural Gas,EVE,Exports by Vessel,NGM_EPG0_EVE_NUS-NFR_MMCF,U.S. Liquefied Natural Gas Exports by Vessel to France (Million Cubic Feet),6740.0,MMCF,France
2019-10-01,NUS-NFR,FRA,EPG0,Natural Gas,EVE,Exports by Vessel,NGM_EPG0_EVE_NUS-NFR_MMCF,U.S. Liquefied Natural Gas Exports by Vessel to France (Million Cubic Feet),14228.0,MMCF,France
2019-11-01,NUS-NFR,FRA,EPG0,Natural Gas,EVE,Exports by Vessel,NGM_EPG0_EVE_NUS-NFR_MMCF,U.S. Liquefied Natural Gas Exports by Vessel to France (Million Cubic Feet),26946.0,MMCF,France
2019-12-01,NUS-NFR,FRA,EPG0,Natural Gas,EVE,Exports by Vessel,NGM_EPG0_EVE_NUS-NFR_MMCF,U.S. Liquefied Natural Gas Exports by Vessel to France (Million Cubic Feet),14758.0,MMCF,France
2020-01-01,NUS-NFR,FRA,EPG0,Natural Gas,EVE,Exports by Vessel,NGM_EPG0_EVE_NUS-NFR_MMCF,U.S. Liquefied Natural Gas Exports by Vessel to France (Million Cubic Feet),6563.0,MMCF,France
2020-02-01,NUS-NFR,FRA,EPG0,Natural Gas,EVE,Exports by Vessel,NGM_EPG0_EVE_NUS-NFR_MMCF,U.S. Liquefied Natural Gas Exports by Vessel to France (Million Cubic Feet),20520.0,MMCF,France
2020-03-01,NUS-NFR,FRA,EPG0,Natural Gas,EVE,Exports by Vessel,NGM_EPG0_EVE_NUS-NFR_MMCF,U.S. Liquefied Natural Gas Exports by Vessel to France (Million Cubic Feet),23491.0,MMCF,France
2020-04-01,NUS-NFR,FRA,EPG0,Natural Gas,EVE,Exports by Vessel,NGM_EPG0_EVE_NUS-NFR_MMCF,U.S. Liquefied Natural Gas Exports by Vessel to France (Million Cubic Feet),16336.0,MMCF,France
2020-05-01,NUS-NFR,FRA,EPG0,Natural Gas,EVE,Exports by Vessel,NGM_EPG0_EVE_NUS-NFR_MMCF,U.S. Liquefied Natural Gas Exports by Vessel to France (Million Cubic Feet),9546.0,MMCF,France
2020-06-01,NUS-NFR,FRA,EPG0,Natural Gas,EVE,Exports by Vessel,NGM_EPG0_EVE_NUS-NFR_MMCF,U.S. Liquefied Natural Gas Exports by Vessel to France (Million Cubic Feet),0.0,MMCF,France
2020-07-01,NUS-NFR,FRA,EPG0,Natural Gas,EVE,Exports by Vessel,NGM_EPG0_EVE_NUS-NFR_MMCF,U.S. Liquefied Natural Gas Exports by Vessel to France (Million Cubic Feet),0.0,MMCF,France
2020-08-01,NUS-NFR,FRA,EPG0,Natural Gas,EVE,Exports by Vessel,NGM_EPG0_EVE_NUS-NFR_MMCF,U.S. Liquefied Natural Gas Exports by Vessel to France (Million Cubic Feet),0.0,MMCF,France
2020-09-01,NUS-NFR,FRA,EPG0,Natural Gas,EVE,Exports by Vessel,NGM_EPG0_EVE_NUS-NFR_MMCF,U.S. Liquefied Natural Gas Exports by Vessel to France (Million Cubic Feet),0.0,MMCF,France
2020-10-01,NUS-NFR,FRA,EPG0,Natural Gas,EVE,Exports by Vessel,NGM_EPG0_EVE_NUS-NFR_MMCF,U.S. Liquefied Natural Gas Exports by Vessel to France (Million Cubic Feet),6639.0,MMCF,France
2020-11-01,NUS-NFR,FRA,EPG0,Natural Gas,EVE,Exports by Vessel,NGM_EPG0_EVE_NUS-NFR_MMCF,U.S. Liquefied Natural Gas Exports by Vessel to France (Million Cubic Feet),3390.0,MMCF,France
2020-12-01,NUS-NFR,FRA,EPG0,Natural Gas,EVE,Exports by Vessel,NGM_EPG0_EVE_NUS-NFR_MMCF,U.S. Liquefied Natural Gas Exports by Vessel to France (Million Cubic Feet),3752.0,MMCF,France
2021-01-01,NUS-NFR,FRA,EPG0,Natural Gas,EVE,Exports by Vessel,NGM_EPG0_EVE_NUS-NFR_MMCF,U.S. Liquefied Natural Gas Exports by Vessel to France (Million Cubic Feet),3587.0,MMCF,France
2021-02-01,NUS-NFR,FRA,EPG0,Natural Gas,EVE,Exports by Vessel,NGM_EPG0_EVE_NUS-NFR_MMCF,U.S. Liquefied Natural Gas Exports by Vessel to France (Million Cubic Feet),14851.0,MMCF,France
2021-03-01,NUS-NFR,FRA,EPG0,Natural Gas,EVE,Exports by Vessel,NGM_EPG0_EVE_NUS-NFR_MMCF,U.S. Liquefied Natural Gas Exports by Vessel to France (Million Cubic Feet),33678.0,MMCF,France
2021-04-01,NUS-NFR,FRA,EPG0,Natural Gas,EVE,Exports by Vessel,NGM_EPG0_EVE_NUS-NFR_MMCF,U.S. Liquefied Natural Gas Exports by Vessel to France (Million Cubic Feet),36120.0,MMCF,France
2021-05-01,NUS-NFR,FRA,EPG0,Natural Gas,EVE,Exports by Vessel,NGM_EPG0_EVE_NUS-NFR_MMCF,U.S. Liquefied Natural Gas Exports by Vessel to France (Million Cubic Feet),11926.0,MMCF,France
2021-06-01,NUS-NFR,FRA,EPG0,Natural Gas,EVE,Exports by Vessel,NGM_EPG0_EVE_NUS-NFR_MMCF,U.S. Liquefied Natural Gas Exports by Vessel to France (Million Cubic Feet),3683.0,MMCF,France
2021-07-01,NUS-NFR,FRA,EPG0,Natural Gas,EVE,Exports by Vessel,NGM_EPG0_EVE_NUS-NFR_MMCF,U.S. Liquefied Natural Gas Exports by Vessel to France (Million Cubic Feet),0.0,MMCF,France
2021-08-01,NUS-NFR,FRA,EPG0,Natural Gas,EVE,Exports by Vessel,NGM_EPG0_EVE_NUS-NFR_MMCF,U.S. Liquefied Natural Gas Exports by Vessel to France (Million Cubic Feet),7111.0,MMCF,France
2021-09-01,NUS-NFR,FRA,EPG0,Natural Gas,EVE,Exports by Vessel,NGM_EPG0_EVE_NUS-NFR_MMCF,U.S. Liquefied Natural Gas Exports by Vessel to France (Million Cubic Feet),6578.0,MMCF,France
2021-10-01,NUS-NFR,FRA,EPG0,Natural Gas,EVE,Exports by Vessel,NGM_EPG0_EVE_NUS-NFR_MMCF,U.S. Liquefied Natural Gas Exports by Vessel to France (Million Cubic Feet),9333.0,MMCF,France
2021-11-01,NUS-NFR,FRA,EPG0,Natural Gas,EVE,Exports by Vessel,NGM_EPG0_EVE_NUS-NFR_MMCF,U.S. Liquefied Natural Gas Exports by Vessel to France (Million Cubic Feet),10021.0,MMCF,France
2021-12-01,NUS-NFR,FRA,EPG0,Natural Gas,EVE,Exports by Vessel,NGM_EPG0_EVE_NUS-NFR_MMCF,U.S. Liquefied Natural Gas Exports by Vessel to France (Million Cubic Feet),33892.0,MMCF,France
2022-01-01,NUS-NFR,FRA,EPG0,Natural Gas,EVE,Exports by Vessel,NGM_EPG0_EVE_NUS-NFR_MMCF,U.S. Liquefied Natural Gas Exports by Vessel to France (Million Cubic Feet),50084.0,MMCF,France
2022-02-01,NUS-NFR,FRA,EPG0,Natural Gas,EVE,Exports by Vessel,NGM_EPG0_EVE_NUS-NFR_MMCF,U.S. Liquefied Natural Gas Exports by Vessel to France (Million Cubic Feet),39646.0,MMCF,France
2022-03-01,NUS-NFR,FRA,EPG0,Natural Gas,EVE,Exports by Vessel,NGM_EPG0_EVE_NUS-NFR_MMCF,U.S. Liquefied Natural Gas Exports by Vessel to France (Million Cubic Feet),64415.0,MMCF,France
2022-04-01,NUS-NFR,FRA,EPG0,Natural Gas,EVE,Exports by Vessel,NGM_EPG0_EVE_NUS-NFR_MMCF,U.S. Liquefied Natural Gas Exports by Vessel to France (Million Cubic Feet),56343.0,MMCF,France
2022-05-01,NUS-NFR,FRA,EPG0,Natural Gas,EVE,Exports by Vessel,NGM_EPG0_EVE_NUS-NFR_MMCF,U.S. Liquefied Natural Gas Exports by Vessel to France (Million Cubic Feet),47150.0,MMCF,France
2022-06-01,NUS-NFR,FRA,EPG0,Natural Gas,EVE,Exports by Vessel,NGM_EPG0_EVE_NUS-NFR_MMCF,U.S. Liquefied Natural Gas Exports by Vessel to France (Million Cubic Feet),37564.0,MMCF,France
2022-07-01,NUS-NFR,FRA,EPG0,Natural Gas,EVE,Exports by Vessel,NGM_EPG0_EVE_NUS-NFR_MMCF,U.S. Liquefied Natural Gas Exports by Vessel to France (Million Cubic Feet),53443.0,MMCF,France
2022-08-01,NUS-NFR,FRA,EPG0,Natural Gas,EVE,Exports by Vessel,NGM_EPG0_EVE_NUS-NFR_MMCF,U.S. Liquefied Natural Gas Exports by Vessel to France (Million Cubic Feet),33885.0,MMCF,France
2022-09-01,NUS-NFR,FRA,EPG0,Natural Gas,EVE,Exports by Vessel,NGM_EPG0_EVE_NUS-NFR_MMCF,U.S. Liquefied Natural Gas Exports by Vessel to France (Million Cubic Feet),57943.0,MMCF,France
2022-10-01,NUS-NFR,FRA,EPG0,Natural Gas,EVE,Exports by Vessel,NGM_EPG0_EVE_NUS-NFR_MMCF,U.S. Liquefied Natural Gas Exports by Vessel to France (Million Cubic Feet),41959.0,MMCF,France
2022-11-01,NUS-NFR,FRA,EPG0,Natural Gas,EVE,Exports by Vessel,NGM_EPG0_EVE_NUS-NFR_MMCF,U.S. Liquefied Natural Gas Exports by Vessel to France (Million Cubic Feet),50655.0,MMCF,France
2022-12-01,NUS-NFR,FRA,EPG0,Natural Gas,EVE,Exports by Vessel,NGM_EPG0_EVE_NUS-NFR_MMCF,U.S. Liquefied Natural Gas Exports by Vessel to France (Million Cubic Feet),38311.0,MMCF,France
2023-01-01,NUS-NFR,FRA,EPG0,Natural Gas,EVE,Exports by Vessel,NGM_EPG0_EVE_NUS-NFR_MMCF,U.S. Liquefied Natural Gas Exports by Vessel to France (Million Cubic Feet),34124.0,MMCF,France
2023-02-01,NUS-NFR,FRA,EPG0,Natural Gas,EVE,Exports by Vessel,NGM_EPG0_EVE_NUS-NFR_MMCF,U.S. Liquefied Natural Gas Exports by Vessel to France (Million Cubic Feet),39457.0,MMCF,France
2023-03-01,NUS-NFR,FRA,EPG0,Natural Gas,EVE,Exports by Vessel,NGM_EPG0_EVE_NUS-NFR_MMCF,U.S. Liquefied Natural Gas Exports by Vessel to France (Million Cubic Feet),28581.0,MMCF,France
2023-04-01,NUS-NFR,FRA,EPG0,Natural Gas,EVE,Exports by Vessel,NGM_EPG0_EVE_NUS-NFR_MMCF,U.S. Liquefied Natural Gas Exports by Vessel to France (Million Cubic Feet),53211.0,MMCF,France
2023-05-01,NUS-NFR,FRA,EPG0,Natural Gas,EVE,Exports by Vessel,NGM_EPG0_EVE_NUS-NFR_MMCF,U.S. Liquefied Natural Gas Exports by Vessel to France (Million Cubic Feet),51355.0,MMCF,France
2023-06-01,NUS-NFR,FRA,EPG0,Natural Gas,EVE,Exports by Vessel,NGM_EPG0_EVE_NUS-NFR_MMCF,U.S. Liquefied Natural Gas Exports by Vessel to France (Million Cubic Feet),45569.0,MMCF,France
2023-07-01,NUS-NFR,FRA,EPG0,Natural Gas,EVE,Exports by Vessel,NGM_EPG0_EVE_NUS-NFR_MMCF,U.S. Liquefied Natural Gas Exports by Vessel to France (Million Cubic Feet),20589.0,MMCF,France
2023-08-01,NUS-NFR,FRA,EPG0,Natural Gas,EVE,Exports by Vessel,NGM_EPG0_EVE_NUS-NFR_MMCF,U.S. Liquefied Natural Gas Exports by Vessel to France (Million Cubic Feet),34332.0,MMCF,France
2023-09-01,NUS-NFR,FRA,EPG0,Natural Gas,EVE,Exports by Vessel,NGM_EPG0_EVE_NUS-NFR_MMCF,U.S. Liquefied Natural Gas Exports by Vessel to France (Million Cubic Feet),32016.0,MMCF,France
2023-10-01,NUS-NFR,FRA,EPG0,Natural Gas,EVE,Exports by Vessel,NGM_EPG0_EVE_NUS-NFR_MMCF,U.S. Liquefied Natural Gas Exports by Vessel to France (Million Cubic Feet),54072.0,MMCF,France
2023-11-01,NUS-NFR,FRA,EPG0,Natural Gas,EVE,Exports by Vessel,NGM_EPG0_EVE_NUS-NFR_MMCF,U.S. Liquefied Natural Gas Exports by Vessel to France (Million Cubic Feet),58907.0,MMCF,France
2023-12-01,NUS-NFR,FRA,EPG0,Natural Gas,EVE,Exports by Vessel,NGM_EPG0_EVE_NUS-NFR_MMCF,U.S. Liquefied Natural Gas Exports by Vessel to France (Million Cubic Feet),40692.0,MMCF,France
2024-01-01,NUS-NFR,FRA,EPG0,Natural Gas,EVE,Exports by Vessel,NGM_EPG0_EVE_NUS-NFR_MMCF,U.S. Liquefied Natural Gas Exports by Vessel to France (Million Cubic Feet),28049.0,MMCF,France
2024-02-01,NUS-NFR,FRA,EPG0,Natural Gas,EVE,Exports by Vessel,NGM_EPG0_EVE_NUS-NFR_MMCF,U.S. Liquefied Natural Gas Exports by Vessel to France (Million Cubic Feet),49363.0,MMCF,France
2024-03-01,NUS-NFR,FRA,EPG0,Natural Gas,EVE,Exports by Vessel,NGM_EPG0_EVE_NUS-NFR_MMCF,U.S. Liquefied Natural Gas Exports by Vessel to France (Million Cubic Feet),60572.0,MMCF,France
2024-04-01,NUS-NFR,FRA,EPG0,Natural Gas,EVE,Exports by Vessel,NGM_EPG0_EVE_NUS-NFR_MMCF,U.S. Liquefied Natural Gas Exports by Vessel to France (Million Cubic Feet),37672.0,MMCF,France
2024-05-01,NUS-NFR,FRA,EPG0,Natural Gas,EVE,Exports by Vessel,NGM_EPG0_EVE_NUS-NFR_MMCF,U.S. Liquefied Natural Gas Exports by Vessel to France (Million Cubic Feet),19797.0,MMCF,France
2024-06-01,NUS-NFR,FRA,EPG0,Natural Gas,EVE,Exports by Vessel,NGM_EPG0_EVE_NUS-NFR_MMCF,U.S. Liquefied Natural Gas Exports by Vessel to France (Million Cubic Feet),6630.0,MMCF,France
2024-07-01,NUS-NFR,FRA,EPG0,Natural Gas,EVE,Exports by Vessel,NGM_EPG0_EVE_NUS-NFR_MMCF,U.S. Liquefied Natural Gas Exports by Vessel to France (Million Cubic Feet),14207.0,MMCF,France
2024-08-01,NUS-NFR,FRA,EPG0,Natural Gas,EVE,Exports by Vessel,NGM_EPG0_EVE_NUS-NFR_MMCF,U.S. Liquefied Natural Gas Exports by Vessel to France (Million Cubic Feet),8293.0,MMCF,France
2024-09-01,NUS-NFR,FRA,EPG0,Natural Gas,EVE,Exports by Vessel,NGM_EPG0_EVE_NUS-NFR_MMCF,U.S. Liquefied Natural Gas Exports by Vessel to France (Million Cubic Feet),24388.0,MMCF,France
2024-10-01,NUS-NFR,FRA,EPG0,Natural Gas,EVE,Exports by Vessel,NGM_EPG0_EVE_NUS-NFR_MMCF,U.S. Liquefied Natural Gas Exports by Vessel to France (Million Cubic Feet),39630.0,MMCF,France
2024-11-01,NUS-NFR,FRA,EPG0,Natural Gas,EVE,Exports by Vessel,NGM_EPG0_EVE_NUS-NFR_MMCF,U.S. Liquefied Natural Gas Exports by Vessel to France (Million Cubic Feet),23601.0,MMCF,France
2024-12-01,NUS-NFR,FRA,EPG0,Natural Gas,EVE,Exports by Vessel,NGM_EPG0_EVE_NUS-NFR_MMCF,U.S. Liquefied Natural Gas Exports by Vessel to France (Million Cubic Feet),42622.0,MMCF,France
2025-01-01,NUS-NFR,FRA,EPG0,Natural Gas,EVE,Exports by Vessel,NGM_EPG0_EVE_NUS-NFR_MMCF,U.S. Liquefied Natural Gas Exports by Vessel to France (Million Cubic Feet),49610.0,MMCF,France
2025-02-01,NUS-NFR,FRA,EPG0,Natural Gas,EVE,Exports by Vessel,NGM_EPG0_EVE_NUS-NFR_MMCF,U.S. Liquefied Natural Gas Exports by Vessel to France (Million Cubic Feet),64434.0,MMCF,France
2025-03-01,NUS-NFR,FRA,EPG0,Natural Gas,EVE,Exports by Vessel,NGM_EPG0_EVE_NUS-NFR_MMCF,U.S. Liquefied Natural Gas Exports by Vessel to France (Million Cubic Feet),70290.0,MMCF,France
2025-04-01,NUS-NFR,FRA,EPG0,Natural Gas,EVE,Exports by Vessel,NGM_EPG0_EVE_NUS-NFR_MMCF,U.S. Liquefied Natural Gas Exports by Vessel to France (Million Cubic Feet),52503.0,MMCF,France
2025-05-01,NUS-NFR,FRA,EPG0,Natural Gas,EVE,Exports by Vessel,NGM_EPG0_EVE_NUS-NFR_MMCF,U.S. Liquefied Natural Gas Exports by Vessel to France (Million Cubic Feet),52021.0,MMCF,France
2025-06-01,NUS-NFR,FRA,EPG0,Natural Gas,EVE,Exports by Vessel,NGM_EPG0_EVE_NUS-NFR_MMCF,U.S. Liquefied Natural Gas Exports by Vessel to France (Million Cubic Feet),27282.0,MMCF,France
2025-07-01,NUS-NFR,FRA,EPG0,Natural Gas,EVE,Exports by Vessel,NGM_EPG0_EVE_NUS-NFR_MMCF,U.S. Liquefied Natural Gas Exports by Vessel to France (Million Cubic Feet),10987.0,MMCF,France
2025-08-01,NUS-NFR,FRA,EPG0,Natural Gas,EVE,Exports by Vessel,NGM_EPG0_EVE_NUS-NFR_MMCF,U.S. Liquefied Natural Gas Exports by Vessel to France (Million Cubic Feet),30288.0,MMCF,France
2025-09-01,NUS-NFR,FRA,EPG0,Natural Gas,EVE,Exports by Vessel,NGM_EPG0_EVE_NUS-NFR_MMCF,U.S. Liquefied Natural Gas Exports by Vessel to France (Million Cubic Feet),47403.0,MMCF,France
2025-10-01,NUS-NFR,FRA,EPG0,Natural Gas,EVE,Exports by Vessel,NGM_EPG0_EVE_NUS-NFR_MMCF,U.S. Liquefied Natural Gas Exports by Vessel to France (Million Cubic Feet),51899.0,MMCF,France
2025-11-01,NUS-NFR,FRA,EPG0,Natural Gas,EVE,Exports by Vessel,NGM_EPG0_EVE_NUS-NFR_MMCF,U.S. Liquefied Natural Gas Exports by Vessel to France (Million Cubic Feet),37975.0,MMCF,France
2025-12-01,NUS-NFR,FRA,EPG0,Natural Gas,EVE,Exports by Vessel,NGM_EPG0_EVE_NUS-NFR_MMCF,U.S. Liquefied Natural Gas Exports by Vessel to France (Million Cubic Feet),38360.0,MMCF,France
2026-01-01,NUS-NFR,FRA,EPG0,Natural Gas,EVE,Exports by Vessel,NGM_EPG0_EVE_NUS-NFR_MMCF,U.S. Liquefied Natural Gas Exports by Vessel to France (Million Cubic Feet),45261.0,MMCF,France
2022-01-01,NUS-NGM,DEU,EPG0,Natural Gas,EVE,Exports by Vessel,NGM_EPG0_EVE_NUS-NGM_MMCF,U.S. Liquefied Natural Gas Exports by Vessel to Germany (Million Cubic Feet),0.0,MMCF,Germany
2022-02-01,NUS-NGM,DEU,EPG0,Natural Gas,EVE,Exports by Vessel,NGM_EPG0_EVE_NUS-NGM_MMCF,U.S. Liquefied Natural Gas Exports by Vessel to Germany (Million Cubic Feet),0.0,MMCF,Germany
2022-03-01,NUS-NGM,DEU,EPG0,Natural Gas,EVE,Exports by Vessel,NGM_EPG0_EVE_NUS-NGM_MMCF,U.S. Liquefied Natural Gas Exports by Vessel to Germany (Million Cubic Feet),0.0,MMCF,Germany
2022-04-01,NUS-NGM,DEU,EPG0,Natural Gas,EVE,Exports by Vessel,NGM_EPG0_EVE_NUS-NGM_MMCF,U.S. Liquefied Natural Gas Exports by Vessel to Germany (Million Cubic Feet),0.0,MMCF,Germany
2022-05-01,NUS-NGM,DEU,EPG0,Natural Gas,EVE,Exports by Vessel,NGM_EPG0_EVE_NUS-NGM_MMCF,U.S. Liquefied Natural Gas Exports by Vessel to Germany (Million Cubic Feet),0.0,MMCF,Germany
2022-06-01,NUS-NGM,DEU,EPG0,Natural Gas,EVE,Exports by Vessel,NGM_EPG0_EVE_NUS-NGM_MMCF,U.S. Liquefied Natural Gas Exports by Vessel to Germany (Million Cubic Feet),0.0,MMCF,Germany
2022-07-01,NUS-NGM,DEU,EPG0,Natural Gas,EVE,Exports by Vessel,NGM_EPG0_EVE_NUS-NGM_MMCF,U.S. Liquefied Natural Gas Exports by Vessel to Germany (Million Cubic Feet),0.0,MMCF,Germany
2022-08-01,NUS-NGM,DEU,EPG0,Natural Gas,EVE,Exports by Vessel,NGM_EPG0_EVE_NUS-NGM_MMCF,U.S. Liquefied Natural Gas Exports by Vessel to Germany (Million Cubic Feet),0.0,MMCF,Germany
2022-09-01,NUS-NGM,DEU,EPG0,Natural Gas,EVE,Exports by Vessel,NGM_EPG0_EVE_NUS-NGM_MMCF,U.S. Liquefied Natural Gas Exports by Vessel to Germany (Million Cubic Feet),0.0,MMCF,Germany
2022-10-01,NUS-NGM,DEU,EPG0,Natural Gas,EVE,Exports by Vessel,NGM_EPG0_EVE_NUS-NGM_MMCF,U.S. Liquefied Natural Gas Exports by Vessel to Germany (Million Cubic Feet),0.0,MMCF,Germany
2022-11-01,NUS-NGM,DEU,EPG0,Natural Gas,EVE,Exports by Vessel,NGM_EPG0_EVE_NUS-NGM_MMCF,U.S. Liquefied Natural Gas Exports by Vessel to Germany (Million Cubic Feet),1.0,MMCF,Germany
2022-12-01,NUS-NGM,DEU,EPG0,Natural Gas,EVE,Exports by Vessel,NGM_EPG0_EVE_NUS-NGM_MMCF,U.S. Liquefied Natural Gas Exports by Vessel to Germany (Million Cubic Feet),7112.0,MMCF,Germany
2023-01-01,NUS-NGM,DEU,EPG0,Natural Gas,EVE,Exports by Vessel,NGM_EPG0_EVE_NUS-NGM_MMCF,U.S. Liquefied Natural Gas Exports by Vessel to Germany (Million Cubic Feet),14314.0,MMCF,Germany
2023-02-01,NUS-NGM,DEU,EPG0,Natural Gas,EVE,Exports by Vessel,NGM_EPG0_EVE_NUS-NGM_MMCF,U.S. Liquefied Natural Gas Exports by Vessel to Germany (Million Cubic Feet),8229.0,MMCF,Germany
2023-03-01,NUS-NGM,DEU,EPG0,Natural Gas,EVE,Exports by Vessel,NGM_EPG0_EVE_NUS-NGM_MMCF,U.S. Liquefied Natural Gas Exports by Vessel to Germany (Million Cubic Feet),24841.0,MMCF,Germany
2023-04-01,NUS-NGM,DEU,EPG0,Natural Gas,EVE,Exports by Vessel,NGM_EPG0_EVE_NUS-NGM_MMCF,U.S. Liquefied Natural Gas Exports by Vessel to Germany (Million Cubic Feet),18546.0,MMCF,Germany
2023-05-01,NUS-NGM,DEU,EPG0,Natural Gas,EVE,Exports by Vessel,NGM_EPG0_EVE_NUS-NGM_MMCF,U.S. Liquefied Natural Gas Exports by Vessel to Germany (Million Cubic Feet),16002.0,MMCF,Germany
2023-06-01,NUS-NGM,DEU,EPG0,Natural Gas,EVE,Exports by Vessel,NGM_EPG0_EVE_NUS-NGM_MMCF,U.S. Liquefied Natural Gas Exports by Vessel to Germany (Million Cubic Feet),15769.0,MMCF,Germany
2023-07-01,NUS-NGM,DEU,EPG0,Natural Gas,EVE,Exports by Vessel,NGM_EPG0_EVE_NUS-NGM_MMCF,U.S. Liquefied Natural Gas Exports by Vessel to Germany (Million Cubic Feet),17245.0,MMCF,Germany
2023-08-01,NUS-NGM,DEU,EPG0,Natural Gas,EVE,Exports by Vessel,NGM_EPG0_EVE_NUS-NGM_MMCF,U.S. Liquefied Natural Gas Exports by Vessel to Germany (Million Cubic Feet),20709.0,MMCF,Germany
2023-09-01,NUS-NGM,DEU,EPG0,Natural Gas,EVE,Exports by Vessel,NGM_EPG0_EVE_NUS-NGM_MMCF,U.S. Liquefied Natural Gas Exports by Vessel to Germany (Million Cubic Feet),17228.0,MMCF,Germany
2023-10-01,NUS-NGM,DEU,EPG0,Natural Gas,EVE,Exports by Vessel,NGM_EPG0_EVE_NUS-NGM_MMCF,U.S. Liquefied Natural Gas Exports by Vessel to Germany (Million Cubic Feet),17901.0,MMCF,Germany
2023-11-01,NUS-NGM,DEU,EPG0,Natural Gas,EVE,Exports by Vessel,NGM_EPG0_EVE_NUS-NGM_MMCF,U.S. Liquefied Natural Gas Exports by Vessel to Germany (Million Cubic Feet),14382.0,MMCF,Germany
2023-12-01,NUS-NGM,DEU,EPG0,Natural Gas,EVE,Exports by Vessel,NGM_EPG0_EVE_NUS-NGM_MMCF,U.S. Liquefied Natural Gas Exports by Vessel to Germany (Million Cubic Feet),19439.0,MMCF,Germany
2024-01-01,NUS-NGM,DEU,EPG0,Natural Gas,EVE,Exports by Vessel,NGM_EPG0_EVE_NUS-NGM_MMCF,U.S. Liquefied Natural Gas Exports by Vessel to Germany (Million Cubic Feet),17371.0,MMCF,Germany
2024-02-01,NUS-NGM,DEU,EPG0,Natural Gas,EVE,Exports by Vessel,NGM_EPG0_EVE_NUS-NGM_MMCF,U.S. Liquefied Natural Gas Exports by Vessel to Germany (Million Cubic Feet),16715.0,MMCF,Germany
2024-03-01,NUS-NGM,DEU,EPG0,Natural Gas,EVE,Exports by Vessel,NGM_EPG0_EVE_NUS-NGM_MMCF,U.S. Liquefied Natural Gas Exports by Vessel to Germany (Million Cubic Feet),17060.0,MMCF,Germany
2024-04-01,NUS-NGM,DEU,EPG0,Natural Gas,EVE,Exports by Vessel,NGM_EPG0_EVE_NUS-NGM_MMCF,U.S. Liquefied Natural Gas Exports by Vessel to Germany (Million Cubic Feet),21479.0,MMCF,Germany
2024-05-01,NUS-NGM,DEU,EPG0,Natural Gas,EVE,Exports by Vessel,NGM_EPG0_EVE_NUS-NGM_MMCF,U.S. Liquefied Natural Gas Exports by Vessel to Germany (Million Cubic Feet),26177.0,MMCF,Germany
2024-06-01,NUS-NGM,DEU,EPG0,Natural Gas,EVE,Exports by Vessel,NGM_EPG0_EVE_NUS-NGM_MMCF,U.S. Liquefied Natural Gas Exports by Vessel to Germany (Million Cubic Feet),17970.0,MMCF,Germany
2024-07-01,NUS-NGM,DEU,EPG0,Natural Gas,EVE,Exports by Vessel,NGM_EPG0_EVE_NUS-NGM_MMCF,U.S. Liquefied Natural Gas Exports by Vessel to Germany (Million Cubic Feet),14262.0,MMCF,Germany
2024-08-01,NUS-NGM,DEU,EPG0,Natural Gas,EVE,Exports by Vessel,NGM_EPG0_EVE_NUS-NGM_MMCF,U.S. Liquefied Natural Gas Exports by Vessel to Germany (Million Cubic Feet),14167.0,MMCF,Germany
2024-09-01,NUS-NGM,DEU,EPG0,Natural Gas,EVE,Exports by Vessel,NGM_EPG0_EVE_NUS-NGM_MMCF,U.S. Liquefied Natural Gas Exports by Vessel to Germany (Million Cubic Feet),21633.0,MMCF,Germany
2024-10-01,NUS-NGM,DEU,EPG0,Natural Gas,EVE,Exports by Vessel,NGM_EPG0_EVE_NUS-NGM_MMCF,U.S. Liquefied Natural Gas Exports by Vessel to Germany (Million Cubic Feet),14707.0,MMCF,Germany
2024-11-01,NUS-NGM,DEU,EPG0,Natural Gas,EVE,Exports by Vessel,NGM_EPG0_EVE_NUS-NGM_MMCF,U.S. Liquefied Natural Gas Exports by Vessel to Germany (Million Cubic Feet),16296.0,MMCF,Germany
2024-12-01,NUS-NGM,DEU,EPG0,Natural Gas,EVE,Exports by Vessel,NGM_EPG0_EVE_NUS-NGM_MMCF,U.S. Liquefied Natural Gas Exports by Vessel to Germany (Million Cubic Feet),14424.0,MMCF,Germany
2025-01-01,NUS-NGM,DEU,EPG0,Natural Gas,EVE,Exports by Vessel,NGM_EPG0_EVE_NUS-NGM_MMCF,U.S. Liquefied Natural Gas Exports by Vessel to Germany (Million Cubic Feet),9370.0,MMCF,Germany
2025-02-01,NUS-NGM,DEU,EPG0,Natural Gas,EVE,Exports by Vessel,NGM_EPG0_EVE_NUS-NGM_MMCF,U.S. Liquefied Natural Gas Exports by Vessel to Germany (Million Cubic Feet),13938.0,MMCF,Germany
2025-03-01,NUS-NGM,DEU,EPG0,Natural Gas,EVE,Exports by Vessel,NGM_EPG0_EVE_NUS-NGM_MMCF,U.S. Liquefied Natural Gas Exports by Vessel to Germany (Million Cubic Feet),21377.0,MMCF,Germany
2025-04-01,NUS-NGM,DEU,EPG0,Natural Gas,EVE,Exports by Vessel,NGM_EPG0_EVE_NUS-NGM_MMCF,U.S. Liquefied Natural Gas Exports by Vessel to Germany (Million Cubic Feet),28165.0,MMCF,Germany
2025-05-01,NUS-NGM,DEU,EPG0,Natural Gas,EVE,Exports by Vessel,NGM_EPG0_EVE_NUS-NGM_MMCF,U.S. Liquefied Natural Gas Exports by Vessel to Germany (Million Cubic Feet),29212.0,MMCF,Germany
2025-06-01,NUS-NGM,DEU,EPG0,Natural Gas,EVE,Exports by Vessel,NGM_EPG0_EVE_NUS-NGM_MMCF,U.S. Liquefied Natural Gas Exports by Vessel to Germany (Million Cubic Feet),45727.0,MMCF,Germany
2025-07-01,NUS-NGM,DEU,EPG0,Natural Gas,EVE,Exports by Vessel,NGM_EPG0_EVE_NUS-NGM_MMCF,U.S. Liquefied Natural Gas Exports by Vessel to Germany (Million Cubic Feet),35515.0,MMCF,Germany
2025-08-01,NUS-NGM,DEU,EPG0,Natural Gas,EVE,Exports by Vessel,NGM_EPG0_EVE_NUS-NGM_MMCF,U.S. Liquefied Natural Gas Exports by Vessel to Germany (Million Cubic Feet),35236.0,MMCF,Germany
2025-09-01,NUS-NGM,DEU,EPG0,Natural Gas,EVE,Exports by Vessel,NGM_EPG0_EVE_NUS-NGM_MMCF,U.S. Liquefied Natural Gas Exports by Vessel to Germany (Million Cubic Feet),28307.0,MMCF,Germany
2025-10-01,NUS-NGM,DEU,EPG0,Natural Gas,EVE,Exports by Vessel,NGM_EPG0_EVE_NUS-NGM_MMCF,U.S. Liquefied Natural Gas Exports by Vessel to Germany (Million Cubic Feet),31236.0,MMCF,Germany
2025-11-01,NUS-NGM,DEU,EPG0,Natural Gas,EVE,Exports by Vessel,NGM_EPG0_EVE_NUS-NGM_MMCF,U.S. Liquefied Natural Gas Exports by Vessel to Germany (Million Cubic Feet),31852.0,MMCF,Germany
2025-12-01,NUS-NGM,DEU,EPG0,Natural Gas,EVE,Exports by Vessel,NGM_EPG0_EVE_NUS-NGM_MMCF,U.S. Liquefied Natural Gas Exports by Vessel to Germany (Million Cubic Feet),45804.0,MMCF,Germany
2026-01-01,NUS-NGM,DEU,EPG0,Natural Gas,EVE,Exports by Vessel,NGM_EPG0_EVE_NUS-NGM_MMCF,U.S. Liquefied Natural Gas Exports by Vessel to Germany (Million Cubic Feet),23984.0,MMCF,Germany
2018-01-01,NUS-NNL,NLD,EPG0,Natural Gas,EVE,Exports by Vessel,NGM_EPG0_EVE_NUS-NNL_MMCF,Liquefied U.S. Natural Gas Exports by Vessel to Netherlands (Million Cubic Feet),0.0,MMCF,Netherlands
2018-02-01,NUS-NNL,NLD,EPG0,Natural Gas,EVE,Exports by Vessel,NGM_EPG0_EVE_NUS-NNL_MMCF,Liquefied U.S. Natural Gas Exports by Vessel to Netherlands (Million Cubic Feet),0.0,MMCF,Netherlands
2018-03-01,NUS-NNL,NLD,EPG0,Natural Gas,EVE,Exports by Vessel,NGM_EPG0_EVE_NUS-NNL_MMCF,Liquefied U.S. Natural Gas Exports by Vessel to Netherlands (Million Cubic Feet),0.0,MMCF,Netherlands
2018-04-01,NUS-NNL,NLD,EPG0,Natural Gas,EVE,Exports by Vessel,NGM_EPG0_EVE_NUS-NNL_MMCF,Liquefied U.S. Natural Gas Exports by Vessel to Netherlands (Million Cubic Feet),3253.0,MMCF,Netherlands
2018-05-01,NUS-NNL,NLD,EPG0,Natural Gas,EVE,Exports by Vessel,NGM_EPG0_EVE_NUS-NNL_MMCF,Liquefied U.S. Natural Gas Exports by Vessel to Netherlands (Million Cubic Feet),0.0,MMCF,Netherlands
2018-06-01,NUS-NNL,NLD,EPG0,Natural Gas,EVE,Exports by Vessel,NGM_EPG0_EVE_NUS-NNL_MMCF,Liquefied U.S. Natural Gas Exports by Vessel to Netherlands (Million Cubic Feet),0.0,MMCF,Netherlands
2018-07-01,NUS-NNL,NLD,EPG0,Natural Gas,EVE,Exports by Vessel,NGM_EPG0_EVE_NUS-NNL_MMCF,Liquefied U.S. Natural Gas Exports by Vessel to Netherlands (Million Cubic Feet),0.0,MMCF,Netherlands
2018-08-01,NUS-NNL,NLD,EPG0,Natural Gas,EVE,Exports by Vessel,NGM_EPG0_EVE_NUS-NNL_MMCF,Liquefied U.S. Natural Gas Exports by Vessel to Netherlands (Million Cubic Feet),0.0,MMCF,Netherlands
2018-09-01,NUS-NNL,NLD,EPG0,Natural Gas,EVE,Exports by Vessel,NGM_EPG0_EVE_NUS-NNL_MMCF,Liquefied U.S. Natural Gas Exports by Vessel to Netherlands (Million Cubic Feet),2915.0,MMCF,Netherlands
2018-10-01,NUS-NNL,NLD,EPG0,Natural Gas,EVE,Exports by Vessel,NGM_EPG0_EVE_NUS-NNL_MMCF,Liquefied U.S. Natural Gas Exports by Vessel to Netherlands (Million Cubic Feet),3071.0,MMCF,Netherlands
2018-11-01,NUS-NNL,NLD,EPG0,Natural Gas,EVE,Exports by Vessel,NGM_EPG0_EVE_NUS-NNL_MMCF,Liquefied U.S. Natural Gas Exports by Vessel to Netherlands (Million Cubic Feet),2949.0,MMCF,Netherlands
2018-12-01,NUS-NNL,NLD,EPG0,Natural Gas,EVE,Exports by Vessel,NGM_EPG0_EVE_NUS-NNL_MMCF,Liquefied U.S. Natural Gas Exports by Vessel to Netherlands (Million Cubic Feet),0.0,MMCF,Netherlands
2019-01-01,NUS-NNL,NLD,EPG0,Natural Gas,EVE,Exports by Vessel,NGM_EPG0_EVE_NUS-NNL_MMCF,Liquefied U.S. Natural Gas Exports by Vessel to Netherlands (Million Cubic Feet),0.0,MMCF,Netherlands
2019-02-01,NUS-NNL,NLD,EPG0,Natural Gas,EVE,Exports by Vessel,NGM_EPG0_EVE_NUS-NNL_MMCF,Liquefied U.S. Natural Gas Exports by Vessel to Netherlands (Million Cubic Feet),3390.0,MMCF,Netherlands
2019-03-01,NUS-NNL,NLD,EPG0,Natural Gas,EVE,Exports by Vessel,NGM_EPG0_EVE_NUS-NNL_MMCF,Liquefied U.S. Natural Gas Exports by Vessel to Netherlands (Million Cubic Feet),10452.0,MMCF,Netherlands
2019-04-01,NUS-NNL,NLD,EPG0,Natural Gas,EVE,Exports by Vessel,NGM_EPG0_EVE_NUS-NNL_MMCF,Liquefied U.S. Natural Gas Exports by Vessel to Netherlands (Million Cubic Feet),13010.0,MMCF,Netherlands
2019-05-01,NUS-NNL,NLD,EPG0,Natural Gas,EVE,Exports by Vessel,NGM_EPG0_EVE_NUS-NNL_MMCF,Liquefied U.S. Natural Gas Exports by Vessel to Netherlands (Million Cubic Feet),10734.0,MMCF,Netherlands
2019-06-01,NUS-NNL,NLD,EPG0,Natural Gas,EVE,Exports by Vessel,NGM_EPG0_EVE_NUS-NNL_MMCF,Liquefied U.S. Natural Gas Exports by Vessel to Netherlands (Million Cubic Feet),3310.0,MMCF,Netherlands
2019-07-01,NUS-NNL,NLD,EPG0,Natural Gas,EVE,Exports by Vessel,NGM_EPG0_EVE_NUS-NNL_MMCF,Liquefied U.S. Natural Gas Exports by Vessel to Netherlands (Million Cubic Feet),3386.0,MMCF,Netherlands
2019-08-01,NUS-NNL,NLD,EPG0,Natural Gas,EVE,Exports by Vessel,NGM_EPG0_EVE_NUS-NNL_MMCF,Liquefied U.S. Natural Gas Exports by Vessel to Netherlands (Million Cubic Feet),6688.0,MMCF,Netherlands
2019-09-01,NUS-NNL,NLD,EPG0,Natural Gas,EVE,Exports by Vessel,NGM_EPG0_EVE_NUS-NNL_MMCF,Liquefied U.S. Natural Gas Exports by Vessel to Netherlands (Million Cubic Feet),3431.0,MMCF,Netherlands
2019-10-01,NUS-NNL,NLD,EPG0,Natural Gas,EVE,Exports by Vessel,NGM_EPG0_EVE_NUS-NNL_MMCF,Liquefied U.S. Natural Gas Exports by Vessel to Netherlands (Million Cubic Feet),3456.0,MMCF,Netherlands
2019-11-01,NUS-NNL,NLD,EPG0,Natural Gas,EVE,Exports by Vessel,NGM_EPG0_EVE_NUS-NNL_MMCF,Liquefied U.S. Natural Gas Exports by Vessel to Netherlands (Million Cubic Feet),10099.0,MMCF,Netherlands
2019-12-01,NUS-NNL,NLD,EPG0,Natural Gas,EVE,Exports by Vessel,NGM_EPG0_EVE_NUS-NNL_MMCF,Liquefied U.S. Natural Gas Exports by Vessel to Netherlands (Million Cubic Feet),13405.0,MMCF,Netherlands
2020-01-01,NUS-NNL,NLD,EPG0,Natural Gas,EVE,Exports by Vessel,NGM_EPG0_EVE_NUS-NNL_MMCF,Liquefied U.S. Natural Gas Exports by Vessel to Netherlands (Million Cubic Feet),6681.0,MMCF,Netherlands
2020-02-01,NUS-NNL,NLD,EPG0,Natural Gas,EVE,Exports by Vessel,NGM_EPG0_EVE_NUS-NNL_MMCF,Liquefied U.S. Natural Gas Exports by Vessel to Netherlands (Million Cubic Feet),14099.0,MMCF,Netherlands
2020-03-01,NUS-NNL,NLD,EPG0,Natural Gas,EVE,Exports by Vessel,NGM_EPG0_EVE_NUS-NNL_MMCF,Liquefied U.S. Natural Gas Exports by Vessel to Netherlands (Million Cubic Feet),13772.0,MMCF,Netherlands
2020-04-01,NUS-NNL,NLD,EPG0,Natural Gas,EVE,Exports by Vessel,NGM_EPG0_EVE_NUS-NNL_MMCF,Liquefied U.S. Natural Gas Exports by Vessel to Netherlands (Million Cubic Feet),10305.0,MMCF,Netherlands
2020-05-01,NUS-NNL,NLD,EPG0,Natural Gas,EVE,Exports by Vessel,NGM_EPG0_EVE_NUS-NNL_MMCF,Liquefied U.S. Natural Gas Exports by Vessel to Netherlands (Million Cubic Feet),6826.0,MMCF,Netherlands
2020-06-01,NUS-NNL,NLD,EPG0,Natural Gas,EVE,Exports by Vessel,NGM_EPG0_EVE_NUS-NNL_MMCF,Liquefied U.S. Natural Gas Exports by Vessel to Netherlands (Million Cubic Feet),6870.0,MMCF,Netherlands
2020-07-01,NUS-NNL,NLD,EPG0,Natural Gas,EVE,Exports by Vessel,NGM_EPG0_EVE_NUS-NNL_MMCF,Liquefied U.S. Natural Gas Exports by Vessel to Netherlands (Million Cubic Feet),6746.0,MMCF,Netherlands
2020-08-01,NUS-NNL,NLD,EPG0,Natural Gas,EVE,Exports by Vessel,NGM_EPG0_EVE_NUS-NNL_MMCF,Liquefied U.S. Natural Gas Exports by Vessel to Netherlands (Million Cubic Feet),0.0,MMCF,Netherlands
2020-09-01,NUS-NNL,NLD,EPG0,Natural Gas,EVE,Exports by Vessel,NGM_EPG0_EVE_NUS-NNL_MMCF,Liquefied U.S. Natural Gas Exports by Vessel to Netherlands (Million Cubic Feet),6671.0,MMCF,Netherlands
2020-10-01,NUS-NNL,NLD,EPG0,Natural Gas,EVE,Exports by Vessel,NGM_EPG0_EVE_NUS-NNL_MMCF,Liquefied U.S. Natural Gas Exports by Vessel to Netherlands (Million Cubic Feet),3603.0,MMCF,Netherlands
2020-11-01,NUS-NNL,NLD,EPG0,Natural Gas,EVE,Exports by Vessel,NGM_EPG0_EVE_NUS-NNL_MMCF,Liquefied U.S. Natural Gas Exports by Vessel to Netherlands (Million Cubic Feet),6684.0,MMCF,Netherlands
2020-12-01,NUS-NNL,NLD,EPG0,Natural Gas,EVE,Exports by Vessel,NGM_EPG0_EVE_NUS-NNL_MMCF,Liquefied U.S. Natural Gas Exports by Vessel to Netherlands (Million Cubic Feet),3316.0,MMCF,Netherlands
2021-01-01,NUS-NNL,NLD,EPG0,Natural Gas,EVE,Exports by Vessel,NGM_EPG0_EVE_NUS-NNL_MMCF,Liquefied U.S. Natural Gas Exports by Vessel to Netherlands (Million Cubic Feet),2949.0,MMCF,Netherlands
2021-02-01,NUS-NNL,NLD,EPG0,Natural Gas,EVE,Exports by Vessel,NGM_EPG0_EVE_NUS-NNL_MMCF,Liquefied U.S. Natural Gas Exports by Vessel to Netherlands (Million Cubic Feet),22777.0,MMCF,Netherlands
2021-03-01,NUS-NNL,NLD,EPG0,Natural Gas,EVE,Exports by Vessel,NGM_EPG0_EVE_NUS-NNL_MMCF,Liquefied U.S. Natural Gas Exports by Vessel to Netherlands (Million Cubic Feet),24204.0,MMCF,Netherlands
2021-04-01,NUS-NNL,NLD,EPG0,Natural Gas,EVE,Exports by Vessel,NGM_EPG0_EVE_NUS-NNL_MMCF,Liquefied U.S. Natural Gas Exports by Vessel to Netherlands (Million Cubic Feet),17060.0,MMCF,Netherlands
2021-05-01,NUS-NNL,NLD,EPG0,Natural Gas,EVE,Exports by Vessel,NGM_EPG0_EVE_NUS-NNL_MMCF,Liquefied U.S. Natural Gas Exports by Vessel to Netherlands (Million Cubic Feet),26611.0,MMCF,Netherlands
2021-06-01,NUS-NNL,NLD,EPG0,Natural Gas,EVE,Exports by Vessel,NGM_EPG0_EVE_NUS-NNL_MMCF,Liquefied U.S. Natural Gas Exports by Vessel to Netherlands (Million Cubic Feet),3030.0,MMCF,Netherlands
2021-07-01,NUS-NNL,NLD,EPG0,Natural Gas,EVE,Exports by Vessel,NGM_EPG0_EVE_NUS-NNL_MMCF,Liquefied U.S. Natural Gas Exports by Vessel to Netherlands (Million Cubic Feet),10597.0,MMCF,Netherlands
2021-08-01,NUS-NNL,NLD,EPG0,Natural Gas,EVE,Exports by Vessel,NGM_EPG0_EVE_NUS-NNL_MMCF,Liquefied U.S. Natural Gas Exports by Vessel to Netherlands (Million Cubic Feet),7347.0,MMCF,Netherlands
2021-09-01,NUS-NNL,NLD,EPG0,Natural Gas,EVE,Exports by Vessel,NGM_EPG0_EVE_NUS-NNL_MMCF,Liquefied U.S. Natural Gas Exports by Vessel to Netherlands (Million Cubic Feet),10424.0,MMCF,Netherlands
2021-10-01,NUS-NNL,NLD,EPG0,Natural Gas,EVE,Exports by Vessel,NGM_EPG0_EVE_NUS-NNL_MMCF,Liquefied U.S. Natural Gas Exports by Vessel to Netherlands (Million Cubic Feet),17157.0,MMCF,Netherlands
2021-11-01,NUS-NNL,NLD,EPG0,Natural Gas,EVE,Exports by Vessel,NGM_EPG0_EVE_NUS-NNL_MMCF,Liquefied U.S. Natural Gas Exports by Vessel to Netherlands (Million Cubic Feet),8829.0,MMCF,Netherlands
2021-12-01,NUS-NNL,NLD,EPG0,Natural Gas,EVE,Exports by Vessel,NGM_EPG0_EVE_NUS-NNL_MMCF,Liquefied U.S. Natural Gas Exports by Vessel to Netherlands (Million Cubic Feet),23354.0,MMCF,Netherlands
2022-01-01,NUS-NNL,NLD,EPG0,Natural Gas,EVE,Exports by Vessel,NGM_EPG0_EVE_NUS-NNL_MMCF,Liquefied U.S. Natural Gas Exports by Vessel to Netherlands (Million Cubic Feet),16279.0,MMCF,Netherlands
2022-02-01,NUS-NNL,NLD,EPG0,Natural Gas,EVE,Exports by Vessel,NGM_EPG0_EVE_NUS-NNL_MMCF,Liquefied U.S. Natural Gas Exports by Vessel to Netherlands (Million Cubic Feet),31591.0,MMCF,Netherlands
2022-03-01,NUS-NNL,NLD,EPG0,Natural Gas,EVE,Exports by Vessel,NGM_EPG0_EVE_NUS-NNL_MMCF,Liquefied U.S. Natural Gas Exports by Vessel to Netherlands (Million Cubic Feet),24922.0,MMCF,Netherlands
2022-04-01,NUS-NNL,NLD,EPG0,Natural Gas,EVE,Exports by Vessel,NGM_EPG0_EVE_NUS-NNL_MMCF,Liquefied U.S. Natural Gas Exports by Vessel to Netherlands (Million Cubic Feet),28395.0,MMCF,Netherlands
2022-05-01,NUS-NNL,NLD,EPG0,Natural Gas,EVE,Exports by Vessel,NGM_EPG0_EVE_NUS-NNL_MMCF,Liquefied U.S. Natural Gas Exports by Vessel to Netherlands (Million Cubic Feet),28902.0,MMCF,Netherlands
2022-06-01,NUS-NNL,NLD,EPG0,Natural Gas,EVE,Exports by Vessel,NGM_EPG0_EVE_NUS-NNL_MMCF,Liquefied U.S. Natural Gas Exports by Vessel to Netherlands (Million Cubic Feet),34420.0,MMCF,Netherlands
2022-07-01,NUS-NNL,NLD,EPG0,Natural Gas,EVE,Exports by Vessel,NGM_EPG0_EVE_NUS-NNL_MMCF,Liquefied U.S. Natural Gas Exports by Vessel to Netherlands (Million Cubic Feet),32637.0,MMCF,Netherlands
2022-08-01,NUS-NNL,NLD,EPG0,Natural Gas,EVE,Exports by Vessel,NGM_EPG0_EVE_NUS-NNL_MMCF,Liquefied U.S. Natural Gas Exports by Vessel to Netherlands (Million Cubic Feet),50020.0,MMCF,Netherlands
2022-09-01,NUS-NNL,NLD,EPG0,Natural Gas,EVE,Exports by Vessel,NGM_EPG0_EVE_NUS-NNL_MMCF,Liquefied U.S. Natural Gas Exports by Vessel to Netherlands (Million Cubic Feet),30924.0,MMCF,Netherlands
2022-10-01,NUS-NNL,NLD,EPG0,Natural Gas,EVE,Exports by Vessel,NGM_EPG0_EVE_NUS-NNL_MMCF,Liquefied U.S. Natural Gas Exports by Vessel to Netherlands (Million Cubic Feet),39703.0,MMCF,Netherlands
2022-11-01,NUS-NNL,NLD,EPG0,Natural Gas,EVE,Exports by Vessel,NGM_EPG0_EVE_NUS-NNL_MMCF,Liquefied U.S. Natural Gas Exports by Vessel to Netherlands (Million Cubic Feet),20645.0,MMCF,Netherlands
2022-12-01,NUS-NNL,NLD,EPG0,Natural Gas,EVE,Exports by Vessel,NGM_EPG0_EVE_NUS-NNL_MMCF,Liquefied U.S. Natural Gas Exports by Vessel to Netherlands (Million Cubic Feet),39893.0,MMCF,Netherlands
2023-01-01,NUS-NNL,NLD,EPG0,Natural Gas,EVE,Exports by Vessel,NGM_EPG0_EVE_NUS-NNL_MMCF,Liquefied U.S. Natural Gas Exports by Vessel to Netherlands (Million Cubic Feet),36453.0,MMCF,Netherlands
2023-02-01,NUS-NNL,NLD,EPG0,Natural Gas,EVE,Exports by Vessel,NGM_EPG0_EVE_NUS-NNL_MMCF,Liquefied U.S. Natural Gas Exports by Vessel to Netherlands (Million Cubic Feet),39301.0,MMCF,Netherlands
2023-03-01,NUS-NNL,NLD,EPG0,Natural Gas,EVE,Exports by Vessel,NGM_EPG0_EVE_NUS-NNL_MMCF,Liquefied U.S. Natural Gas Exports by Vessel to Netherlands (Million Cubic Feet),61017.0,MMCF,Netherlands
2023-04-01,NUS-NNL,NLD,EPG0,Natural Gas,EVE,Exports by Vessel,NGM_EPG0_EVE_NUS-NNL_MMCF,Liquefied U.S. Natural Gas Exports by Vessel to Netherlands (Million Cubic Feet),60234.0,MMCF,Netherlands
2023-05-01,NUS-NNL,NLD,EPG0,Natural Gas,EVE,Exports by Vessel,NGM_EPG0_EVE_NUS-NNL_MMCF,Liquefied U.S. Natural Gas Exports by Vessel to Netherlands (Million Cubic Feet),64538.0,MMCF,Netherlands
2023-06-01,NUS-NNL,NLD,EPG0,Natural Gas,EVE,Exports by Vessel,NGM_EPG0_EVE_NUS-NNL_MMCF,Liquefied U.S. Natural Gas Exports by Vessel to Netherlands (Million Cubic Feet),45866.0,MMCF,Netherlands
2023-07-01,NUS-NNL,NLD,EPG0,Natural Gas,EVE,Exports by Vessel,NGM_EPG0_EVE_NUS-NNL_MMCF,Liquefied U.S. Natural Gas Exports by Vessel to Netherlands (Million Cubic Feet),53296.0,MMCF,Netherlands
2023-08-01,NUS-NNL,NLD,EPG0,Natural Gas,EVE,Exports by Vessel,NGM_EPG0_EVE_NUS-NNL_MMCF,Liquefied U.S. Natural Gas Exports by Vessel to Netherlands (Million Cubic Feet),53596.0,MMCF,Netherlands
2023-09-01,NUS-NNL,NLD,EPG0,Natural Gas,EVE,Exports by Vessel,NGM_EPG0_EVE_NUS-NNL_MMCF,Liquefied U.S. Natural Gas Exports by Vessel to Netherlands (Million Cubic Feet),39745.0,MMCF,Netherlands
2023-10-01,NUS-NNL,NLD,EPG0,Natural Gas,EVE,Exports by Vessel,NGM_EPG0_EVE_NUS-NNL_MMCF,Liquefied U.S. Natural Gas Exports by Vessel to Netherlands (Million Cubic Feet),49701.0,MMCF,Netherlands
2023-11-01,NUS-NNL,NLD,EPG0,Natural Gas,EVE,Exports by Vessel,NGM_EPG0_EVE_NUS-NNL_MMCF,Liquefied U.S. Natural Gas Exports by Vessel to Netherlands (Million Cubic Feet),36150.0,MMCF,Netherlands
2023-12-01,NUS-NNL,NLD,EPG0,Natural Gas,EVE,Exports by Vessel,NGM_EPG0_EVE_NUS-NNL_MMCF,Liquefied U.S. Natural Gas Exports by Vessel to Netherlands (Million Cubic Feet),48658.0,MMCF,Netherlands
2024-01-01,NUS-NNL,NLD,EPG0,Natural Gas,EVE,Exports by Vessel,NGM_EPG0_EVE_NUS-NNL_MMCF,Liquefied U.S. Natural Gas Exports by Vessel to Netherlands (Million Cubic Feet),41873.0,MMCF,Netherlands
2024-02-01,NUS-NNL,NLD,EPG0,Natural Gas,EVE,Exports by Vessel,NGM_EPG0_EVE_NUS-NNL_MMCF,Liquefied U.S. Natural Gas Exports by Vessel to Netherlands (Million Cubic Feet),45501.0,MMCF,Netherlands
2024-03-01,NUS-NNL,NLD,EPG0,Natural Gas,EVE,Exports by Vessel,NGM_EPG0_EVE_NUS-NNL_MMCF,Liquefied U.S. Natural Gas Exports by Vessel to Netherlands (Million Cubic Feet),57169.0,MMCF,Netherlands
2024-04-01,NUS-NNL,NLD,EPG0,Natural Gas,EVE,Exports by Vessel,NGM_EPG0_EVE_NUS-NNL_MMCF,Liquefied U.S. Natural Gas Exports by Vessel to Netherlands (Million Cubic Feet),47486.0,MMCF,Netherlands
2024-05-01,NUS-NNL,NLD,EPG0,Natural Gas,EVE,Exports by Vessel,NGM_EPG0_EVE_NUS-NNL_MMCF,Liquefied U.S. Natural Gas Exports by Vessel to Netherlands (Million Cubic Feet),37694.0,MMCF,Netherlands
2024-06-01,NUS-NNL,NLD,EPG0,Natural Gas,EVE,Exports by Vessel,NGM_EPG0_EVE_NUS-NNL_MMCF,Liquefied U.S. Natural Gas Exports by Vessel to Netherlands (Million Cubic Feet),34890.0,MMCF,Netherlands
2024-07-01,NUS-NNL,NLD,EPG0,Natural Gas,EVE,Exports by Vessel,NGM_EPG0_EVE_NUS-NNL_MMCF,Liquefied U.S. Natural Gas Exports by Vessel to Netherlands (Million Cubic Feet),22461.0,MMCF,Netherlands
2024-08-01,NUS-NNL,NLD,EPG0,Natural Gas,EVE,Exports by Vessel,NGM_EPG0_EVE_NUS-NNL_MMCF,Liquefied U.S. Natural Gas Exports by Vessel to Netherlands (Million Cubic Feet),37494.0,MMCF,Netherlands
2024-09-01,NUS-NNL,NLD,EPG0,Natural Gas,EVE,Exports by Vessel,NGM_EPG0_EVE_NUS-NNL_MMCF,Liquefied U.S. Natural Gas Exports by Vessel to Netherlands (Million Cubic Feet),48864.0,MMCF,Netherlands
2024-10-01,NUS-NNL,NLD,EPG0,Natural Gas,EVE,Exports by Vessel,NGM_EPG0_EVE_NUS-NNL_MMCF,Liquefied U.S. Natural Gas Exports by Vessel to Netherlands (Million Cubic Feet),32221.0,MMCF,Netherlands
2024-11-01,NUS-NNL,NLD,EPG0,Natural Gas,EVE,Exports by Vessel,NGM_EPG0_EVE_NUS-NNL_MMCF,Liquefied U.S. Natural Gas Exports by Vessel to Netherlands (Million Cubic Feet),29842.0,MMCF,Netherlands
2024-12-01,NUS-NNL,NLD,EPG0,Natural Gas,EVE,Exports by Vessel,NGM_EPG0_EVE_NUS-NNL_MMCF,Liquefied U.S. Natural Gas Exports by Vessel to Netherlands (Million Cubic Feet),28274.0,MMCF,Netherlands
2025-01-01,NUS-NNL,NLD,EPG0,Natural Gas,EVE,Exports by Vessel,NGM_EPG0_EVE_NUS-NNL_MMCF,Liquefied U.S. Natural Gas Exports by Vessel to Netherlands (Million Cubic Feet),35404.0,MMCF,Netherlands
2025-02-01,NUS-NNL,NLD,EPG0,Natural Gas,EVE,Exports by Vessel,NGM_EPG0_EVE_NUS-NNL_MMCF,Liquefied U.S. Natural Gas Exports by Vessel to Netherlands (Million Cubic Feet),24794.0,MMCF,Netherlands
2025-03-01,NUS-NNL,NLD,EPG0,Natural Gas,EVE,Exports by Vessel,NGM_EPG0_EVE_NUS-NNL_MMCF,Liquefied U.S. Natural Gas Exports by Vessel to Netherlands (Million Cubic Feet),56814.0,MMCF,Netherlands
2025-04-01,NUS-NNL,NLD,EPG0,Natural Gas,EVE,Exports by Vessel,NGM_EPG0_EVE_NUS-NNL_MMCF,Liquefied U.S. Natural Gas Exports by Vessel to Netherlands (Million Cubic Feet),56009.0,MMCF,Netherlands
2025-05-01,NUS-NNL,NLD,EPG0,Natural Gas,EVE,Exports by Vessel,NGM_EPG0_EVE_NUS-NNL_MMCF,Liquefied U.S. Natural Gas Exports by Vessel to Netherlands (Million Cubic Feet),78927.0,MMCF,Netherlands
2025-06-01,NUS-NNL,NLD,EPG0,Natural Gas,EVE,Exports by Vessel,NGM_EPG0_EVE_NUS-NNL_MMCF,Liquefied U.S. Natural Gas Exports by Vessel to Netherlands (Million Cubic Feet),62077.0,MMCF,Netherlands
2025-07-01,NUS-NNL,NLD,EPG0,Natural Gas,EVE,Exports by Vessel,NGM_EPG0_EVE_NUS-NNL_MMCF,Liquefied U.S. Natural Gas Exports by Vessel to Netherlands (Million Cubic Feet),53830.0,MMCF,Netherlands
2025-08-01,NUS-NNL,NLD,EPG0,Natural Gas,EVE,Exports by Vessel,NGM_EPG0_EVE_NUS-NNL_MMCF,Liquefied U.S. Natural Gas Exports by Vessel to Netherlands (Million Cubic Feet),70762.0,MMCF,Netherlands
2025-09-01,NUS-NNL,NLD,EPG0,Natural Gas,EVE,Exports by Vessel,NGM_EPG0_EVE_NUS-NNL_MMCF,Liquefied U.S. Natural Gas Exports by Vessel to Netherlands (Million Cubic Feet),68528.0,MMCF,Netherlands
2025-10-01,NUS-NNL,NLD,EPG0,Natural Gas,EVE,Exports by Vessel,NGM_EPG0_EVE_NUS-NNL_MMCF,Liquefied U.S. Natural Gas Exports by Vessel to Netherlands (Million Cubic Feet),51931.0,MMCF,Netherlands
2025-11-01,NUS-NNL,NLD,EPG0,Natural Gas,EVE,Exports by Vessel,NGM_EPG0_EVE_NUS-NNL_MMCF,Liquefied U.S. Natural Gas Exports by Vessel to Netherlands (Million Cubic Feet),43564.0,MMCF,Netherlands
2025-12-01,NUS-NNL,NLD,EPG0,Natural Gas,EVE,Exports by Vessel,NGM_EPG0_EVE_NUS-NNL_MMCF,Liquefied U.S. Natural Gas Exports by Vessel to Netherlands (Million Cubic Feet),43494.0,MMCF,Netherlands
2026-01-01,NUS-NNL,NLD,EPG0,Natural Gas,EVE,Exports by Vessel,NGM_EPG0_EVE_NUS-NNL_MMCF,Liquefied U.S. Natural Gas Exports by Vessel to Netherlands (Million Cubic Feet),39137.0,MMCF,Netherlands
2018-01-01,NUS-NSP,ESP,EPG0,Natural Gas,EVE,Exports by Vessel,NGM_EPG0_EVE_NUS-NSP_MMCF,U.S. Liquefied Natural Gas Exports by Vessel to Spain (Million Cubic Feet),0.0,MMCF,Spain
2018-02-01,NUS-NSP,ESP,EPG0,Natural Gas,EVE,Exports by Vessel,NGM_EPG0_EVE_NUS-NSP_MMCF,U.S. Liquefied Natural Gas Exports by Vessel to Spain (Million Cubic Feet),0.0,MMCF,Spain
2018-03-01,NUS-NSP,ESP,EPG0,Natural Gas,EVE,Exports by Vessel,NGM_EPG0_EVE_NUS-NSP_MMCF,U.S. Liquefied Natural Gas Exports by Vessel to Spain (Million Cubic Feet),0.0,MMCF,Spain
2018-04-01,NUS-NSP,ESP,EPG0,Natural Gas,EVE,Exports by Vessel,NGM_EPG0_EVE_NUS-NSP_MMCF,U.S. Liquefied Natural Gas Exports by Vessel to Spain (Million Cubic Feet),0.0,MMCF,Spain
2018-05-01,NUS-NSP,ESP,EPG0,Natural Gas,EVE,Exports by Vessel,NGM_EPG0_EVE_NUS-NSP_MMCF,U.S. Liquefied Natural Gas Exports by Vessel to Spain (Million Cubic Feet),0.0,MMCF,Spain
2018-06-01,NUS-NSP,ESP,EPG0,Natural Gas,EVE,Exports by Vessel,NGM_EPG0_EVE_NUS-NSP_MMCF,U.S. Liquefied Natural Gas Exports by Vessel to Spain (Million Cubic Feet),0.0,MMCF,Spain
2018-07-01,NUS-NSP,ESP,EPG0,Natural Gas,EVE,Exports by Vessel,NGM_EPG0_EVE_NUS-NSP_MMCF,U.S. Liquefied Natural Gas Exports by Vessel to Spain (Million Cubic Feet),3230.0,MMCF,Spain
2018-08-01,NUS-NSP,ESP,EPG0,Natural Gas,EVE,Exports by Vessel,NGM_EPG0_EVE_NUS-NSP_MMCF,U.S. Liquefied Natural Gas Exports by Vessel to Spain (Million Cubic Feet),0.0,MMCF,Spain
2018-09-01,NUS-NSP,ESP,EPG0,Natural Gas,EVE,Exports by Vessel,NGM_EPG0_EVE_NUS-NSP_MMCF,U.S. Liquefied Natural Gas Exports by Vessel to Spain (Million Cubic Feet),0.0,MMCF,Spain
2018-10-01,NUS-NSP,ESP,EPG0,Natural Gas,EVE,Exports by Vessel,NGM_EPG0_EVE_NUS-NSP_MMCF,U.S. Liquefied Natural Gas Exports by Vessel to Spain (Million Cubic Feet),3551.0,MMCF,Spain
2018-11-01,NUS-NSP,ESP,EPG0,Natural Gas,EVE,Exports by Vessel,NGM_EPG0_EVE_NUS-NSP_MMCF,U.S. Liquefied Natural Gas Exports by Vessel to Spain (Million Cubic Feet),3529.0,MMCF,Spain
2018-12-01,NUS-NSP,ESP,EPG0,Natural Gas,EVE,Exports by Vessel,NGM_EPG0_EVE_NUS-NSP_MMCF,U.S. Liquefied Natural Gas Exports by Vessel to Spain (Million Cubic Feet),0.0,MMCF,Spain
2019-01-01,NUS-NSP,ESP,EPG0,Natural Gas,EVE,Exports by Vessel,NGM_EPG0_EVE_NUS-NSP_MMCF,U.S. Liquefied Natural Gas Exports by Vessel to Spain (Million Cubic Feet),6631.0,MMCF,Spain
2019-02-01,NUS-NSP,ESP,EPG0,Natural Gas,EVE,Exports by Vessel,NGM_EPG0_EVE_NUS-NSP_MMCF,U.S. Liquefied Natural Gas Exports by Vessel to Spain (Million Cubic Feet),6748.0,MMCF,Spain
2019-03-01,NUS-NSP,ESP,EPG0,Natural Gas,EVE,Exports by Vessel,NGM_EPG0_EVE_NUS-NSP_MMCF,U.S. Liquefied Natural Gas Exports by Vessel to Spain (Million Cubic Feet),10678.0,MMCF,Spain
2019-04-01,NUS-NSP,ESP,EPG0,Natural Gas,EVE,Exports by Vessel,NGM_EPG0_EVE_NUS-NSP_MMCF,U.S. Liquefied Natural Gas Exports by Vessel to Spain (Million Cubic Feet),10139.0,MMCF,Spain
2019-05-01,NUS-NSP,ESP,EPG0,Natural Gas,EVE,Exports by Vessel,NGM_EPG0_EVE_NUS-NSP_MMCF,U.S. Liquefied Natural Gas Exports by Vessel to Spain (Million Cubic Feet),14325.0,MMCF,Spain
2019-06-01,NUS-NSP,ESP,EPG0,Natural Gas,EVE,Exports by Vessel,NGM_EPG0_EVE_NUS-NSP_MMCF,U.S. Liquefied Natural Gas Exports by Vessel to Spain (Million Cubic Feet),13506.0,MMCF,Spain
2019-07-01,NUS-NSP,ESP,EPG0,Natural Gas,EVE,Exports by Vessel,NGM_EPG0_EVE_NUS-NSP_MMCF,U.S. Liquefied Natural Gas Exports by Vessel to Spain (Million Cubic Feet),3297.0,MMCF,Spain
2019-08-01,NUS-NSP,ESP,EPG0,Natural Gas,EVE,Exports by Vessel,NGM_EPG0_EVE_NUS-NSP_MMCF,U.S. Liquefied Natural Gas Exports by Vessel to Spain (Million Cubic Feet),15861.0,MMCF,Spain
2019-09-01,NUS-NSP,ESP,EPG0,Natural Gas,EVE,Exports by Vessel,NGM_EPG0_EVE_NUS-NSP_MMCF,U.S. Liquefied Natural Gas Exports by Vessel to Spain (Million Cubic Feet),37938.0,MMCF,Spain
2019-10-01,NUS-NSP,ESP,EPG0,Natural Gas,EVE,Exports by Vessel,NGM_EPG0_EVE_NUS-NSP_MMCF,U.S. Liquefied Natural Gas Exports by Vessel to Spain (Million Cubic Feet),13704.0,MMCF,Spain
2019-11-01,NUS-NSP,ESP,EPG0,Natural Gas,EVE,Exports by Vessel,NGM_EPG0_EVE_NUS-NSP_MMCF,U.S. Liquefied Natural Gas Exports by Vessel to Spain (Million Cubic Feet),19985.0,MMCF,Spain
2019-12-01,NUS-NSP,ESP,EPG0,Natural Gas,EVE,Exports by Vessel,NGM_EPG0_EVE_NUS-NSP_MMCF,U.S. Liquefied Natural Gas Exports by Vessel to Spain (Million Cubic Feet),13874.0,MMCF,Spain
2020-01-01,NUS-NSP,ESP,EPG0,Natural Gas,EVE,Exports by Vessel,NGM_EPG0_EVE_NUS-NSP_MMCF,U.S. Liquefied Natural Gas Exports by Vessel to Spain (Million Cubic Feet),24412.0,MMCF,Spain
2020-02-01,NUS-NSP,ESP,EPG0,Natural Gas,EVE,Exports by Vessel,NGM_EPG0_EVE_NUS-NSP_MMCF,U.S. Liquefied Natural Gas Exports by Vessel to Spain (Million Cubic Feet),20240.0,MMCF,Spain
2020-03-01,NUS-NSP,ESP,EPG0,Natural Gas,EVE,Exports by Vessel,NGM_EPG0_EVE_NUS-NSP_MMCF,U.S. Liquefied Natural Gas Exports by Vessel to Spain (Million Cubic Feet),23657.0,MMCF,Spain
2020-04-01,NUS-NSP,ESP,EPG0,Natural Gas,EVE,Exports by Vessel,NGM_EPG0_EVE_NUS-NSP_MMCF,U.S. Liquefied Natural Gas Exports by Vessel to Spain (Million Cubic Feet),22943.0,MMCF,Spain
2020-05-01,NUS-NSP,ESP,EPG0,Natural Gas,EVE,Exports by Vessel,NGM_EPG0_EVE_NUS-NSP_MMCF,U.S. Liquefied Natural Gas Exports by Vessel to Spain (Million Cubic Feet),29360.0,MMCF,Spain
2020-06-01,NUS-NSP,ESP,EPG0,Natural Gas,EVE,Exports by Vessel,NGM_EPG0_EVE_NUS-NSP_MMCF,U.S. Liquefied Natural Gas Exports by Vessel to Spain (Million Cubic Feet),9640.0,MMCF,Spain
2020-07-01,NUS-NSP,ESP,EPG0,Natural Gas,EVE,Exports by Vessel,NGM_EPG0_EVE_NUS-NSP_MMCF,U.S. Liquefied Natural Gas Exports by Vessel to Spain (Million Cubic Feet),13679.0,MMCF,Spain
2020-08-01,NUS-NSP,ESP,EPG0,Natural Gas,EVE,Exports by Vessel,NGM_EPG0_EVE_NUS-NSP_MMCF,U.S. Liquefied Natural Gas Exports by Vessel to Spain (Million Cubic Feet),3222.0,MMCF,Spain
2020-09-01,NUS-NSP,ESP,EPG0,Natural Gas,EVE,Exports by Vessel,NGM_EPG0_EVE_NUS-NSP_MMCF,U.S. Liquefied Natural Gas Exports by Vessel to Spain (Million Cubic Feet),15206.0,MMCF,Spain
2020-10-01,NUS-NSP,ESP,EPG0,Natural Gas,EVE,Exports by Vessel,NGM_EPG0_EVE_NUS-NSP_MMCF,U.S. Liquefied Natural Gas Exports by Vessel to Spain (Million Cubic Feet),14118.0,MMCF,Spain
2020-11-01,NUS-NSP,ESP,EPG0,Natural Gas,EVE,Exports by Vessel,NGM_EPG0_EVE_NUS-NSP_MMCF,U.S. Liquefied Natural Gas Exports by Vessel to Spain (Million Cubic Feet),9907.0,MMCF,Spain
2020-12-01,NUS-NSP,ESP,EPG0,Natural Gas,EVE,Exports by Vessel,NGM_EPG0_EVE_NUS-NSP_MMCF,U.S. Liquefied Natural Gas Exports by Vessel to Spain (Million Cubic Feet),13583.0,MMCF,Spain
2021-01-01,NUS-NSP,ESP,EPG0,Natural Gas,EVE,Exports by Vessel,NGM_EPG0_EVE_NUS-NSP_MMCF,U.S. Liquefied Natural Gas Exports by Vessel to Spain (Million Cubic Feet),7377.0,MMCF,Spain
2021-02-01,NUS-NSP,ESP,EPG0,Natural Gas,EVE,Exports by Vessel,NGM_EPG0_EVE_NUS-NSP_MMCF,U.S. Liquefied Natural Gas Exports by Vessel to Spain (Million Cubic Feet),3733.0,MMCF,Spain
2021-03-01,NUS-NSP,ESP,EPG0,Natural Gas,EVE,Exports by Vessel,NGM_EPG0_EVE_NUS-NSP_MMCF,U.S. Liquefied Natural Gas Exports by Vessel to Spain (Million Cubic Feet),13900.0,MMCF,Spain
2021-04-01,NUS-NSP,ESP,EPG0,Natural Gas,EVE,Exports by Vessel,NGM_EPG0_EVE_NUS-NSP_MMCF,U.S. Liquefied Natural Gas Exports by Vessel to Spain (Million Cubic Feet),22974.0,MMCF,Spain
2021-05-01,NUS-NSP,ESP,EPG0,Natural Gas,EVE,Exports by Vessel,NGM_EPG0_EVE_NUS-NSP_MMCF,U.S. Liquefied Natural Gas Exports by Vessel to Spain (Million Cubic Feet),5234.0,MMCF,Spain
2021-06-01,NUS-NSP,ESP,EPG0,Natural Gas,EVE,Exports by Vessel,NGM_EPG0_EVE_NUS-NSP_MMCF,U.S. Liquefied Natural Gas Exports by Vessel to Spain (Million Cubic Feet),7833.0,MMCF,Spain
2021-07-01,NUS-NSP,ESP,EPG0,Natural Gas,EVE,Exports by Vessel,NGM_EPG0_EVE_NUS-NSP_MMCF,U.S. Liquefied Natural Gas Exports by Vessel to Spain (Million Cubic Feet),8630.0,MMCF,Spain
2021-08-01,NUS-NSP,ESP,EPG0,Natural Gas,EVE,Exports by Vessel,NGM_EPG0_EVE_NUS-NSP_MMCF,U.S. Liquefied Natural Gas Exports by Vessel to Spain (Million Cubic Feet),23068.0,MMCF,Spain
2021-09-01,NUS-NSP,ESP,EPG0,Natural Gas,EVE,Exports by Vessel,NGM_EPG0_EVE_NUS-NSP_MMCF,U.S. Liquefied Natural Gas Exports by Vessel to Spain (Million Cubic Feet),31274.0,MMCF,Spain
2021-10-01,NUS-NSP,ESP,EPG0,Natural Gas,EVE,Exports by Vessel,NGM_EPG0_EVE_NUS-NSP_MMCF,U.S. Liquefied Natural Gas Exports by Vessel to Spain (Million Cubic Feet),35638.0,MMCF,Spain
2021-11-01,NUS-NSP,ESP,EPG0,Natural Gas,EVE,Exports by Vessel,NGM_EPG0_EVE_NUS-NSP_MMCF,U.S. Liquefied Natural Gas Exports by Vessel to Spain (Million Cubic Feet),22821.0,MMCF,Spain
2021-12-01,NUS-NSP,ESP,EPG0,Natural Gas,EVE,Exports by Vessel,NGM_EPG0_EVE_NUS-NSP_MMCF,U.S. Liquefied Natural Gas Exports by Vessel to Spain (Million Cubic Feet),32579.0,MMCF,Spain
2022-01-01,NUS-NSP,ESP,EPG0,Natural Gas,EVE,Exports by Vessel,NGM_EPG0_EVE_NUS-NSP_MMCF,U.S. Liquefied Natural Gas Exports by Vessel to Spain (Million Cubic Feet),49379.0,MMCF,Spain
2022-02-01,NUS-NSP,ESP,EPG0,Natural Gas,EVE,Exports by Vessel,NGM_EPG0_EVE_NUS-NSP_MMCF,U.S. Liquefied Natural Gas Exports by Vessel to Spain (Million Cubic Feet),39359.0,MMCF,Spain
2022-03-01,NUS-NSP,ESP,EPG0,Natural Gas,EVE,Exports by Vessel,NGM_EPG0_EVE_NUS-NSP_MMCF,U.S. Liquefied Natural Gas Exports by Vessel to Spain (Million Cubic Feet),59224.0,MMCF,Spain
2022-04-01,NUS-NSP,ESP,EPG0,Natural Gas,EVE,Exports by Vessel,NGM_EPG0_EVE_NUS-NSP_MMCF,U.S. Liquefied Natural Gas Exports by Vessel to Spain (Million Cubic Feet),40259.0,MMCF,Spain
2022-05-01,NUS-NSP,ESP,EPG0,Natural Gas,EVE,Exports by Vessel,NGM_EPG0_EVE_NUS-NSP_MMCF,U.S. Liquefied Natural Gas Exports by Vessel to Spain (Million Cubic Feet),40337.0,MMCF,Spain
2022-06-01,NUS-NSP,ESP,EPG0,Natural Gas,EVE,Exports by Vessel,NGM_EPG0_EVE_NUS-NSP_MMCF,U.S. Liquefied Natural Gas Exports by Vessel to Spain (Million Cubic Feet),29639.0,MMCF,Spain
2022-07-01,NUS-NSP,ESP,EPG0,Natural Gas,EVE,Exports by Vessel,NGM_EPG0_EVE_NUS-NSP_MMCF,U.S. Liquefied Natural Gas Exports by Vessel to Spain (Million Cubic Feet),34396.0,MMCF,Spain
2022-08-01,NUS-NSP,ESP,EPG0,Natural Gas,EVE,Exports by Vessel,NGM_EPG0_EVE_NUS-NSP_MMCF,U.S. Liquefied Natural Gas Exports by Vessel to Spain (Million Cubic Feet),26140.0,MMCF,Spain
2022-09-01,NUS-NSP,ESP,EPG0,Natural Gas,EVE,Exports by Vessel,NGM_EPG0_EVE_NUS-NSP_MMCF,U.S. Liquefied Natural Gas Exports by Vessel to Spain (Million Cubic Feet),21263.0,MMCF,Spain
2022-10-01,NUS-NSP,ESP,EPG0,Natural Gas,EVE,Exports by Vessel,NGM_EPG0_EVE_NUS-NSP_MMCF,U.S. Liquefied Natural Gas Exports by Vessel to Spain (Million Cubic Feet),26369.0,MMCF,Spain
2022-11-01,NUS-NSP,ESP,EPG0,Natural Gas,EVE,Exports by Vessel,NGM_EPG0_EVE_NUS-NSP_MMCF,U.S. Liquefied Natural Gas Exports by Vessel to Spain (Million Cubic Feet),26445.0,MMCF,Spain
2022-12-01,NUS-NSP,ESP,EPG0,Natural Gas,EVE,Exports by Vessel,NGM_EPG0_EVE_NUS-NSP_MMCF,U.S. Liquefied Natural Gas Exports by Vessel to Spain (Million Cubic Feet),33847.0,MMCF,Spain
2023-01-01,NUS-NSP,ESP,EPG0,Natural Gas,EVE,Exports by Vessel,NGM_EPG0_EVE_NUS-NSP_MMCF,U.S. Liquefied Natural Gas Exports by Vessel to Spain (Million Cubic Feet),13987.0,MMCF,Spain
2023-02-01,NUS-NSP,ESP,EPG0,Natural Gas,EVE,Exports by Vessel,NGM_EPG0_EVE_NUS-NSP_MMCF,U.S. Liquefied Natural Gas Exports by Vessel to Spain (Million Cubic Feet),32138.0,MMCF,Spain
2023-03-01,NUS-NSP,ESP,EPG0,Natural Gas,EVE,Exports by Vessel,NGM_EPG0_EVE_NUS-NSP_MMCF,U.S. Liquefied Natural Gas Exports by Vessel to Spain (Million Cubic Feet),38096.0,MMCF,Spain
2023-04-01,NUS-NSP,ESP,EPG0,Natural Gas,EVE,Exports by Vessel,NGM_EPG0_EVE_NUS-NSP_MMCF,U.S. Liquefied Natural Gas Exports by Vessel to Spain (Million Cubic Feet),13680.0,MMCF,Spain
2023-05-01,NUS-NSP,ESP,EPG0,Natural Gas,EVE,Exports by Vessel,NGM_EPG0_EVE_NUS-NSP_MMCF,U.S. Liquefied Natural Gas Exports by Vessel to Spain (Million Cubic Feet),12266.0,MMCF,Spain
2023-06-01,NUS-NSP,ESP,EPG0,Natural Gas,EVE,Exports by Vessel,NGM_EPG0_EVE_NUS-NSP_MMCF,U.S. Liquefied Natural Gas Exports by Vessel to Spain (Million Cubic Feet),12274.0,MMCF,Spain
2023-07-01,NUS-NSP,ESP,EPG0,Natural Gas,EVE,Exports by Vessel,NGM_EPG0_EVE_NUS-NSP_MMCF,U.S. Liquefied Natural Gas Exports by Vessel to Spain (Million Cubic Feet),34106.0,MMCF,Spain
2023-08-01,NUS-NSP,ESP,EPG0,Natural Gas,EVE,Exports by Vessel,NGM_EPG0_EVE_NUS-NSP_MMCF,U.S. Liquefied Natural Gas Exports by Vessel to Spain (Million Cubic Feet),20023.0,MMCF,Spain
2023-09-01,NUS-NSP,ESP,EPG0,Natural Gas,EVE,Exports by Vessel,NGM_EPG0_EVE_NUS-NSP_MMCF,U.S. Liquefied Natural Gas Exports by Vessel to Spain (Million Cubic Feet),10234.0,MMCF,Spain
2023-10-01,NUS-NSP,ESP,EPG0,Natural Gas,EVE,Exports by Vessel,NGM_EPG0_EVE_NUS-NSP_MMCF,U.S. Liquefied Natural Gas Exports by Vessel to Spain (Million Cubic Feet),49792.0,MMCF,Spain
2023-11-01,NUS-NSP,ESP,EPG0,Natural Gas,EVE,Exports by Vessel,NGM_EPG0_EVE_NUS-NSP_MMCF,U.S. Liquefied Natural Gas Exports by Vessel to Spain (Million Cubic Feet),17280.0,MMCF,Spain
2023-12-01,NUS-NSP,ESP,EPG0,Natural Gas,EVE,Exports by Vessel,NGM_EPG0_EVE_NUS-NSP_MMCF,U.S. Liquefied Natural Gas Exports by Vessel to Spain (Million Cubic Feet),15629.0,MMCF,Spain
2024-01-01,NUS-NSP,ESP,EPG0,Natural Gas,EVE,Exports by Vessel,NGM_EPG0_EVE_NUS-NSP_MMCF,U.S. Liquefied Natural Gas Exports by Vessel to Spain (Million Cubic Feet),38812.0,MMCF,Spain
2024-02-01,NUS-NSP,ESP,EPG0,Natural Gas,EVE,Exports by Vessel,NGM_EPG0_EVE_NUS-NSP_MMCF,U.S. Liquefied Natural Gas Exports by Vessel to Spain (Million Cubic Feet),13660.0,MMCF,Spain
2024-03-01,NUS-NSP,ESP,EPG0,Natural Gas,EVE,Exports by Vessel,NGM_EPG0_EVE_NUS-NSP_MMCF,U.S. Liquefied Natural Gas Exports by Vessel to Spain (Million Cubic Feet),21849.0,MMCF,Spain
2024-04-01,NUS-NSP,ESP,EPG0,Natural Gas,EVE,Exports by Vessel,NGM_EPG0_EVE_NUS-NSP_MMCF,U.S. Liquefied Natural Gas Exports by Vessel to Spain (Million Cubic Feet),10127.0,MMCF,Spain
2024-05-01,NUS-NSP,ESP,EPG0,Natural Gas,EVE,Exports by Vessel,NGM_EPG0_EVE_NUS-NSP_MMCF,U.S. Liquefied Natural Gas Exports by Vessel to Spain (Million Cubic Feet),8399.0,MMCF,Spain
2024-06-01,NUS-NSP,ESP,EPG0,Natural Gas,EVE,Exports by Vessel,NGM_EPG0_EVE_NUS-NSP_MMCF,U.S. Liquefied Natural Gas Exports by Vessel to Spain (Million Cubic Feet),17364.0,MMCF,Spain
2024-07-01,NUS-NSP,ESP,EPG0,Natural Gas,EVE,Exports by Vessel,NGM_EPG0_EVE_NUS-NSP_MMCF,U.S. Liquefied Natural Gas Exports by Vessel to Spain (Million Cubic Feet),14712.0,MMCF,Spain
2024-08-01,NUS-NSP,ESP,EPG0,Natural Gas,EVE,Exports by Vessel,NGM_EPG0_EVE_NUS-NSP_MMCF,U.S. Liquefied Natural Gas Exports by Vessel to Spain (Million Cubic Feet),20877.0,MMCF,Spain
2024-09-01,NUS-NSP,ESP,EPG0,Natural Gas,EVE,Exports by Vessel,NGM_EPG0_EVE_NUS-NSP_MMCF,U.S. Liquefied Natural Gas Exports by Vessel to Spain (Million Cubic Feet),14107.0,MMCF,Spain
2024-10-01,NUS-NSP,ESP,EPG0,Natural Gas,EVE,Exports by Vessel,NGM_EPG0_EVE_NUS-NSP_MMCF,U.S. Liquefied Natural Gas Exports by Vessel to Spain (Million Cubic Feet),7021.0,MMCF,Spain
2024-11-01,NUS-NSP,ESP,EPG0,Natural Gas,EVE,Exports by Vessel,NGM_EPG0_EVE_NUS-NSP_MMCF,U.S. Liquefied Natural Gas Exports by Vessel to Spain (Million Cubic Feet),10584.0,MMCF,Spain
2024-12-01,NUS-NSP,ESP,EPG0,Natural Gas,EVE,Exports by Vessel,NGM_EPG0_EVE_NUS-NSP_MMCF,U.S. Liquefied Natural Gas Exports by Vessel to Spain (Million Cubic Feet),33166.0,MMCF,Spain
2025-01-01,NUS-NSP,ESP,EPG0,Natural Gas,EVE,Exports by Vessel,NGM_EPG0_EVE_NUS-NSP_MMCF,U.S. Liquefied Natural Gas Exports by Vessel to Spain (Million Cubic Feet),30300.0,MMCF,Spain
2025-02-01,NUS-NSP,ESP,EPG0,Natural Gas,EVE,Exports by Vessel,NGM_EPG0_EVE_NUS-NSP_MMCF,U.S. Liquefied Natural Gas Exports by Vessel to Spain (Million Cubic Feet),18109.0,MMCF,Spain
2025-03-01,NUS-NSP,ESP,EPG0,Natural Gas,EVE,Exports by Vessel,NGM_EPG0_EVE_NUS-NSP_MMCF,U.S. Liquefied Natural Gas Exports by Vessel to Spain (Million Cubic Feet),51937.0,MMCF,Spain
2025-04-01,NUS-NSP,ESP,EPG0,Natural Gas,EVE,Exports by Vessel,NGM_EPG0_EVE_NUS-NSP_MMCF,U.S. Liquefied Natural Gas Exports by Vessel to Spain (Million Cubic Feet),55823.0,MMCF,Spain
2025-05-01,NUS-NSP,ESP,EPG0,Natural Gas,EVE,Exports by Vessel,NGM_EPG0_EVE_NUS-NSP_MMCF,U.S. Liquefied Natural Gas Exports by Vessel to Spain (Million Cubic Feet),15767.0,MMCF,Spain
2025-06-01,NUS-NSP,ESP,EPG0,Natural Gas,EVE,Exports by Vessel,NGM_EPG0_EVE_NUS-NSP_MMCF,U.S. Liquefied Natural Gas Exports by Vessel to Spain (Million Cubic Feet),5263.0,MMCF,Spain
2025-07-01,NUS-NSP,ESP,EPG0,Natural Gas,EVE,Exports by Vessel,NGM_EPG0_EVE_NUS-NSP_MMCF,U.S. Liquefied Natural Gas Exports by Vessel to Spain (Million Cubic Feet),39044.0,MMCF,Spain
2025-08-01,NUS-NSP,ESP,EPG0,Natural Gas,EVE,Exports by Vessel,NGM_EPG0_EVE_NUS-NSP_MMCF,U.S. Liquefied Natural Gas Exports by Vessel to Spain (Million Cubic Feet),34634.0,MMCF,Spain
2025-09-01,NUS-NSP,ESP,EPG0,Natural Gas,EVE,Exports by Vessel,NGM_EPG0_EVE_NUS-NSP_MMCF,U.S. Liquefied Natural Gas Exports by Vessel to Spain (Million Cubic Feet),28341.0,MMCF,Spain
2025-10-01,NUS-NSP,ESP,EPG0,Natural Gas,EVE,Exports by Vessel,NGM_EPG0_EVE_NUS-NSP_MMCF,U.S. Liquefied Natural Gas Exports by Vessel to Spain (Million Cubic Feet),39655.0,MMCF,Spain
2025-11-01,NUS-NSP,ESP,EPG0,Natural Gas,EVE,Exports by Vessel,NGM_EPG0_EVE_NUS-NSP_MMCF,U.S. Liquefied Natural Gas Exports by Vessel to Spain (Million Cubic Feet),22004.0,MMCF,Spain
2025-12-01,NUS-NSP,ESP,EPG0,Natural Gas,EVE,Exports by Vessel,NGM_EPG0_EVE_NUS-NSP_MMCF,U.S. Liquefied Natural Gas Exports by Vessel to Spain (Million Cubic Feet),32332.0,MMCF,Spain
2026-01-01,NUS-NSP,ESP,EPG0,Natural Gas,EVE,Exports by Vessel,NGM_EPG0_EVE_NUS-NSP_MMCF,U.S. Liquefied Natural Gas Exports by Vessel to Spain (Million Cubic Feet),50155.0,MMCF,Spain
2018-01-01,NUS-NBE,BEL,EPG0,Natural Gas,EVE,Exports by Vessel,NGM_EPG0_EVE_NUS-NBE_MMCF,Liquefied U.S. Natural Gas Exports by Vessel to Belgium (Million Cubic Feet),0.0,MMCF,Belgium
2018-02-01,NUS-NBE,BEL,EPG0,Natural Gas,EVE,Exports by Vessel,NGM_EPG0_EVE_NUS-NBE_MMCF,Liquefied U.S. Natural Gas Exports by Vessel to Belgium (Million Cubic Feet),0.0,MMCF,Belgium
2018-03-01,NUS-NBE,BEL,EPG0,Natural Gas,EVE,Exports by Vessel,NGM_EPG0_EVE_NUS-NBE_MMCF,Liquefied U.S. Natural Gas Exports by Vessel to Belgium (Million Cubic Feet),0.0,MMCF,Belgium
2018-04-01,NUS-NBE,BEL,EPG0,Natural Gas,EVE,Exports by Vessel,NGM_EPG0_EVE_NUS-NBE_MMCF,Liquefied U.S. Natural Gas Exports by Vessel to Belgium (Million Cubic Feet),0.0,MMCF,Belgium
2018-05-01,NUS-NBE,BEL,EPG0,Natural Gas,EVE,Exports by Vessel,NGM_EPG0_EVE_NUS-NBE_MMCF,Liquefied U.S. Natural Gas Exports by Vessel to Belgium (Million Cubic Feet),0.0,MMCF,Belgium
2018-06-01,NUS-NBE,BEL,EPG0,Natural Gas,EVE,Exports by Vessel,NGM_EPG0_EVE_NUS-NBE_MMCF,Liquefied U.S. Natural Gas Exports by Vessel to Belgium (Million Cubic Feet),0.0,MMCF,Belgium
2018-07-01,NUS-NBE,BEL,EPG0,Natural Gas,EVE,Exports by Vessel,NGM_EPG0_EVE_NUS-NBE_MMCF,Liquefied U.S. Natural Gas Exports by Vessel to Belgium (Million Cubic Feet),0.0,MMCF,Belgium
2018-08-01,NUS-NBE,BEL,EPG0,Natural Gas,EVE,Exports by Vessel,NGM_EPG0_EVE_NUS-NBE_MMCF,Liquefied U.S. Natural Gas Exports by Vessel to Belgium (Million Cubic Feet),0.0,MMCF,Belgium
2018-09-01,NUS-NBE,BEL,EPG0,Natural Gas,EVE,Exports by Vessel,NGM_EPG0_EVE_NUS-NBE_MMCF,Liquefied U.S. Natural Gas Exports by Vessel to Belgium (Million Cubic Feet),0.0,MMCF,Belgium
2018-10-01,NUS-NBE,BEL,EPG0,Natural Gas,EVE,Exports by Vessel,NGM_EPG0_EVE_NUS-NBE_MMCF,Liquefied U.S. Natural Gas Exports by Vessel to Belgium (Million Cubic Feet),0.0,MMCF,Belgium
2018-11-01,NUS-NBE,BEL,EPG0,Natural Gas,EVE,Exports by Vessel,NGM_EPG0_EVE_NUS-NBE_MMCF,Liquefied U.S. Natural Gas Exports by Vessel to Belgium (Million Cubic Feet),0.0,MMCF,Belgium
2018-12-01,NUS-NBE,BEL,EPG0,Natural Gas,EVE,Exports by Vessel,NGM_EPG0_EVE_NUS-NBE_MMCF,Liquefied U.S. Natural Gas Exports by Vessel to Belgium (Million Cubic Feet),0.0,MMCF,Belgium
2019-01-01,NUS-NBE,BEL,EPG0,Natural Gas,EVE,Exports by Vessel,NGM_EPG0_EVE_NUS-NBE_MMCF,Liquefied U.S. Natural Gas Exports by Vessel to Belgium (Million Cubic Feet),0.0,MMCF,Belgium
2019-02-01,NUS-NBE,BEL,EPG0,Natural Gas,EVE,Exports by Vessel,NGM_EPG0_EVE_NUS-NBE_MMCF,Liquefied U.S. Natural Gas Exports by Vessel to Belgium (Million Cubic Feet),0.0,MMCF,Belgium
2019-03-01,NUS-NBE,BEL,EPG0,Natural Gas,EVE,Exports by Vessel,NGM_EPG0_EVE_NUS-NBE_MMCF,Liquefied U.S. Natural Gas Exports by Vessel to Belgium (Million Cubic Feet),3390.0,MMCF,Belgium
2019-04-01,NUS-NBE,BEL,EPG0,Natural Gas,EVE,Exports by Vessel,NGM_EPG0_EVE_NUS-NBE_MMCF,Liquefied U.S. Natural Gas Exports by Vessel to Belgium (Million Cubic Feet),0.0,MMCF,Belgium
2019-05-01,NUS-NBE,BEL,EPG0,Natural Gas,EVE,Exports by Vessel,NGM_EPG0_EVE_NUS-NBE_MMCF,Liquefied U.S. Natural Gas Exports by Vessel to Belgium (Million Cubic Feet),0.0,MMCF,Belgium
2019-06-01,NUS-NBE,BEL,EPG0,Natural Gas,EVE,Exports by Vessel,NGM_EPG0_EVE_NUS-NBE_MMCF,Liquefied U.S. Natural Gas Exports by Vessel to Belgium (Million Cubic Feet),0.0,MMCF,Belgium
2019-07-01,NUS-NBE,BEL,EPG0,Natural Gas,EVE,Exports by Vessel,NGM_EPG0_EVE_NUS-NBE_MMCF,Liquefied U.S. Natural Gas Exports by Vessel to Belgium (Million Cubic Feet),0.0,MMCF,Belgium
2019-08-01,NUS-NBE,BEL,EPG0,Natural Gas,EVE,Exports by Vessel,NGM_EPG0_EVE_NUS-NBE_MMCF,Liquefied U.S. Natural Gas Exports by Vessel to Belgium (Million Cubic Feet),0.0,MMCF,Belgium
2019-09-01,NUS-NBE,BEL,EPG0,Natural Gas,EVE,Exports by Vessel,NGM_EPG0_EVE_NUS-NBE_MMCF,Liquefied U.S. Natural Gas Exports by Vessel to Belgium (Million Cubic Feet),3404.0,MMCF,Belgium
2019-10-01,NUS-NBE,BEL,EPG0,Natural Gas,EVE,Exports by Vessel,NGM_EPG0_EVE_NUS-NBE_MMCF,Liquefied U.S. Natural Gas Exports by Vessel to Belgium (Million Cubic Feet),3402.0,MMCF,Belgium
2019-11-01,NUS-NBE,BEL,EPG0,Natural Gas,EVE,Exports by Vessel,NGM_EPG0_EVE_NUS-NBE_MMCF,Liquefied U.S. Natural Gas Exports by Vessel to Belgium (Million Cubic Feet),3293.0,MMCF,Belgium
2019-12-01,NUS-NBE,BEL,EPG0,Natural Gas,EVE,Exports by Vessel,NGM_EPG0_EVE_NUS-NBE_MMCF,Liquefied U.S. Natural Gas Exports by Vessel to Belgium (Million Cubic Feet),10407.0,MMCF,Belgium
2020-01-01,NUS-NBE,BEL,EPG0,Natural Gas,EVE,Exports by Vessel,NGM_EPG0_EVE_NUS-NBE_MMCF,Liquefied U.S. Natural Gas Exports by Vessel to Belgium (Million Cubic Feet),6761.0,MMCF,Belgium
2020-02-01,NUS-NBE,BEL,EPG0,Natural Gas,EVE,Exports by Vessel,NGM_EPG0_EVE_NUS-NBE_MMCF,Liquefied U.S. Natural Gas Exports by Vessel to Belgium (Million Cubic Feet),9872.0,MMCF,Belgium
2020-03-01,NUS-NBE,BEL,EPG0,Natural Gas,EVE,Exports by Vessel,NGM_EPG0_EVE_NUS-NBE_MMCF,Liquefied U.S. Natural Gas Exports by Vessel to Belgium (Million Cubic Feet),3724.0,MMCF,Belgium
2020-04-01,NUS-NBE,BEL,EPG0,Natural Gas,EVE,Exports by Vessel,NGM_EPG0_EVE_NUS-NBE_MMCF,Liquefied U.S. Natural Gas Exports by Vessel to Belgium (Million Cubic Feet),3324.0,MMCF,Belgium
2020-05-01,NUS-NBE,BEL,EPG0,Natural Gas,EVE,Exports by Vessel,NGM_EPG0_EVE_NUS-NBE_MMCF,Liquefied U.S. Natural Gas Exports by Vessel to Belgium (Million Cubic Feet),1348.0,MMCF,Belgium
2020-06-01,NUS-NBE,BEL,EPG0,Natural Gas,EVE,Exports by Vessel,NGM_EPG0_EVE_NUS-NBE_MMCF,Liquefied U.S. Natural Gas Exports by Vessel to Belgium (Million Cubic Feet),0.0,MMCF,Belgium
2020-07-01,NUS-NBE,BEL,EPG0,Natural Gas,EVE,Exports by Vessel,NGM_EPG0_EVE_NUS-NBE_MMCF,Liquefied U.S. Natural Gas Exports by Vessel to Belgium (Million Cubic Feet),0.0,MMCF,Belgium
2020-08-01,NUS-NBE,BEL,EPG0,Natural Gas,EVE,Exports by Vessel,NGM_EPG0_EVE_NUS-NBE_MMCF,Liquefied U.S. Natural Gas Exports by Vessel to Belgium (Million Cubic Feet),0.0,MMCF,Belgium
2020-09-01,NUS-NBE,BEL,EPG0,Natural Gas,EVE,Exports by Vessel,NGM_EPG0_EVE_NUS-NBE_MMCF,Liquefied U.S. Natural Gas Exports by Vessel to Belgium (Million Cubic Feet),0.0,MMCF,Belgium
2020-10-01,NUS-NBE,BEL,EPG0,Natural Gas,EVE,Exports by Vessel,NGM_EPG0_EVE_NUS-NBE_MMCF,Liquefied U.S. Natural Gas Exports by Vessel to Belgium (Million Cubic Feet),3285.0,MMCF,Belgium
2020-11-01,NUS-NBE,BEL,EPG0,Natural Gas,EVE,Exports by Vessel,NGM_EPG0_EVE_NUS-NBE_MMCF,Liquefied U.S. Natural Gas Exports by Vessel to Belgium (Million Cubic Feet),3633.0,MMCF,Belgium
2020-12-01,NUS-NBE,BEL,EPG0,Natural Gas,EVE,Exports by Vessel,NGM_EPG0_EVE_NUS-NBE_MMCF,Liquefied U.S. Natural Gas Exports by Vessel to Belgium (Million Cubic Feet),0.0,MMCF,Belgium
2021-01-01,NUS-NBE,BEL,EPG0,Natural Gas,EVE,Exports by Vessel,NGM_EPG0_EVE_NUS-NBE_MMCF,Liquefied U.S. Natural Gas Exports by Vessel to Belgium (Million Cubic Feet),0.0,MMCF,Belgium
2021-02-01,NUS-NBE,BEL,EPG0,Natural Gas,EVE,Exports by Vessel,NGM_EPG0_EVE_NUS-NBE_MMCF,Liquefied U.S. Natural Gas Exports by Vessel to Belgium (Million Cubic Feet),0.0,MMCF,Belgium
2021-03-01,NUS-NBE,BEL,EPG0,Natural Gas,EVE,Exports by Vessel,NGM_EPG0_EVE_NUS-NBE_MMCF,Liquefied U.S. Natural Gas Exports by Vessel to Belgium (Million Cubic Feet),3484.0,MMCF,Belgium
2021-04-01,NUS-NBE,BEL,EPG0,Natural Gas,EVE,Exports by Vessel,NGM_EPG0_EVE_NUS-NBE_MMCF,Liquefied U.S. Natural Gas Exports by Vessel to Belgium (Million Cubic Feet),0.0,MMCF,Belgium
2021-05-01,NUS-NBE,BEL,EPG0,Natural Gas,EVE,Exports by Vessel,NGM_EPG0_EVE_NUS-NBE_MMCF,Liquefied U.S. Natural Gas Exports by Vessel to Belgium (Million Cubic Feet),2100.0,MMCF,Belgium
2021-06-01,NUS-NBE,BEL,EPG0,Natural Gas,EVE,Exports by Vessel,NGM_EPG0_EVE_NUS-NBE_MMCF,Liquefied U.S. Natural Gas Exports by Vessel to Belgium (Million Cubic Feet),0.0,MMCF,Belgium
2021-07-01,NUS-NBE,BEL,EPG0,Natural Gas,EVE,Exports by Vessel,NGM_EPG0_EVE_NUS-NBE_MMCF,Liquefied U.S. Natural Gas Exports by Vessel to Belgium (Million Cubic Feet),0.0,MMCF,Belgium
2021-08-01,NUS-NBE,BEL,EPG0,Natural Gas,EVE,Exports by Vessel,NGM_EPG0_EVE_NUS-NBE_MMCF,Liquefied U.S. Natural Gas Exports by Vessel to Belgium (Million Cubic Feet),0.0,MMCF,Belgium
2021-09-01,NUS-NBE,BEL,EPG0,Natural Gas,EVE,Exports by Vessel,NGM_EPG0_EVE_NUS-NBE_MMCF,Liquefied U.S. Natural Gas Exports by Vessel to Belgium (Million Cubic Feet),0.0,MMCF,Belgium
2021-10-01,NUS-NBE,BEL,EPG0,Natural Gas,EVE,Exports by Vessel,NGM_EPG0_EVE_NUS-NBE_MMCF,Liquefied U.S. Natural Gas Exports by Vessel to Belgium (Million Cubic Feet),0.0,MMCF,Belgium
2021-11-01,NUS-NBE,BEL,EPG0,Natural Gas,EVE,Exports by Vessel,NGM_EPG0_EVE_NUS-NBE_MMCF,Liquefied U.S. Natural Gas Exports by Vessel to Belgium (Million Cubic Feet),0.0,MMCF,Belgium
2021-12-01,NUS-NBE,BEL,EPG0,Natural Gas,EVE,Exports by Vessel,NGM_EPG0_EVE_NUS-NBE_MMCF,Liquefied U.S. Natural Gas Exports by Vessel to Belgium (Million Cubic Feet),0.0,MMCF,Belgium
2022-01-01,NUS-NBE,BEL,EPG0,Natural Gas,EVE,Exports by Vessel,NGM_EPG0_EVE_NUS-NBE_MMCF,Liquefied U.S. Natural Gas Exports by Vessel to Belgium (Million Cubic Feet),13786.0,MMCF,Belgium
2022-02-01,NUS-NBE,BEL,EPG0,Natural Gas,EVE,Exports by Vessel,NGM_EPG0_EVE_NUS-NBE_MMCF,Liquefied U.S. Natural Gas Exports by Vessel to Belgium (Million Cubic Feet),7691.0,MMCF,Belgium
2022-03-01,NUS-NBE,BEL,EPG0,Natural Gas,EVE,Exports by Vessel,NGM_EPG0_EVE_NUS-NBE_MMCF,Liquefied U.S. Natural Gas Exports by Vessel to Belgium (Million Cubic Feet),17743.0,MMCF,Belgium
2022-04-01,NUS-NBE,BEL,EPG0,Natural Gas,EVE,Exports by Vessel,NGM_EPG0_EVE_NUS-NBE_MMCF,Liquefied U.S. Natural Gas Exports by Vessel to Belgium (Million Cubic Feet),7341.0,MMCF,Belgium
2022-05-01,NUS-NBE,BEL,EPG0,Natural Gas,EVE,Exports by Vessel,NGM_EPG0_EVE_NUS-NBE_MMCF,Liquefied U.S. Natural Gas Exports by Vessel to Belgium (Million Cubic Feet),3441.0,MMCF,Belgium
2022-06-01,NUS-NBE,BEL,EPG0,Natural Gas,EVE,Exports by Vessel,NGM_EPG0_EVE_NUS-NBE_MMCF,Liquefied U.S. Natural Gas Exports by Vessel to Belgium (Million Cubic Feet),7023.0,MMCF,Belgium
2022-07-01,NUS-NBE,BEL,EPG0,Natural Gas,EVE,Exports by Vessel,NGM_EPG0_EVE_NUS-NBE_MMCF,Liquefied U.S. Natural Gas Exports by Vessel to Belgium (Million Cubic Feet),0.0,MMCF,Belgium
2022-08-01,NUS-NBE,BEL,EPG0,Natural Gas,EVE,Exports by Vessel,NGM_EPG0_EVE_NUS-NBE_MMCF,Liquefied U.S. Natural Gas Exports by Vessel to Belgium (Million Cubic Feet),3589.0,MMCF,Belgium
2022-09-01,NUS-NBE,BEL,EPG0,Natural Gas,EVE,Exports by Vessel,NGM_EPG0_EVE_NUS-NBE_MMCF,Liquefied U.S. Natural Gas Exports by Vessel to Belgium (Million Cubic Feet),9165.0,MMCF,Belgium
2022-10-01,NUS-NBE,BEL,EPG0,Natural Gas,EVE,Exports by Vessel,NGM_EPG0_EVE_NUS-NBE_MMCF,Liquefied U.S. Natural Gas Exports by Vessel to Belgium (Million Cubic Feet),7190.0,MMCF,Belgium
2022-11-01,NUS-NBE,BEL,EPG0,Natural Gas,EVE,Exports by Vessel,NGM_EPG0_EVE_NUS-NBE_MMCF,Liquefied U.S. Natural Gas Exports by Vessel to Belgium (Million Cubic Feet),0.0,MMCF,Belgium
2022-12-01,NUS-NBE,BEL,EPG0,Natural Gas,EVE,Exports by Vessel,NGM_EPG0_EVE_NUS-NBE_MMCF,Liquefied U.S. Natural Gas Exports by Vessel to Belgium (Million Cubic Feet),3274.0,MMCF,Belgium
2023-01-01,NUS-NBE,BEL,EPG0,Natural Gas,EVE,Exports by Vessel,NGM_EPG0_EVE_NUS-NBE_MMCF,Liquefied U.S. Natural Gas Exports by Vessel to Belgium (Million Cubic Feet),3640.0,MMCF,Belgium
2023-02-01,NUS-NBE,BEL,EPG0,Natural Gas,EVE,Exports by Vessel,NGM_EPG0_EVE_NUS-NBE_MMCF,Liquefied U.S. Natural Gas Exports by Vessel to Belgium (Million Cubic Feet),7322.0,MMCF,Belgium
2023-03-01,NUS-NBE,BEL,EPG0,Natural Gas,EVE,Exports by Vessel,NGM_EPG0_EVE_NUS-NBE_MMCF,Liquefied U.S. Natural Gas Exports by Vessel to Belgium (Million Cubic Feet),8053.0,MMCF,Belgium
2023-04-01,NUS-NBE,BEL,EPG0,Natural Gas,EVE,Exports by Vessel,NGM_EPG0_EVE_NUS-NBE_MMCF,Liquefied U.S. Natural Gas Exports by Vessel to Belgium (Million Cubic Feet),4844.0,MMCF,Belgium
2023-05-01,NUS-NBE,BEL,EPG0,Natural Gas,EVE,Exports by Vessel,NGM_EPG0_EVE_NUS-NBE_MMCF,Liquefied U.S. Natural Gas Exports by Vessel to Belgium (Million Cubic Feet),3809.0,MMCF,Belgium
2023-06-01,NUS-NBE,BEL,EPG0,Natural Gas,EVE,Exports by Vessel,NGM_EPG0_EVE_NUS-NBE_MMCF,Liquefied U.S. Natural Gas Exports by Vessel to Belgium (Million Cubic Feet),6953.0,MMCF,Belgium
2023-07-01,NUS-NBE,BEL,EPG0,Natural Gas,EVE,Exports by Vessel,NGM_EPG0_EVE_NUS-NBE_MMCF,Liquefied U.S. Natural Gas Exports by Vessel to Belgium (Million Cubic Feet),0.0,MMCF,Belgium
2023-08-01,NUS-NBE,BEL,EPG0,Natural Gas,EVE,Exports by Vessel,NGM_EPG0_EVE_NUS-NBE_MMCF,Liquefied U.S. Natural Gas Exports by Vessel to Belgium (Million Cubic Feet),3363.0,MMCF,Belgium
2023-09-01,NUS-NBE,BEL,EPG0,Natural Gas,EVE,Exports by Vessel,NGM_EPG0_EVE_NUS-NBE_MMCF,Liquefied U.S. Natural Gas Exports by Vessel to Belgium (Million Cubic Feet),13697.0,MMCF,Belgium
2023-10-01,NUS-NBE,BEL,EPG0,Natural Gas,EVE,Exports by Vessel,NGM_EPG0_EVE_NUS-NBE_MMCF,Liquefied U.S. Natural Gas Exports by Vessel to Belgium (Million Cubic Feet),20775.0,MMCF,Belgium
2023-11-01,NUS-NBE,BEL,EPG0,Natural Gas,EVE,Exports by Vessel,NGM_EPG0_EVE_NUS-NBE_MMCF,Liquefied U.S. Natural Gas Exports by Vessel to Belgium (Million Cubic Feet),10288.0,MMCF,Belgium
2023-12-01,NUS-NBE,BEL,EPG0,Natural Gas,EVE,Exports by Vessel,NGM_EPG0_EVE_NUS-NBE_MMCF,Liquefied U.S. Natural Gas Exports by Vessel to Belgium (Million Cubic Feet),14272.0,MMCF,Belgium
2024-01-01,NUS-NBE,BEL,EPG0,Natural Gas,EVE,Exports by Vessel,NGM_EPG0_EVE_NUS-NBE_MMCF,Liquefied U.S. Natural Gas Exports by Vessel to Belgium (Million Cubic Feet),14255.0,MMCF,Belgium
2024-02-01,NUS-NBE,BEL,EPG0,Natural Gas,EVE,Exports by Vessel,NGM_EPG0_EVE_NUS-NBE_MMCF,Liquefied U.S. Natural Gas Exports by Vessel to Belgium (Million Cubic Feet),9386.0,MMCF,Belgium
2024-03-01,NUS-NBE,BEL,EPG0,Natural Gas,EVE,Exports by Vessel,NGM_EPG0_EVE_NUS-NBE_MMCF,Liquefied U.S. Natural Gas Exports by Vessel to Belgium (Million Cubic Feet),6899.0,MMCF,Belgium
2024-04-01,NUS-NBE,BEL,EPG0,Natural Gas,EVE,Exports by Vessel,NGM_EPG0_EVE_NUS-NBE_MMCF,Liquefied U.S. Natural Gas Exports by Vessel to Belgium (Million Cubic Feet),3247.0,MMCF,Belgium
2024-05-01,NUS-NBE,BEL,EPG0,Natural Gas,EVE,Exports by Vessel,NGM_EPG0_EVE_NUS-NBE_MMCF,Liquefied U.S. Natural Gas Exports by Vessel to Belgium (Million Cubic Feet),0.0,MMCF,Belgium
2024-06-01,NUS-NBE,BEL,EPG0,Natural Gas,EVE,Exports by Vessel,NGM_EPG0_EVE_NUS-NBE_MMCF,Liquefied U.S. Natural Gas Exports by Vessel to Belgium (Million Cubic Feet),0.0,MMCF,Belgium
2024-07-01,NUS-NBE,BEL,EPG0,Natural Gas,EVE,Exports by Vessel,NGM_EPG0_EVE_NUS-NBE_MMCF,Liquefied U.S. Natural Gas Exports by Vessel to Belgium (Million Cubic Feet),0.0,MMCF,Belgium
2024-08-01,NUS-NBE,BEL,EPG0,Natural Gas,EVE,Exports by Vessel,NGM_EPG0_EVE_NUS-NBE_MMCF,Liquefied U.S. Natural Gas Exports by Vessel to Belgium (Million Cubic Feet),0.0,MMCF,Belgium
2024-09-01,NUS-NBE,BEL,EPG0,Natural Gas,EVE,Exports by Vessel,NGM_EPG0_EVE_NUS-NBE_MMCF,Liquefied U.S. Natural Gas Exports by Vessel to Belgium (Million Cubic Feet),3372.0,MMCF,Belgium
2024-10-01,NUS-NBE,BEL,EPG0,Natural Gas,EVE,Exports by Vessel,NGM_EPG0_EVE_NUS-NBE_MMCF,Liquefied U.S. Natural Gas Exports by Vessel to Belgium (Million Cubic Feet),3682.0,MMCF,Belgium
2024-11-01,NUS-NBE,BEL,EPG0,Natural Gas,EVE,Exports by Vessel,NGM_EPG0_EVE_NUS-NBE_MMCF,Liquefied U.S. Natural Gas Exports by Vessel to Belgium (Million Cubic Feet),0.0,MMCF,Belgium
2024-12-01,NUS-NBE,BEL,EPG0,Natural Gas,EVE,Exports by Vessel,NGM_EPG0_EVE_NUS-NBE_MMCF,Liquefied U.S. Natural Gas Exports by Vessel to Belgium (Million Cubic Feet),0.0,MMCF,Belgium
2025-01-01,NUS-NBE,BEL,EPG0,Natural Gas,EVE,Exports by Vessel,NGM_EPG0_EVE_NUS-NBE_MMCF,Liquefied U.S. Natural Gas Exports by Vessel to Belgium (Million Cubic Feet),6837.0,MMCF,Belgium
2025-02-01,NUS-NBE,BEL,EPG0,Natural Gas,EVE,Exports by Vessel,NGM_EPG0_EVE_NUS-NBE_MMCF,Liquefied U.S. Natural Gas Exports by Vessel to Belgium (Million Cubic Feet),3541.0,MMCF,Belgium
2025-03-01,NUS-NBE,BEL,EPG0,Natural Gas,EVE,Exports by Vessel,NGM_EPG0_EVE_NUS-NBE_MMCF,Liquefied U.S. Natural Gas Exports by Vessel to Belgium (Million Cubic Feet),23612.0,MMCF,Belgium
2025-04-01,NUS-NBE,BEL,EPG0,Natural Gas,EVE,Exports by Vessel,NGM_EPG0_EVE_NUS-NBE_MMCF,Liquefied U.S. Natural Gas Exports by Vessel to Belgium (Million Cubic Feet),10645.0,MMCF,Belgium
2025-05-01,NUS-NBE,BEL,EPG0,Natural Gas,EVE,Exports by Vessel,NGM_EPG0_EVE_NUS-NBE_MMCF,Liquefied U.S. Natural Gas Exports by Vessel to Belgium (Million Cubic Feet),13514.0,MMCF,Belgium
2025-06-01,NUS-NBE,BEL,EPG0,Natural Gas,EVE,Exports by Vessel,NGM_EPG0_EVE_NUS-NBE_MMCF,Liquefied U.S. Natural Gas Exports by Vessel to Belgium (Million Cubic Feet),13585.0,MMCF,Belgium
2025-07-01,NUS-NBE,BEL,EPG0,Natural Gas,EVE,Exports by Vessel,NGM_EPG0_EVE_NUS-NBE_MMCF,Liquefied U.S. Natural Gas Exports by Vessel to Belgium (Million Cubic Feet),9738.0,MMCF,Belgium
2025-08-01,NUS-NBE,BEL,EPG0,Natural Gas,EVE,Exports by Vessel,NGM_EPG0_EVE_NUS-NBE_MMCF,Liquefied U.S. Natural Gas Exports by Vessel to Belgium (Million Cubic Feet),17286.0,MMCF,Belgium
2025-09-01,NUS-NBE,BEL,EPG0,Natural Gas,EVE,Exports by Vessel,NGM_EPG0_EVE_NUS-NBE_MMCF,Liquefied U.S. Natural Gas Exports by Vessel to Belgium (Million Cubic Feet),27746.0,MMCF,Belgium
2025-10-01,NUS-NBE,BEL,EPG0,Natural Gas,EVE,Exports by Vessel,NGM_EPG0_EVE_NUS-NBE_MMCF,Liquefied U.S. Natural Gas Exports by Vessel to Belgium (Million Cubic Feet),35504.0,MMCF,Belgium
2025-11-01,NUS-NBE,BEL,EPG0,Natural Gas,EVE,Exports by Vessel,NGM_EPG0_EVE_NUS-NBE_MMCF,Liquefied U.S. Natural Gas Exports by Vessel to Belgium (Million Cubic Feet),17877.0,MMCF,Belgium
2025-12-01,NUS-NBE,BEL,EPG0,Natural Gas,EVE,Exports by Vessel,NGM_EPG0_EVE_NUS-NBE_MMCF,Liquefied U.S. Natural Gas Exports by Vessel to Belgium (Million Cubic Feet),17663.0,MMCF,Belgium
2026-01-01,NUS-NBE,BEL,EPG0,Natural Gas,EVE,Exports by Vessel,NGM_EPG0_EVE_NUS-NBE_MMCF,Liquefied U.S. Natural Gas Exports by Vessel to Belgium (Million Cubic Feet),21153.0,MMCF,Belgium
2018-01-01,NUS-NIT,ITA,EPG0,Natural Gas,EVE,Exports by Vessel,NGM_EPG0_EVE_NUS-NIT_MMCF,Liquefied U.S. Natural Gas Exports by Vessel to Italy (MMcf),0.0,MMCF,Italy
2018-02-01,NUS-NIT,ITA,EPG0,Natural Gas,EVE,Exports by Vessel,NGM_EPG0_EVE_NUS-NIT_MMCF,Liquefied U.S. Natural Gas Exports by Vessel to Italy (MMcf),0.0,MMCF,Italy
2018-03-01,NUS-NIT,ITA,EPG0,Natural Gas,EVE,Exports by Vessel,NGM_EPG0_EVE_NUS-NIT_MMCF,Liquefied U.S. Natural Gas Exports by Vessel to Italy (MMcf),0.0,MMCF,Italy
2018-04-01,NUS-NIT,ITA,EPG0,Natural Gas,EVE,Exports by Vessel,NGM_EPG0_EVE_NUS-NIT_MMCF,Liquefied U.S. Natural Gas Exports by Vessel to Italy (MMcf),0.0,MMCF,Italy
2018-05-01,NUS-NIT,ITA,EPG0,Natural Gas,EVE,Exports by Vessel,NGM_EPG0_EVE_NUS-NIT_MMCF,Liquefied U.S. Natural Gas Exports by Vessel to Italy (MMcf),0.0,MMCF,Italy
2018-06-01,NUS-NIT,ITA,EPG0,Natural Gas,EVE,Exports by Vessel,NGM_EPG0_EVE_NUS-NIT_MMCF,Liquefied U.S. Natural Gas Exports by Vessel to Italy (MMcf),0.0,MMCF,Italy
2018-07-01,NUS-NIT,ITA,EPG0,Natural Gas,EVE,Exports by Vessel,NGM_EPG0_EVE_NUS-NIT_MMCF,Liquefied U.S. Natural Gas Exports by Vessel to Italy (MMcf),0.0,MMCF,Italy
2018-08-01,NUS-NIT,ITA,EPG0,Natural Gas,EVE,Exports by Vessel,NGM_EPG0_EVE_NUS-NIT_MMCF,Liquefied U.S. Natural Gas Exports by Vessel to Italy (MMcf),0.0,MMCF,Italy
2018-09-01,NUS-NIT,ITA,EPG0,Natural Gas,EVE,Exports by Vessel,NGM_EPG0_EVE_NUS-NIT_MMCF,Liquefied U.S. Natural Gas Exports by Vessel to Italy (MMcf),6468.0,MMCF,Italy
2018-10-01,NUS-NIT,ITA,EPG0,Natural Gas,EVE,Exports by Vessel,NGM_EPG0_EVE_NUS-NIT_MMCF,Liquefied U.S. Natural Gas Exports by Vessel to Italy (MMcf),4785.0,MMCF,Italy
2018-11-01,NUS-NIT,ITA,EPG0,Natural Gas,EVE,Exports by Vessel,NGM_EPG0_EVE_NUS-NIT_MMCF,Liquefied U.S. Natural Gas Exports by Vessel to Italy (MMcf),0.0,MMCF,Italy
2018-12-01,NUS-NIT,ITA,EPG0,Natural Gas,EVE,Exports by Vessel,NGM_EPG0_EVE_NUS-NIT_MMCF,Liquefied U.S. Natural Gas Exports by Vessel to Italy (MMcf),6137.0,MMCF,Italy
2019-01-01,NUS-NIT,ITA,EPG0,Natural Gas,EVE,Exports by Vessel,NGM_EPG0_EVE_NUS-NIT_MMCF,Liquefied U.S. Natural Gas Exports by Vessel to Italy (MMcf),10502.0,MMCF,Italy
2019-02-01,NUS-NIT,ITA,EPG0,Natural Gas,EVE,Exports by Vessel,NGM_EPG0_EVE_NUS-NIT_MMCF,Liquefied U.S. Natural Gas Exports by Vessel to Italy (MMcf),3454.0,MMCF,Italy
2019-03-01,NUS-NIT,ITA,EPG0,Natural Gas,EVE,Exports by Vessel,NGM_EPG0_EVE_NUS-NIT_MMCF,Liquefied U.S. Natural Gas Exports by Vessel to Italy (MMcf),6684.0,MMCF,Italy
2019-04-01,NUS-NIT,ITA,EPG0,Natural Gas,EVE,Exports by Vessel,NGM_EPG0_EVE_NUS-NIT_MMCF,Liquefied U.S. Natural Gas Exports by Vessel to Italy (MMcf),0.0,MMCF,Italy
2019-05-01,NUS-NIT,ITA,EPG0,Natural Gas,EVE,Exports by Vessel,NGM_EPG0_EVE_NUS-NIT_MMCF,Liquefied U.S. Natural Gas Exports by Vessel to Italy (MMcf),6560.0,MMCF,Italy
2019-06-01,NUS-NIT,ITA,EPG0,Natural Gas,EVE,Exports by Vessel,NGM_EPG0_EVE_NUS-NIT_MMCF,Liquefied U.S. Natural Gas Exports by Vessel to Italy (MMcf),3072.0,MMCF,Italy
2019-07-01,NUS-NIT,ITA,EPG0,Natural Gas,EVE,Exports by Vessel,NGM_EPG0_EVE_NUS-NIT_MMCF,Liquefied U.S. Natural Gas Exports by Vessel to Italy (MMcf),9963.0,MMCF,Italy
2019-08-01,NUS-NIT,ITA,EPG0,Natural Gas,EVE,Exports by Vessel,NGM_EPG0_EVE_NUS-NIT_MMCF,Liquefied U.S. Natural Gas Exports by Vessel to Italy (MMcf),6082.0,MMCF,Italy
2019-09-01,NUS-NIT,ITA,EPG0,Natural Gas,EVE,Exports by Vessel,NGM_EPG0_EVE_NUS-NIT_MMCF,Liquefied U.S. Natural Gas Exports by Vessel to Italy (MMcf),3230.0,MMCF,Italy
2019-10-01,NUS-NIT,ITA,EPG0,Natural Gas,EVE,Exports by Vessel,NGM_EPG0_EVE_NUS-NIT_MMCF,Liquefied U.S. Natural Gas Exports by Vessel to Italy (MMcf),0.0,MMCF,Italy
2019-11-01,NUS-NIT,ITA,EPG0,Natural Gas,EVE,Exports by Vessel,NGM_EPG0_EVE_NUS-NIT_MMCF,Liquefied U.S. Natural Gas Exports by Vessel to Italy (MMcf),6345.0,MMCF,Italy
2019-12-01,NUS-NIT,ITA,EPG0,Natural Gas,EVE,Exports by Vessel,NGM_EPG0_EVE_NUS-NIT_MMCF,Liquefied U.S. Natural Gas Exports by Vessel to Italy (MMcf),12764.0,MMCF,Italy
2020-01-01,NUS-NIT,ITA,EPG0,Natural Gas,EVE,Exports by Vessel,NGM_EPG0_EVE_NUS-NIT_MMCF,Liquefied U.S. Natural Gas Exports by Vessel to Italy (MMcf),6308.0,MMCF,Italy
2020-02-01,NUS-NIT,ITA,EPG0,Natural Gas,EVE,Exports by Vessel,NGM_EPG0_EVE_NUS-NIT_MMCF,Liquefied U.S. Natural Gas Exports by Vessel to Italy (MMcf),16616.0,MMCF,Italy
2020-03-01,NUS-NIT,ITA,EPG0,Natural Gas,EVE,Exports by Vessel,NGM_EPG0_EVE_NUS-NIT_MMCF,Liquefied U.S. Natural Gas Exports by Vessel to Italy (MMcf),9895.0,MMCF,Italy
2020-04-01,NUS-NIT,ITA,EPG0,Natural Gas,EVE,Exports by Vessel,NGM_EPG0_EVE_NUS-NIT_MMCF,Liquefied U.S. Natural Gas Exports by Vessel to Italy (MMcf),3135.0,MMCF,Italy
2020-05-01,NUS-NIT,ITA,EPG0,Natural Gas,EVE,Exports by Vessel,NGM_EPG0_EVE_NUS-NIT_MMCF,Liquefied U.S. Natural Gas Exports by Vessel to Italy (MMcf),6452.0,MMCF,Italy
2020-06-01,NUS-NIT,ITA,EPG0,Natural Gas,EVE,Exports by Vessel,NGM_EPG0_EVE_NUS-NIT_MMCF,Liquefied U.S. Natural Gas Exports by Vessel to Italy (MMcf),12998.0,MMCF,Italy
2020-07-01,NUS-NIT,ITA,EPG0,Natural Gas,EVE,Exports by Vessel,NGM_EPG0_EVE_NUS-NIT_MMCF,Liquefied U.S. Natural Gas Exports by Vessel to Italy (MMcf),3232.0,MMCF,Italy
2020-08-01,NUS-NIT,ITA,EPG0,Natural Gas,EVE,Exports by Vessel,NGM_EPG0_EVE_NUS-NIT_MMCF,Liquefied U.S. Natural Gas Exports by Vessel to Italy (MMcf),6734.0,MMCF,Italy
2020-09-01,NUS-NIT,ITA,EPG0,Natural Gas,EVE,Exports by Vessel,NGM_EPG0_EVE_NUS-NIT_MMCF,Liquefied U.S. Natural Gas Exports by Vessel to Italy (MMcf),0.0,MMCF,Italy
2020-10-01,NUS-NIT,ITA,EPG0,Natural Gas,EVE,Exports by Vessel,NGM_EPG0_EVE_NUS-NIT_MMCF,Liquefied U.S. Natural Gas Exports by Vessel to Italy (MMcf),0.0,MMCF,Italy
2020-11-01,NUS-NIT,ITA,EPG0,Natural Gas,EVE,Exports by Vessel,NGM_EPG0_EVE_NUS-NIT_MMCF,Liquefied U.S. Natural Gas Exports by Vessel to Italy (MMcf),3083.0,MMCF,Italy
2020-12-01,NUS-NIT,ITA,EPG0,Natural Gas,EVE,Exports by Vessel,NGM_EPG0_EVE_NUS-NIT_MMCF,Liquefied U.S. Natural Gas Exports by Vessel to Italy (MMcf),0.0,MMCF,Italy
2021-01-01,NUS-NIT,ITA,EPG0,Natural Gas,EVE,Exports by Vessel,NGM_EPG0_EVE_NUS-NIT_MMCF,Liquefied U.S. Natural Gas Exports by Vessel to Italy (MMcf),0.0,MMCF,Italy
2021-02-01,NUS-NIT,ITA,EPG0,Natural Gas,EVE,Exports by Vessel,NGM_EPG0_EVE_NUS-NIT_MMCF,Liquefied U.S. Natural Gas Exports by Vessel to Italy (MMcf),0.0,MMCF,Italy
2021-03-01,NUS-NIT,ITA,EPG0,Natural Gas,EVE,Exports by Vessel,NGM_EPG0_EVE_NUS-NIT_MMCF,Liquefied U.S. Natural Gas Exports by Vessel to Italy (MMcf),10739.0,MMCF,Italy
2021-04-01,NUS-NIT,ITA,EPG0,Natural Gas,EVE,Exports by Vessel,NGM_EPG0_EVE_NUS-NIT_MMCF,Liquefied U.S. Natural Gas Exports by Vessel to Italy (MMcf),6896.0,MMCF,Italy
2021-05-01,NUS-NIT,ITA,EPG0,Natural Gas,EVE,Exports by Vessel,NGM_EPG0_EVE_NUS-NIT_MMCF,Liquefied U.S. Natural Gas Exports by Vessel to Italy (MMcf),2923.0,MMCF,Italy
2021-06-01,NUS-NIT,ITA,EPG0,Natural Gas,EVE,Exports by Vessel,NGM_EPG0_EVE_NUS-NIT_MMCF,Liquefied U.S. Natural Gas Exports by Vessel to Italy (MMcf),3425.0,MMCF,Italy
2021-07-01,NUS-NIT,ITA,EPG0,Natural Gas,EVE,Exports by Vessel,NGM_EPG0_EVE_NUS-NIT_MMCF,Liquefied U.S. Natural Gas Exports by Vessel to Italy (MMcf),6826.0,MMCF,Italy
2021-08-01,NUS-NIT,ITA,EPG0,Natural Gas,EVE,Exports by Vessel,NGM_EPG0_EVE_NUS-NIT_MMCF,Liquefied U.S. Natural Gas Exports by Vessel to Italy (MMcf),3401.0,MMCF,Italy
2021-09-01,NUS-NIT,ITA,EPG0,Natural Gas,EVE,Exports by Vessel,NGM_EPG0_EVE_NUS-NIT_MMCF,Liquefied U.S. Natural Gas Exports by Vessel to Italy (MMcf),0.0,MMCF,Italy
2021-10-01,NUS-NIT,ITA,EPG0,Natural Gas,EVE,Exports by Vessel,NGM_EPG0_EVE_NUS-NIT_MMCF,Liquefied U.S. Natural Gas Exports by Vessel to Italy (MMcf),0.0,MMCF,Italy
2021-11-01,NUS-NIT,ITA,EPG0,Natural Gas,EVE,Exports by Vessel,NGM_EPG0_EVE_NUS-NIT_MMCF,Liquefied U.S. Natural Gas Exports by Vessel to Italy (MMcf),0.0,MMCF,Italy
2021-12-01,NUS-NIT,ITA,EPG0,Natural Gas,EVE,Exports by Vessel,NGM_EPG0_EVE_NUS-NIT_MMCF,Liquefied U.S. Natural Gas Exports by Vessel to Italy (MMcf),0.0,MMCF,Italy
2022-01-01,NUS-NIT,ITA,EPG0,Natural Gas,EVE,Exports by Vessel,NGM_EPG0_EVE_NUS-NIT_MMCF,Liquefied U.S. Natural Gas Exports by Vessel to Italy (MMcf),7037.0,MMCF,Italy
2022-02-01,NUS-NIT,ITA,EPG0,Natural Gas,EVE,Exports by Vessel,NGM_EPG0_EVE_NUS-NIT_MMCF,Liquefied U.S. Natural Gas Exports by Vessel to Italy (MMcf),13629.0,MMCF,Italy
2022-03-01,NUS-NIT,ITA,EPG0,Natural Gas,EVE,Exports by Vessel,NGM_EPG0_EVE_NUS-NIT_MMCF,Liquefied U.S. Natural Gas Exports by Vessel to Italy (MMcf),7088.0,MMCF,Italy
2022-04-01,NUS-NIT,ITA,EPG0,Natural Gas,EVE,Exports by Vessel,NGM_EPG0_EVE_NUS-NIT_MMCF,Liquefied U.S. Natural Gas Exports by Vessel to Italy (MMcf),15519.0,MMCF,Italy
2022-05-01,NUS-NIT,ITA,EPG0,Natural Gas,EVE,Exports by Vessel,NGM_EPG0_EVE_NUS-NIT_MMCF,Liquefied U.S. Natural Gas Exports by Vessel to Italy (MMcf),21696.0,MMCF,Italy
2022-06-01,NUS-NIT,ITA,EPG0,Natural Gas,EVE,Exports by Vessel,NGM_EPG0_EVE_NUS-NIT_MMCF,Liquefied U.S. Natural Gas Exports by Vessel to Italy (MMcf),7137.0,MMCF,Italy
2022-07-01,NUS-NIT,ITA,EPG0,Natural Gas,EVE,Exports by Vessel,NGM_EPG0_EVE_NUS-NIT_MMCF,Liquefied U.S. Natural Gas Exports by Vessel to Italy (MMcf),9914.0,MMCF,Italy
2022-08-01,NUS-NIT,ITA,EPG0,Natural Gas,EVE,Exports by Vessel,NGM_EPG0_EVE_NUS-NIT_MMCF,Liquefied U.S. Natural Gas Exports by Vessel to Italy (MMcf),15462.0,MMCF,Italy
2022-09-01,NUS-NIT,ITA,EPG0,Natural Gas,EVE,Exports by Vessel,NGM_EPG0_EVE_NUS-NIT_MMCF,Liquefied U.S. Natural Gas Exports by Vessel to Italy (MMcf),8355.0,MMCF,Italy
2022-10-01,NUS-NIT,ITA,EPG0,Natural Gas,EVE,Exports by Vessel,NGM_EPG0_EVE_NUS-NIT_MMCF,Liquefied U.S. Natural Gas Exports by Vessel to Italy (MMcf),0.0,MMCF,Italy
2022-11-01,NUS-NIT,ITA,EPG0,Natural Gas,EVE,Exports by Vessel,NGM_EPG0_EVE_NUS-NIT_MMCF,Liquefied U.S. Natural Gas Exports by Vessel to Italy (MMcf),3205.0,MMCF,Italy
2022-12-01,NUS-NIT,ITA,EPG0,Natural Gas,EVE,Exports by Vessel,NGM_EPG0_EVE_NUS-NIT_MMCF,Liquefied U.S. Natural Gas Exports by Vessel to Italy (MMcf),6992.0,MMCF,Italy
2023-01-01,NUS-NIT,ITA,EPG0,Natural Gas,EVE,Exports by Vessel,NGM_EPG0_EVE_NUS-NIT_MMCF,Liquefied U.S. Natural Gas Exports by Vessel to Italy (MMcf),6925.0,MMCF,Italy
2023-02-01,NUS-NIT,ITA,EPG0,Natural Gas,EVE,Exports by Vessel,NGM_EPG0_EVE_NUS-NIT_MMCF,Liquefied U.S. Natural Gas Exports by Vessel to Italy (MMcf),17555.0,MMCF,Italy
2023-03-01,NUS-NIT,ITA,EPG0,Natural Gas,EVE,Exports by Vessel,NGM_EPG0_EVE_NUS-NIT_MMCF,Liquefied U.S. Natural Gas Exports by Vessel to Italy (MMcf),13699.0,MMCF,Italy
2023-04-01,NUS-NIT,ITA,EPG0,Natural Gas,EVE,Exports by Vessel,NGM_EPG0_EVE_NUS-NIT_MMCF,Liquefied U.S. Natural Gas Exports by Vessel to Italy (MMcf),17378.0,MMCF,Italy
2023-05-01,NUS-NIT,ITA,EPG0,Natural Gas,EVE,Exports by Vessel,NGM_EPG0_EVE_NUS-NIT_MMCF,Liquefied U.S. Natural Gas Exports by Vessel to Italy (MMcf),18845.0,MMCF,Italy
2023-06-01,NUS-NIT,ITA,EPG0,Natural Gas,EVE,Exports by Vessel,NGM_EPG0_EVE_NUS-NIT_MMCF,Liquefied U.S. Natural Gas Exports by Vessel to Italy (MMcf),13959.0,MMCF,Italy
2023-07-01,NUS-NIT,ITA,EPG0,Natural Gas,EVE,Exports by Vessel,NGM_EPG0_EVE_NUS-NIT_MMCF,Liquefied U.S. Natural Gas Exports by Vessel to Italy (MMcf),13923.0,MMCF,Italy
2023-08-01,NUS-NIT,ITA,EPG0,Natural Gas,EVE,Exports by Vessel,NGM_EPG0_EVE_NUS-NIT_MMCF,Liquefied U.S. Natural Gas Exports by Vessel to Italy (MMcf),21519.0,MMCF,Italy
2023-09-01,NUS-NIT,ITA,EPG0,Natural Gas,EVE,Exports by Vessel,NGM_EPG0_EVE_NUS-NIT_MMCF,Liquefied U.S. Natural Gas Exports by Vessel to Italy (MMcf),22094.0,MMCF,Italy
2023-10-01,NUS-NIT,ITA,EPG0,Natural Gas,EVE,Exports by Vessel,NGM_EPG0_EVE_NUS-NIT_MMCF,Liquefied U.S. Natural Gas Exports by Vessel to Italy (MMcf),6850.0,MMCF,Italy
2023-11-01,NUS-NIT,ITA,EPG0,Natural Gas,EVE,Exports by Vessel,NGM_EPG0_EVE_NUS-NIT_MMCF,Liquefied U.S. Natural Gas Exports by Vessel to Italy (MMcf),23786.0,MMCF,Italy
2023-12-01,NUS-NIT,ITA,EPG0,Natural Gas,EVE,Exports by Vessel,NGM_EPG0_EVE_NUS-NIT_MMCF,Liquefied U.S. Natural Gas Exports by Vessel to Italy (MMcf),21283.0,MMCF,Italy
2024-01-01,NUS-NIT,ITA,EPG0,Natural Gas,EVE,Exports by Vessel,NGM_EPG0_EVE_NUS-NIT_MMCF,Liquefied U.S. Natural Gas Exports by Vessel to Italy (MMcf),24767.0,MMCF,Italy
2024-02-01,NUS-NIT,ITA,EPG0,Natural Gas,EVE,Exports by Vessel,NGM_EPG0_EVE_NUS-NIT_MMCF,Liquefied U.S. Natural Gas Exports by Vessel to Italy (MMcf),11455.0,MMCF,Italy
2024-03-01,NUS-NIT,ITA,EPG0,Natural Gas,EVE,Exports by Vessel,NGM_EPG0_EVE_NUS-NIT_MMCF,Liquefied U.S. Natural Gas Exports by Vessel to Italy (MMcf),10256.0,MMCF,Italy
2024-04-01,NUS-NIT,ITA,EPG0,Natural Gas,EVE,Exports by Vessel,NGM_EPG0_EVE_NUS-NIT_MMCF,Liquefied U.S. Natural Gas Exports by Vessel to Italy (MMcf),14040.0,MMCF,Italy
2024-05-01,NUS-NIT,ITA,EPG0,Natural Gas,EVE,Exports by Vessel,NGM_EPG0_EVE_NUS-NIT_MMCF,Liquefied U.S. Natural Gas Exports by Vessel to Italy (MMcf),10814.0,MMCF,Italy
2024-06-01,NUS-NIT,ITA,EPG0,Natural Gas,EVE,Exports by Vessel,NGM_EPG0_EVE_NUS-NIT_MMCF,Liquefied U.S. Natural Gas Exports by Vessel to Italy (MMcf),17597.0,MMCF,Italy
2024-07-01,NUS-NIT,ITA,EPG0,Natural Gas,EVE,Exports by Vessel,NGM_EPG0_EVE_NUS-NIT_MMCF,Liquefied U.S. Natural Gas Exports by Vessel to Italy (MMcf),3965.0,MMCF,Italy
2024-08-01,NUS-NIT,ITA,EPG0,Natural Gas,EVE,Exports by Vessel,NGM_EPG0_EVE_NUS-NIT_MMCF,Liquefied U.S. Natural Gas Exports by Vessel to Italy (MMcf),21124.0,MMCF,Italy
2024-09-01,NUS-NIT,ITA,EPG0,Natural Gas,EVE,Exports by Vessel,NGM_EPG0_EVE_NUS-NIT_MMCF,Liquefied U.S. Natural Gas Exports by Vessel to Italy (MMcf),17217.0,MMCF,Italy
2024-10-01,NUS-NIT,ITA,EPG0,Natural Gas,EVE,Exports by Vessel,NGM_EPG0_EVE_NUS-NIT_MMCF,Liquefied U.S. Natural Gas Exports by Vessel to Italy (MMcf),17527.0,MMCF,Italy
2024-11-01,NUS-NIT,ITA,EPG0,Natural Gas,EVE,Exports by Vessel,NGM_EPG0_EVE_NUS-NIT_MMCF,Liquefied U.S. Natural Gas Exports by Vessel to Italy (MMcf),19322.0,MMCF,Italy
2024-12-01,NUS-NIT,ITA,EPG0,Natural Gas,EVE,Exports by Vessel,NGM_EPG0_EVE_NUS-NIT_MMCF,Liquefied U.S. Natural Gas Exports by Vessel to Italy (MMcf),17688.0,MMCF,Italy
2025-01-01,NUS-NIT,ITA,EPG0,Natural Gas,EVE,Exports by Vessel,NGM_EPG0_EVE_NUS-NIT_MMCF,Liquefied U.S. Natural Gas Exports by Vessel to Italy (MMcf),28341.0,MMCF,Italy
2025-02-01,NUS-NIT,ITA,EPG0,Natural Gas,EVE,Exports by Vessel,NGM_EPG0_EVE_NUS-NIT_MMCF,Liquefied U.S. Natural Gas Exports by Vessel to Italy (MMcf),20748.0,MMCF,Italy
2025-03-01,NUS-NIT,ITA,EPG0,Natural Gas,EVE,Exports by Vessel,NGM_EPG0_EVE_NUS-NIT_MMCF,Liquefied U.S. Natural Gas Exports by Vessel to Italy (MMcf),31307.0,MMCF,Italy
2025-04-01,NUS-NIT,ITA,EPG0,Natural Gas,EVE,Exports by Vessel,NGM_EPG0_EVE_NUS-NIT_MMCF,Liquefied U.S. Natural Gas Exports by Vessel to Italy (MMcf),24212.0,MMCF,Italy
2025-05-01,NUS-NIT,ITA,EPG0,Natural Gas,EVE,Exports by Vessel,NGM_EPG0_EVE_NUS-NIT_MMCF,Liquefied U.S. Natural Gas Exports by Vessel to Italy (MMcf),32046.0,MMCF,Italy
2025-06-01,NUS-NIT,ITA,EPG0,Natural Gas,EVE,Exports by Vessel,NGM_EPG0_EVE_NUS-NIT_MMCF,Liquefied U.S. Natural Gas Exports by Vessel to Italy (MMcf),42300.0,MMCF,Italy
2025-07-01,NUS-NIT,ITA,EPG0,Natural Gas,EVE,Exports by Vessel,NGM_EPG0_EVE_NUS-NIT_MMCF,Liquefied U.S. Natural Gas Exports by Vessel to Italy (MMcf),24576.0,MMCF,Italy
2025-08-01,NUS-NIT,ITA,EPG0,Natural Gas,EVE,Exports by Vessel,NGM_EPG0_EVE_NUS-NIT_MMCF,Liquefied U.S. Natural Gas Exports by Vessel to Italy (MMcf),38641.0,MMCF,Italy
2025-09-01,NUS-NIT,ITA,EPG0,Natural Gas,EVE,Exports by Vessel,NGM_EPG0_EVE_NUS-NIT_MMCF,Liquefied U.S. Natural Gas Exports by Vessel to Italy (MMcf),21220.0,MMCF,Italy
2025-10-01,NUS-NIT,ITA,EPG0,Natural Gas,EVE,Exports by Vessel,NGM_EPG0_EVE_NUS-NIT_MMCF,Liquefied U.S. Natural Gas Exports by Vessel to Italy (MMcf),25039.0,MMCF,Italy
2025-11-01,NUS-NIT,ITA,EPG0,Natural Gas,EVE,Exports by Vessel,NGM_EPG0_EVE_NUS-NIT_MMCF,Liquefied U.S. Natural Gas Exports by Vessel to Italy (MMcf),24925.0,MMCF,Italy
2025-12-01,NUS-NIT,ITA,EPG0,Natural Gas,EVE,Exports by Vessel,NGM_EPG0_EVE_NUS-NIT_MMCF,Liquefied U.S. Natural Gas Exports by Vessel to Italy (MMcf),39156.0,MMCF,Italy
2026-01-01,NUS-NIT,ITA,EPG0,Natural Gas,EVE,Exports by Vessel,NGM_EPG0_EVE_NUS-NIT_MMCF,Liquefied U.S. Natural Gas Exports by Vessel to Italy (MMcf),35344.0,MMCF,Italy
2018-03-01,NUS-NUK,GBR,EPG0,Natural Gas,EVE,Exports by Vessel,NGM_EPG0_EVE_NUS-NUK_MMCF,Liquefied U.S. Natural Gas Exports by Vessel to United Kingdom (MMcf),6267.0,MMCF,UK
2018-09-01,NUS-NUK,GBR,EPG0,Natural Gas,EVE,Exports by Vessel,NGM_EPG0_EVE_NUS-NUK_MMCF,Liquefied U.S. Natural Gas Exports by Vessel to United Kingdom (MMcf),3624.0,MMCF,UK
2018-10-01,NUS-NUK,GBR,EPG0,Natural Gas,EVE,Exports by Vessel,NGM_EPG0_EVE_NUS-NUK_MMCF,Liquefied U.S. Natural Gas Exports by Vessel to United Kingdom (MMcf),7213.0,MMCF,UK
2018-11-01,NUS-NUK,GBR,EPG0,Natural Gas,EVE,Exports by Vessel,NGM_EPG0_EVE_NUS-NUK_MMCF,Liquefied U.S. Natural Gas Exports by Vessel to United Kingdom (MMcf),20695.0,MMCF,UK
2018-12-01,NUS-NUK,GBR,EPG0,Natural Gas,EVE,Exports by Vessel,NGM_EPG0_EVE_NUS-NUK_MMCF,Liquefied U.S. Natural Gas Exports by Vessel to United Kingdom (MMcf),13499.0,MMCF,UK
2019-01-01,NUS-NUK,GBR,EPG0,Natural Gas,EVE,Exports by Vessel,NGM_EPG0_EVE_NUS-NUK_MMCF,Liquefied U.S. Natural Gas Exports by Vessel to United Kingdom (MMcf),10373.0,MMCF,UK
2019-02-01,NUS-NUK,GBR,EPG0,Natural Gas,EVE,Exports by Vessel,NGM_EPG0_EVE_NUS-NUK_MMCF,Liquefied U.S. Natural Gas Exports by Vessel to United Kingdom (MMcf),3711.0,MMCF,UK
2019-03-01,NUS-NUK,GBR,EPG0,Natural Gas,EVE,Exports by Vessel,NGM_EPG0_EVE_NUS-NUK_MMCF,Liquefied U.S. Natural Gas Exports by Vessel to United Kingdom (MMcf),3669.0,MMCF,UK
2019-08-01,NUS-NUK,GBR,EPG0,Natural Gas,EVE,Exports by Vessel,NGM_EPG0_EVE_NUS-NUK_MMCF,Liquefied U.S. Natural Gas Exports by Vessel to United Kingdom (MMcf),1335.0,MMCF,UK
2019-09-01,NUS-NUK,GBR,EPG0,Natural Gas,EVE,Exports by Vessel,NGM_EPG0_EVE_NUS-NUK_MMCF,Liquefied U.S. Natural Gas Exports by Vessel to United Kingdom (MMcf),3303.0,MMCF,UK
2019-10-01,NUS-NUK,GBR,EPG0,Natural Gas,EVE,Exports by Vessel,NGM_EPG0_EVE_NUS-NUK_MMCF,Liquefied U.S. Natural Gas Exports by Vessel to United Kingdom (MMcf),26260.0,MMCF,UK
2019-11-01,NUS-NUK,GBR,EPG0,Natural Gas,EVE,Exports by Vessel,NGM_EPG0_EVE_NUS-NUK_MMCF,Liquefied U.S. Natural Gas Exports by Vessel to United Kingdom (MMcf),39957.0,MMCF,UK
2019-12-01,NUS-NUK,GBR,EPG0,Natural Gas,EVE,Exports by Vessel,NGM_EPG0_EVE_NUS-NUK_MMCF,Liquefied U.S. Natural Gas Exports by Vessel to United Kingdom (MMcf),29749.0,MMCF,UK
2020-01-01,NUS-NUK,GBR,EPG0,Natural Gas,EVE,Exports by Vessel,NGM_EPG0_EVE_NUS-NUK_MMCF,Liquefied U.S. Natural Gas Exports by Vessel to United Kingdom (MMcf),30428.0,MMCF,UK
2020-02-01,NUS-NUK,GBR,EPG0,Natural Gas,EVE,Exports by Vessel,NGM_EPG0_EVE_NUS-NUK_MMCF,Liquefied U.S. Natural Gas Exports by Vessel to United Kingdom (MMcf),28884.0,MMCF,UK
2020-03-01,NUS-NUK,GBR,EPG0,Natural Gas,EVE,Exports by Vessel,NGM_EPG0_EVE_NUS-NUK_MMCF,Liquefied U.S. Natural Gas Exports by Vessel to United Kingdom (MMcf),20202.0,MMCF,UK
2020-07-01,NUS-NUK,GBR,EPG0,Natural Gas,EVE,Exports by Vessel,NGM_EPG0_EVE_NUS-NUK_MMCF,Liquefied U.S. Natural Gas Exports by Vessel to United Kingdom (MMcf),2908.0,MMCF,UK
2020-09-01,NUS-NUK,GBR,EPG0,Natural Gas,EVE,Exports by Vessel,NGM_EPG0_EVE_NUS-NUK_MMCF,Liquefied U.S. Natural Gas Exports by Vessel to United Kingdom (MMcf),3664.0,MMCF,UK
2020-10-01,NUS-NUK,GBR,EPG0,Natural Gas,EVE,Exports by Vessel,NGM_EPG0_EVE_NUS-NUK_MMCF,Liquefied U.S. Natural Gas Exports by Vessel to United Kingdom (MMcf),17191.0,MMCF,UK
2020-11-01,NUS-NUK,GBR,EPG0,Natural Gas,EVE,Exports by Vessel,NGM_EPG0_EVE_NUS-NUK_MMCF,Liquefied U.S. Natural Gas Exports by Vessel to United Kingdom (MMcf),26544.0,MMCF,UK
2020-12-01,NUS-NUK,GBR,EPG0,Natural Gas,EVE,Exports by Vessel,NGM_EPG0_EVE_NUS-NUK_MMCF,Liquefied U.S. Natural Gas Exports by Vessel to United Kingdom (MMcf),30378.0,MMCF,UK
2021-01-01,NUS-NUK,GBR,EPG0,Natural Gas,EVE,Exports by Vessel,NGM_EPG0_EVE_NUS-NUK_MMCF,Liquefied U.S. Natural Gas Exports by Vessel to United Kingdom (MMcf),21436.0,MMCF,UK
2021-02-01,NUS-NUK,GBR,EPG0,Natural Gas,EVE,Exports by Vessel,NGM_EPG0_EVE_NUS-NUK_MMCF,Liquefied U.S. Natural Gas Exports by Vessel to United Kingdom (MMcf),34343.0,MMCF,UK
2021-03-01,NUS-NUK,GBR,EPG0,Natural Gas,EVE,Exports by Vessel,NGM_EPG0_EVE_NUS-NUK_MMCF,Liquefied U.S. Natural Gas Exports by Vessel to United Kingdom (MMcf),17440.0,MMCF,UK
2021-04-01,NUS-NUK,GBR,EPG0,Natural Gas,EVE,Exports by Vessel,NGM_EPG0_EVE_NUS-NUK_MMCF,Liquefied U.S. Natural Gas Exports by Vessel to United Kingdom (MMcf),13877.0,MMCF,UK
2021-05-01,NUS-NUK,GBR,EPG0,Natural Gas,EVE,Exports by Vessel,NGM_EPG0_EVE_NUS-NUK_MMCF,Liquefied U.S. Natural Gas Exports by Vessel to United Kingdom (MMcf),10586.0,MMCF,UK
2021-09-01,NUS-NUK,GBR,EPG0,Natural Gas,EVE,Exports by Vessel,NGM_EPG0_EVE_NUS-NUK_MMCF,Liquefied U.S. Natural Gas Exports by Vessel to United Kingdom (MMcf),3099.0,MMCF,UK
2021-10-01,NUS-NUK,GBR,EPG0,Natural Gas,EVE,Exports by Vessel,NGM_EPG0_EVE_NUS-NUK_MMCF,Liquefied U.S. Natural Gas Exports by Vessel to United Kingdom (MMcf),3302.0,MMCF,UK
2021-11-01,NUS-NUK,GBR,EPG0,Natural Gas,EVE,Exports by Vessel,NGM_EPG0_EVE_NUS-NUK_MMCF,Liquefied U.S. Natural Gas Exports by Vessel to United Kingdom (MMcf),30648.0,MMCF,UK
2021-12-01,NUS-NUK,GBR,EPG0,Natural Gas,EVE,Exports by Vessel,NGM_EPG0_EVE_NUS-NUK_MMCF,Liquefied U.S. Natural Gas Exports by Vessel to United Kingdom (MMcf),60315.0,MMCF,UK
2022-01-01,NUS-NUK,GBR,EPG0,Natural Gas,EVE,Exports by Vessel,NGM_EPG0_EVE_NUS-NUK_MMCF,Liquefied U.S. Natural Gas Exports by Vessel to United Kingdom (MMcf),60060.0,MMCF,UK
2022-02-01,NUS-NUK,GBR,EPG0,Natural Gas,EVE,Exports by Vessel,NGM_EPG0_EVE_NUS-NUK_MMCF,Liquefied U.S. Natural Gas Exports by Vessel to United Kingdom (MMcf),25301.0,MMCF,UK
2022-03-01,NUS-NUK,GBR,EPG0,Natural Gas,EVE,Exports by Vessel,NGM_EPG0_EVE_NUS-NUK_MMCF,Liquefied U.S. Natural Gas Exports by Vessel to United Kingdom (MMcf),56799.0,MMCF,UK
2022-04-01,NUS-NUK,GBR,EPG0,Natural Gas,EVE,Exports by Vessel,NGM_EPG0_EVE_NUS-NUK_MMCF,Liquefied U.S. Natural Gas Exports by Vessel to United Kingdom (MMcf),39775.0,MMCF,UK
2022-05-01,NUS-NUK,GBR,EPG0,Natural Gas,EVE,Exports by Vessel,NGM_EPG0_EVE_NUS-NUK_MMCF,Liquefied U.S. Natural Gas Exports by Vessel to United Kingdom (MMcf),10608.0,MMCF,UK
2022-06-01,NUS-NUK,GBR,EPG0,Natural Gas,EVE,Exports by Vessel,NGM_EPG0_EVE_NUS-NUK_MMCF,Liquefied U.S. Natural Gas Exports by Vessel to United Kingdom (MMcf),3326.0,MMCF,UK
2022-07-01,NUS-NUK,GBR,EPG0,Natural Gas,EVE,Exports by Vessel,NGM_EPG0_EVE_NUS-NUK_MMCF,Liquefied U.S. Natural Gas Exports by Vessel to United Kingdom (MMcf),3797.0,MMCF,UK
2022-08-01,NUS-NUK,GBR,EPG0,Natural Gas,EVE,Exports by Vessel,NGM_EPG0_EVE_NUS-NUK_MMCF,Liquefied U.S. Natural Gas Exports by Vessel to United Kingdom (MMcf),21263.0,MMCF,UK
2022-09-01,NUS-NUK,GBR,EPG0,Natural Gas,EVE,Exports by Vessel,NGM_EPG0_EVE_NUS-NUK_MMCF,Liquefied U.S. Natural Gas Exports by Vessel to United Kingdom (MMcf),51467.0,MMCF,UK
2022-10-01,NUS-NUK,GBR,EPG0,Natural Gas,EVE,Exports by Vessel,NGM_EPG0_EVE_NUS-NUK_MMCF,Liquefied U.S. Natural Gas Exports by Vessel to United Kingdom (MMcf),46040.0,MMCF,UK
2022-11-01,NUS-NUK,GBR,EPG0,Natural Gas,EVE,Exports by Vessel,NGM_EPG0_EVE_NUS-NUK_MMCF,Liquefied U.S. Natural Gas Exports by Vessel to United Kingdom (MMcf),76693.0,MMCF,UK
2022-12-01,NUS-NUK,GBR,EPG0,Natural Gas,EVE,Exports by Vessel,NGM_EPG0_EVE_NUS-NUK_MMCF,Liquefied U.S. Natural Gas Exports by Vessel to United Kingdom (MMcf),69332.0,MMCF,UK
2023-01-01,NUS-NUK,GBR,EPG0,Natural Gas,EVE,Exports by Vessel,NGM_EPG0_EVE_NUS-NUK_MMCF,Liquefied U.S. Natural Gas Exports by Vessel to United Kingdom (MMcf),63032.0,MMCF,UK
2023-02-01,NUS-NUK,GBR,EPG0,Natural Gas,EVE,Exports by Vessel,NGM_EPG0_EVE_NUS-NUK_MMCF,Liquefied U.S. Natural Gas Exports by Vessel to United Kingdom (MMcf),71702.0,MMCF,UK
2023-03-01,NUS-NUK,GBR,EPG0,Natural Gas,EVE,Exports by Vessel,NGM_EPG0_EVE_NUS-NUK_MMCF,Liquefied U.S. Natural Gas Exports by Vessel to United Kingdom (MMcf),70499.0,MMCF,UK
2023-04-01,NUS-NUK,GBR,EPG0,Natural Gas,EVE,Exports by Vessel,NGM_EPG0_EVE_NUS-NUK_MMCF,Liquefied U.S. Natural Gas Exports by Vessel to United Kingdom (MMcf),75836.0,MMCF,UK
2023-05-01,NUS-NUK,GBR,EPG0,Natural Gas,EVE,Exports by Vessel,NGM_EPG0_EVE_NUS-NUK_MMCF,Liquefied U.S. Natural Gas Exports by Vessel to United Kingdom (MMcf),25242.0,MMCF,UK
2023-08-01,NUS-NUK,GBR,EPG0,Natural Gas,EVE,Exports by Vessel,NGM_EPG0_EVE_NUS-NUK_MMCF,Liquefied U.S. Natural Gas Exports by Vessel to United Kingdom (MMcf),3655.0,MMCF,UK
2023-09-01,NUS-NUK,GBR,EPG0,Natural Gas,EVE,Exports by Vessel,NGM_EPG0_EVE_NUS-NUK_MMCF,Liquefied U.S. Natural Gas Exports by Vessel to United Kingdom (MMcf),7464.0,MMCF,UK
2023-10-01,NUS-NUK,GBR,EPG0,Natural Gas,EVE,Exports by Vessel,NGM_EPG0_EVE_NUS-NUK_MMCF,Liquefied U.S. Natural Gas Exports by Vessel to United Kingdom (MMcf),24900.0,MMCF,UK
2023-11-01,NUS-NUK,GBR,EPG0,Natural Gas,EVE,Exports by Vessel,NGM_EPG0_EVE_NUS-NUK_MMCF,Liquefied U.S. Natural Gas Exports by Vessel to United Kingdom (MMcf),47642.0,MMCF,UK
2023-12-01,NUS-NUK,GBR,EPG0,Natural Gas,EVE,Exports by Vessel,NGM_EPG0_EVE_NUS-NUK_MMCF,Liquefied U.S. Natural Gas Exports by Vessel to United Kingdom (MMcf),60209.0,MMCF,UK
2024-01-01,NUS-NUK,GBR,EPG0,Natural Gas,EVE,Exports by Vessel,NGM_EPG0_EVE_NUS-NUK_MMCF,Liquefied U.S. Natural Gas Exports by Vessel to United Kingdom (MMcf),42928.0,MMCF,UK
2024-02-01,NUS-NUK,GBR,EPG0,Natural Gas,EVE,Exports by Vessel,NGM_EPG0_EVE_NUS-NUK_MMCF,Liquefied U.S. Natural Gas Exports by Vessel to United Kingdom (MMcf),34117.0,MMCF,UK
2024-03-01,NUS-NUK,GBR,EPG0,Natural Gas,EVE,Exports by Vessel,NGM_EPG0_EVE_NUS-NUK_MMCF,Liquefied U.S. Natural Gas Exports by Vessel to United Kingdom (MMcf),13663.0,MMCF,UK
2024-04-01,NUS-NUK,GBR,EPG0,Natural Gas,EVE,Exports by Vessel,NGM_EPG0_EVE_NUS-NUK_MMCF,Liquefied U.S. Natural Gas Exports by Vessel to United Kingdom (MMcf),6887.0,MMCF,UK
2024-05-01,NUS-NUK,GBR,EPG0,Natural Gas,EVE,Exports by Vessel,NGM_EPG0_EVE_NUS-NUK_MMCF,Liquefied U.S. Natural Gas Exports by Vessel to United Kingdom (MMcf),7100.0,MMCF,UK
2024-06-01,NUS-NUK,GBR,EPG0,Natural Gas,EVE,Exports by Vessel,NGM_EPG0_EVE_NUS-NUK_MMCF,Liquefied U.S. Natural Gas Exports by Vessel to United Kingdom (MMcf),6398.0,MMCF,UK
2024-07-01,NUS-NUK,GBR,EPG0,Natural Gas,EVE,Exports by Vessel,NGM_EPG0_EVE_NUS-NUK_MMCF,Liquefied U.S. Natural Gas Exports by Vessel to United Kingdom (MMcf),3703.0,MMCF,UK
2024-08-01,NUS-NUK,GBR,EPG0,Natural Gas,EVE,Exports by Vessel,NGM_EPG0_EVE_NUS-NUK_MMCF,Liquefied U.S. Natural Gas Exports by Vessel to United Kingdom (MMcf),13891.0,MMCF,UK
2024-09-01,NUS-NUK,GBR,EPG0,Natural Gas,EVE,Exports by Vessel,NGM_EPG0_EVE_NUS-NUK_MMCF,Liquefied U.S. Natural Gas Exports by Vessel to United Kingdom (MMcf),3575.0,MMCF,UK
2024-10-01,NUS-NUK,GBR,EPG0,Natural Gas,EVE,Exports by Vessel,NGM_EPG0_EVE_NUS-NUK_MMCF,Liquefied U.S. Natural Gas Exports by Vessel to United Kingdom (MMcf),13835.0,MMCF,UK
2024-11-01,NUS-NUK,GBR,EPG0,Natural Gas,EVE,Exports by Vessel,NGM_EPG0_EVE_NUS-NUK_MMCF,Liquefied U.S. Natural Gas Exports by Vessel to United Kingdom (MMcf),45444.0,MMCF,UK
2024-12-01,NUS-NUK,GBR,EPG0,Natural Gas,EVE,Exports by Vessel,NGM_EPG0_EVE_NUS-NUK_MMCF,Liquefied U.S. Natural Gas Exports by Vessel to United Kingdom (MMcf),56998.0,MMCF,UK
2025-01-01,NUS-NUK,GBR,EPG0,Natural Gas,EVE,Exports by Vessel,NGM_EPG0_EVE_NUS-NUK_MMCF,Liquefied U.S. Natural Gas Exports by Vessel to United Kingdom (MMcf),62503.0,MMCF,UK
2025-02-01,NUS-NUK,GBR,EPG0,Natural Gas,EVE,Exports by Vessel,NGM_EPG0_EVE_NUS-NUK_MMCF,Liquefied U.S. Natural Gas Exports by Vessel to United Kingdom (MMcf),68675.0,MMCF,UK
2025-03-01,NUS-NUK,GBR,EPG0,Natural Gas,EVE,Exports by Vessel,NGM_EPG0_EVE_NUS-NUK_MMCF,Liquefied U.S. Natural Gas Exports by Vessel to United Kingdom (MMcf),38489.0,MMCF,UK
2025-04-01,NUS-NUK,GBR,EPG0,Natural Gas,EVE,Exports by Vessel,NGM_EPG0_EVE_NUS-NUK_MMCF,Liquefied U.S. Natural Gas Exports by Vessel to United Kingdom (MMcf),10462.0,MMCF,UK
2025-05-01,NUS-NUK,GBR,EPG0,Natural Gas,EVE,Exports by Vessel,NGM_EPG0_EVE_NUS-NUK_MMCF,Liquefied U.S. Natural Gas Exports by Vessel to United Kingdom (MMcf),7207.0,MMCF,UK
2025-06-01,NUS-NUK,GBR,EPG0,Natural Gas,EVE,Exports by Vessel,NGM_EPG0_EVE_NUS-NUK_MMCF,Liquefied U.S. Natural Gas Exports by Vessel to United Kingdom (MMcf),7222.0,MMCF,UK
2025-07-01,NUS-NUK,GBR,EPG0,Natural Gas,EVE,Exports by Vessel,NGM_EPG0_EVE_NUS-NUK_MMCF,Liquefied U.S. Natural Gas Exports by Vessel to United Kingdom (MMcf),3615.0,MMCF,UK
2025-09-01,NUS-NUK,GBR,EPG0,Natural Gas,EVE,Exports by Vessel,NGM_EPG0_EVE_NUS-NUK_MMCF,Liquefied U.S. Natural Gas Exports by Vessel to United Kingdom (MMcf),13947.0,MMCF,UK
2025-10-01,NUS-NUK,GBR,EPG0,Natural Gas,EVE,Exports by Vessel,NGM_EPG0_EVE_NUS-NUK_MMCF,Liquefied U.S. Natural Gas Exports by Vessel to United Kingdom (MMcf),32428.0,MMCF,UK
2025-11-01,NUS-NUK,GBR,EPG0,Natural Gas,EVE,Exports by Vessel,NGM_EPG0_EVE_NUS-NUK_MMCF,Liquefied U.S. Natural Gas Exports by Vessel to United Kingdom (MMcf),60301.0,MMCF,UK
2025-12-01,NUS-NUK,GBR,EPG0,Natural Gas,EVE,Exports by Vessel,NGM_EPG0_EVE_NUS-NUK_MMCF,Liquefied U.S. Natural Gas Exports by Vessel to United Kingdom (MMcf),67364.0,MMCF,UK
2026-01-01,NUS-NUK,GBR,EPG0,Natural Gas,EVE,Exports by Vessel,NGM_EPG0_EVE_NUS-NUK_MMCF,Liquefied U.S. Natural Gas Exports by Vessel to United Kingdom (MMcf),92297.0,MMCF,UK
2018-01-01,NUS-NPL,POL,EPG0,Natural Gas,EVE,Exports by Vessel,NGM_EPG0_EVE_NUS-NPL_MMCF,Liquefied U.S. Natural Gas Exports by Vessel to Poland (Million Cubic Feet),0.0,MMCF,Poland
2018-02-01,NUS-NPL,POL,EPG0,Natural Gas,EVE,Exports by Vessel,NGM_EPG0_EVE_NUS-NPL_MMCF,Liquefied U.S. Natural Gas Exports by Vessel to Poland (Million Cubic Feet),0.0,MMCF,Poland
2018-03-01,NUS-NPL,POL,EPG0,Natural Gas,EVE,Exports by Vessel,NGM_EPG0_EVE_NUS-NPL_MMCF,Liquefied U.S. Natural Gas Exports by Vessel to Poland (Million Cubic Feet),0.0,MMCF,Poland
2018-04-01,NUS-NPL,POL,EPG0,Natural Gas,EVE,Exports by Vessel,NGM_EPG0_EVE_NUS-NPL_MMCF,Liquefied U.S. Natural Gas Exports by Vessel to Poland (Million Cubic Feet),0.0,MMCF,Poland
2018-05-01,NUS-NPL,POL,EPG0,Natural Gas,EVE,Exports by Vessel,NGM_EPG0_EVE_NUS-NPL_MMCF,Liquefied U.S. Natural Gas Exports by Vessel to Poland (Million Cubic Feet),0.0,MMCF,Poland
2018-06-01,NUS-NPL,POL,EPG0,Natural Gas,EVE,Exports by Vessel,NGM_EPG0_EVE_NUS-NPL_MMCF,Liquefied U.S. Natural Gas Exports by Vessel to Poland (Million Cubic Feet),0.0,MMCF,Poland
2018-07-01,NUS-NPL,POL,EPG0,Natural Gas,EVE,Exports by Vessel,NGM_EPG0_EVE_NUS-NPL_MMCF,Liquefied U.S. Natural Gas Exports by Vessel to Poland (Million Cubic Feet),0.0,MMCF,Poland
2018-08-01,NUS-NPL,POL,EPG0,Natural Gas,EVE,Exports by Vessel,NGM_EPG0_EVE_NUS-NPL_MMCF,Liquefied U.S. Natural Gas Exports by Vessel to Poland (Million Cubic Feet),0.0,MMCF,Poland
2018-09-01,NUS-NPL,POL,EPG0,Natural Gas,EVE,Exports by Vessel,NGM_EPG0_EVE_NUS-NPL_MMCF,Liquefied U.S. Natural Gas Exports by Vessel to Poland (Million Cubic Feet),0.0,MMCF,Poland
2018-10-01,NUS-NPL,POL,EPG0,Natural Gas,EVE,Exports by Vessel,NGM_EPG0_EVE_NUS-NPL_MMCF,Liquefied U.S. Natural Gas Exports by Vessel to Poland (Million Cubic Feet),0.0,MMCF,Poland
2018-11-01,NUS-NPL,POL,EPG0,Natural Gas,EVE,Exports by Vessel,NGM_EPG0_EVE_NUS-NPL_MMCF,Liquefied U.S. Natural Gas Exports by Vessel to Poland (Million Cubic Feet),3231.0,MMCF,Poland
2018-12-01,NUS-NPL,POL,EPG0,Natural Gas,EVE,Exports by Vessel,NGM_EPG0_EVE_NUS-NPL_MMCF,Liquefied U.S. Natural Gas Exports by Vessel to Poland (Million Cubic Feet),0.0,MMCF,Poland
2019-01-01,NUS-NPL,POL,EPG0,Natural Gas,EVE,Exports by Vessel,NGM_EPG0_EVE_NUS-NPL_MMCF,Liquefied U.S. Natural Gas Exports by Vessel to Poland (Million Cubic Feet),9762.0,MMCF,Poland
2019-02-01,NUS-NPL,POL,EPG0,Natural Gas,EVE,Exports by Vessel,NGM_EPG0_EVE_NUS-NPL_MMCF,Liquefied U.S. Natural Gas Exports by Vessel to Poland (Million Cubic Feet),0.0,MMCF,Poland
2019-03-01,NUS-NPL,POL,EPG0,Natural Gas,EVE,Exports by Vessel,NGM_EPG0_EVE_NUS-NPL_MMCF,Liquefied U.S. Natural Gas Exports by Vessel to Poland (Million Cubic Feet),3701.0,MMCF,Poland
2019-04-01,NUS-NPL,POL,EPG0,Natural Gas,EVE,Exports by Vessel,NGM_EPG0_EVE_NUS-NPL_MMCF,Liquefied U.S. Natural Gas Exports by Vessel to Poland (Million Cubic Feet),3414.0,MMCF,Poland
2019-05-01,NUS-NPL,POL,EPG0,Natural Gas,EVE,Exports by Vessel,NGM_EPG0_EVE_NUS-NPL_MMCF,Liquefied U.S. Natural Gas Exports by Vessel to Poland (Million Cubic Feet),0.0,MMCF,Poland
2019-06-01,NUS-NPL,POL,EPG0,Natural Gas,EVE,Exports by Vessel,NGM_EPG0_EVE_NUS-NPL_MMCF,Liquefied U.S. Natural Gas Exports by Vessel to Poland (Million Cubic Feet),0.0,MMCF,Poland
2019-07-01,NUS-NPL,POL,EPG0,Natural Gas,EVE,Exports by Vessel,NGM_EPG0_EVE_NUS-NPL_MMCF,Liquefied U.S. Natural Gas Exports by Vessel to Poland (Million Cubic Feet),3694.0,MMCF,Poland
2019-08-01,NUS-NPL,POL,EPG0,Natural Gas,EVE,Exports by Vessel,NGM_EPG0_EVE_NUS-NPL_MMCF,Liquefied U.S. Natural Gas Exports by Vessel to Poland (Million Cubic Feet),3537.0,MMCF,Poland
2019-09-01,NUS-NPL,POL,EPG0,Natural Gas,EVE,Exports by Vessel,NGM_EPG0_EVE_NUS-NPL_MMCF,Liquefied U.S. Natural Gas Exports by Vessel to Poland (Million Cubic Feet),0.0,MMCF,Poland
2019-10-01,NUS-NPL,POL,EPG0,Natural Gas,EVE,Exports by Vessel,NGM_EPG0_EVE_NUS-NPL_MMCF,Liquefied U.S. Natural Gas Exports by Vessel to Poland (Million Cubic Feet),3489.0,MMCF,Poland
2019-11-01,NUS-NPL,POL,EPG0,Natural Gas,EVE,Exports by Vessel,NGM_EPG0_EVE_NUS-NPL_MMCF,Liquefied U.S. Natural Gas Exports by Vessel to Poland (Million Cubic Feet),3432.0,MMCF,Poland
2019-12-01,NUS-NPL,POL,EPG0,Natural Gas,EVE,Exports by Vessel,NGM_EPG0_EVE_NUS-NPL_MMCF,Liquefied U.S. Natural Gas Exports by Vessel to Poland (Million Cubic Feet),7013.0,MMCF,Poland
2020-01-01,NUS-NPL,POL,EPG0,Natural Gas,EVE,Exports by Vessel,NGM_EPG0_EVE_NUS-NPL_MMCF,Liquefied U.S. Natural Gas Exports by Vessel to Poland (Million Cubic Feet),3282.0,MMCF,Poland
2020-02-01,NUS-NPL,POL,EPG0,Natural Gas,EVE,Exports by Vessel,NGM_EPG0_EVE_NUS-NPL_MMCF,Liquefied U.S. Natural Gas Exports by Vessel to Poland (Million Cubic Feet),6677.0,MMCF,Poland
2020-03-01,NUS-NPL,POL,EPG0,Natural Gas,EVE,Exports by Vessel,NGM_EPG0_EVE_NUS-NPL_MMCF,Liquefied U.S. Natural Gas Exports by Vessel to Poland (Million Cubic Feet),3583.0,MMCF,Poland
2020-04-01,NUS-NPL,POL,EPG0,Natural Gas,EVE,Exports by Vessel,NGM_EPG0_EVE_NUS-NPL_MMCF,Liquefied U.S. Natural Gas Exports by Vessel to Poland (Million Cubic Feet),3523.0,MMCF,Poland
2020-05-01,NUS-NPL,POL,EPG0,Natural Gas,EVE,Exports by Vessel,NGM_EPG0_EVE_NUS-NPL_MMCF,Liquefied U.S. Natural Gas Exports by Vessel to Poland (Million Cubic Feet),6258.0,MMCF,Poland
2020-06-01,NUS-NPL,POL,EPG0,Natural Gas,EVE,Exports by Vessel,NGM_EPG0_EVE_NUS-NPL_MMCF,Liquefied U.S. Natural Gas Exports by Vessel to Poland (Million Cubic Feet),3385.0,MMCF,Poland
2020-07-01,NUS-NPL,POL,EPG0,Natural Gas,EVE,Exports by Vessel,NGM_EPG0_EVE_NUS-NPL_MMCF,Liquefied U.S. Natural Gas Exports by Vessel to Poland (Million Cubic Feet),0.0,MMCF,Poland
2020-08-01,NUS-NPL,POL,EPG0,Natural Gas,EVE,Exports by Vessel,NGM_EPG0_EVE_NUS-NPL_MMCF,Liquefied U.S. Natural Gas Exports by Vessel to Poland (Million Cubic Feet),0.0,MMCF,Poland
2020-09-01,NUS-NPL,POL,EPG0,Natural Gas,EVE,Exports by Vessel,NGM_EPG0_EVE_NUS-NPL_MMCF,Liquefied U.S. Natural Gas Exports by Vessel to Poland (Million Cubic Feet),0.0,MMCF,Poland
2020-10-01,NUS-NPL,POL,EPG0,Natural Gas,EVE,Exports by Vessel,NGM_EPG0_EVE_NUS-NPL_MMCF,Liquefied U.S. Natural Gas Exports by Vessel to Poland (Million Cubic Feet),3157.0,MMCF,Poland
2020-11-01,NUS-NPL,POL,EPG0,Natural Gas,EVE,Exports by Vessel,NGM_EPG0_EVE_NUS-NPL_MMCF,Liquefied U.S. Natural Gas Exports by Vessel to Poland (Million Cubic Feet),0.0,MMCF,Poland
2020-12-01,NUS-NPL,POL,EPG0,Natural Gas,EVE,Exports by Vessel,NGM_EPG0_EVE_NUS-NPL_MMCF,Liquefied U.S. Natural Gas Exports by Vessel to Poland (Million Cubic Feet),7033.0,MMCF,Poland
2021-01-01,NUS-NPL,POL,EPG0,Natural Gas,EVE,Exports by Vessel,NGM_EPG0_EVE_NUS-NPL_MMCF,Liquefied U.S. Natural Gas Exports by Vessel to Poland (Million Cubic Feet),0.0,MMCF,Poland
2021-02-01,NUS-NPL,POL,EPG0,Natural Gas,EVE,Exports by Vessel,NGM_EPG0_EVE_NUS-NPL_MMCF,Liquefied U.S. Natural Gas Exports by Vessel to Poland (Million Cubic Feet),7099.0,MMCF,Poland
2021-03-01,NUS-NPL,POL,EPG0,Natural Gas,EVE,Exports by Vessel,NGM_EPG0_EVE_NUS-NPL_MMCF,Liquefied U.S. Natural Gas Exports by Vessel to Poland (Million Cubic Feet),3507.0,MMCF,Poland
2021-04-01,NUS-NPL,POL,EPG0,Natural Gas,EVE,Exports by Vessel,NGM_EPG0_EVE_NUS-NPL_MMCF,Liquefied U.S. Natural Gas Exports by Vessel to Poland (Million Cubic Feet),7382.0,MMCF,Poland
2021-05-01,NUS-NPL,POL,EPG0,Natural Gas,EVE,Exports by Vessel,NGM_EPG0_EVE_NUS-NPL_MMCF,Liquefied U.S. Natural Gas Exports by Vessel to Poland (Million Cubic Feet),3581.0,MMCF,Poland
2021-06-01,NUS-NPL,POL,EPG0,Natural Gas,EVE,Exports by Vessel,NGM_EPG0_EVE_NUS-NPL_MMCF,Liquefied U.S. Natural Gas Exports by Vessel to Poland (Million Cubic Feet),10635.0,MMCF,Poland
2021-07-01,NUS-NPL,POL,EPG0,Natural Gas,EVE,Exports by Vessel,NGM_EPG0_EVE_NUS-NPL_MMCF,Liquefied U.S. Natural Gas Exports by Vessel to Poland (Million Cubic Feet),6619.0,MMCF,Poland
2021-08-01,NUS-NPL,POL,EPG0,Natural Gas,EVE,Exports by Vessel,NGM_EPG0_EVE_NUS-NPL_MMCF,Liquefied U.S. Natural Gas Exports by Vessel to Poland (Million Cubic Feet),0.0,MMCF,Poland
2021-09-01,NUS-NPL,POL,EPG0,Natural Gas,EVE,Exports by Vessel,NGM_EPG0_EVE_NUS-NPL_MMCF,Liquefied U.S. Natural Gas Exports by Vessel to Poland (Million Cubic Feet),0.0,MMCF,Poland
2021-10-01,NUS-NPL,POL,EPG0,Natural Gas,EVE,Exports by Vessel,NGM_EPG0_EVE_NUS-NPL_MMCF,Liquefied U.S. Natural Gas Exports by Vessel to Poland (Million Cubic Feet),3270.0,MMCF,Poland
2021-11-01,NUS-NPL,POL,EPG0,Natural Gas,EVE,Exports by Vessel,NGM_EPG0_EVE_NUS-NPL_MMCF,Liquefied U.S. Natural Gas Exports by Vessel to Poland (Million Cubic Feet),7068.0,MMCF,Poland
2021-12-01,NUS-NPL,POL,EPG0,Natural Gas,EVE,Exports by Vessel,NGM_EPG0_EVE_NUS-NPL_MMCF,Liquefied U.S. Natural Gas Exports by Vessel to Poland (Million Cubic Feet),7159.0,MMCF,Poland
2022-01-01,NUS-NPL,POL,EPG0,Natural Gas,EVE,Exports by Vessel,NGM_EPG0_EVE_NUS-NPL_MMCF,Liquefied U.S. Natural Gas Exports by Vessel to Poland (Million Cubic Feet),3695.0,MMCF,Poland
2022-02-01,NUS-NPL,POL,EPG0,Natural Gas,EVE,Exports by Vessel,NGM_EPG0_EVE_NUS-NPL_MMCF,Liquefied U.S. Natural Gas Exports by Vessel to Poland (Million Cubic Feet),7475.0,MMCF,Poland
2022-03-01,NUS-NPL,POL,EPG0,Natural Gas,EVE,Exports by Vessel,NGM_EPG0_EVE_NUS-NPL_MMCF,Liquefied U.S. Natural Gas Exports by Vessel to Poland (Million Cubic Feet),3831.0,MMCF,Poland
2022-04-01,NUS-NPL,POL,EPG0,Natural Gas,EVE,Exports by Vessel,NGM_EPG0_EVE_NUS-NPL_MMCF,Liquefied U.S. Natural Gas Exports by Vessel to Poland (Million Cubic Feet),13882.0,MMCF,Poland
2022-05-01,NUS-NPL,POL,EPG0,Natural Gas,EVE,Exports by Vessel,NGM_EPG0_EVE_NUS-NPL_MMCF,Liquefied U.S. Natural Gas Exports by Vessel to Poland (Million Cubic Feet),18224.0,MMCF,Poland
2022-06-01,NUS-NPL,POL,EPG0,Natural Gas,EVE,Exports by Vessel,NGM_EPG0_EVE_NUS-NPL_MMCF,Liquefied U.S. Natural Gas Exports by Vessel to Poland (Million Cubic Feet),14282.0,MMCF,Poland
2022-07-01,NUS-NPL,POL,EPG0,Natural Gas,EVE,Exports by Vessel,NGM_EPG0_EVE_NUS-NPL_MMCF,Liquefied U.S. Natural Gas Exports by Vessel to Poland (Million Cubic Feet),17780.0,MMCF,Poland
2022-08-01,NUS-NPL,POL,EPG0,Natural Gas,EVE,Exports by Vessel,NGM_EPG0_EVE_NUS-NPL_MMCF,Liquefied U.S. Natural Gas Exports by Vessel to Poland (Million Cubic Feet),6885.0,MMCF,Poland
2022-09-01,NUS-NPL,POL,EPG0,Natural Gas,EVE,Exports by Vessel,NGM_EPG0_EVE_NUS-NPL_MMCF,Liquefied U.S. Natural Gas Exports by Vessel to Poland (Million Cubic Feet),16917.0,MMCF,Poland
2022-10-01,NUS-NPL,POL,EPG0,Natural Gas,EVE,Exports by Vessel,NGM_EPG0_EVE_NUS-NPL_MMCF,Liquefied U.S. Natural Gas Exports by Vessel to Poland (Million Cubic Feet),7095.0,MMCF,Poland
2022-11-01,NUS-NPL,POL,EPG0,Natural Gas,EVE,Exports by Vessel,NGM_EPG0_EVE_NUS-NPL_MMCF,Liquefied U.S. Natural Gas Exports by Vessel to Poland (Million Cubic Feet),3453.0,MMCF,Poland
2022-12-01,NUS-NPL,POL,EPG0,Natural Gas,EVE,Exports by Vessel,NGM_EPG0_EVE_NUS-NPL_MMCF,Liquefied U.S. Natural Gas Exports by Vessel to Poland (Million Cubic Feet),13885.0,MMCF,Poland
2023-01-01,NUS-NPL,POL,EPG0,Natural Gas,EVE,Exports by Vessel,NGM_EPG0_EVE_NUS-NPL_MMCF,Liquefied U.S. Natural Gas Exports by Vessel to Poland (Million Cubic Feet),11538.0,MMCF,Poland
2023-02-01,NUS-NPL,POL,EPG0,Natural Gas,EVE,Exports by Vessel,NGM_EPG0_EVE_NUS-NPL_MMCF,Liquefied U.S. Natural Gas Exports by Vessel to Poland (Million Cubic Feet),10347.0,MMCF,Poland
2023-03-01,NUS-NPL,POL,EPG0,Natural Gas,EVE,Exports by Vessel,NGM_EPG0_EVE_NUS-NPL_MMCF,Liquefied U.S. Natural Gas Exports by Vessel to Poland (Million Cubic Feet),7236.0,MMCF,Poland
2023-04-01,NUS-NPL,POL,EPG0,Natural Gas,EVE,Exports by Vessel,NGM_EPG0_EVE_NUS-NPL_MMCF,Liquefied U.S. Natural Gas Exports by Vessel to Poland (Million Cubic Feet),7165.0,MMCF,Poland
2023-05-01,NUS-NPL,POL,EPG0,Natural Gas,EVE,Exports by Vessel,NGM_EPG0_EVE_NUS-NPL_MMCF,Liquefied U.S. Natural Gas Exports by Vessel to Poland (Million Cubic Feet),17422.0,MMCF,Poland
2023-06-01,NUS-NPL,POL,EPG0,Natural Gas,EVE,Exports by Vessel,NGM_EPG0_EVE_NUS-NPL_MMCF,Liquefied U.S. Natural Gas Exports by Vessel to Poland (Million Cubic Feet),18046.0,MMCF,Poland
2023-07-01,NUS-NPL,POL,EPG0,Natural Gas,EVE,Exports by Vessel,NGM_EPG0_EVE_NUS-NPL_MMCF,Liquefied U.S. Natural Gas Exports by Vessel to Poland (Million Cubic Feet),3635.0,MMCF,Poland
2023-08-01,NUS-NPL,POL,EPG0,Natural Gas,EVE,Exports by Vessel,NGM_EPG0_EVE_NUS-NPL_MMCF,Liquefied U.S. Natural Gas Exports by Vessel to Poland (Million Cubic Feet),10550.0,MMCF,Poland
2023-09-01,NUS-NPL,POL,EPG0,Natural Gas,EVE,Exports by Vessel,NGM_EPG0_EVE_NUS-NPL_MMCF,Liquefied U.S. Natural Gas Exports by Vessel to Poland (Million Cubic Feet),14121.0,MMCF,Poland
2023-10-01,NUS-NPL,POL,EPG0,Natural Gas,EVE,Exports by Vessel,NGM_EPG0_EVE_NUS-NPL_MMCF,Liquefied U.S. Natural Gas Exports by Vessel to Poland (Million Cubic Feet),14213.0,MMCF,Poland
2023-11-01,NUS-NPL,POL,EPG0,Natural Gas,EVE,Exports by Vessel,NGM_EPG0_EVE_NUS-NPL_MMCF,Liquefied U.S. Natural Gas Exports by Vessel to Poland (Million Cubic Feet),14500.0,MMCF,Poland
2023-12-01,NUS-NPL,POL,EPG0,Natural Gas,EVE,Exports by Vessel,NGM_EPG0_EVE_NUS-NPL_MMCF,Liquefied U.S. Natural Gas Exports by Vessel to Poland (Million Cubic Feet),10862.0,MMCF,Poland
2024-01-01,NUS-NPL,POL,EPG0,Natural Gas,EVE,Exports by Vessel,NGM_EPG0_EVE_NUS-NPL_MMCF,Liquefied U.S. Natural Gas Exports by Vessel to Poland (Million Cubic Feet),5746.0,MMCF,Poland
2024-02-01,NUS-NPL,POL,EPG0,Natural Gas,EVE,Exports by Vessel,NGM_EPG0_EVE_NUS-NPL_MMCF,Liquefied U.S. Natural Gas Exports by Vessel to Poland (Million Cubic Feet),10702.0,MMCF,Poland
2024-03-01,NUS-NPL,POL,EPG0,Natural Gas,EVE,Exports by Vessel,NGM_EPG0_EVE_NUS-NPL_MMCF,Liquefied U.S. Natural Gas Exports by Vessel to Poland (Million Cubic Feet),3685.0,MMCF,Poland
2024-04-01,NUS-NPL,POL,EPG0,Natural Gas,EVE,Exports by Vessel,NGM_EPG0_EVE_NUS-NPL_MMCF,Liquefied U.S. Natural Gas Exports by Vessel to Poland (Million Cubic Feet),3576.0,MMCF,Poland
2024-05-01,NUS-NPL,POL,EPG0,Natural Gas,EVE,Exports by Vessel,NGM_EPG0_EVE_NUS-NPL_MMCF,Liquefied U.S. Natural Gas Exports by Vessel to Poland (Million Cubic Feet),14363.0,MMCF,Poland
2024-06-01,NUS-NPL,POL,EPG0,Natural Gas,EVE,Exports by Vessel,NGM_EPG0_EVE_NUS-NPL_MMCF,Liquefied U.S. Natural Gas Exports by Vessel to Poland (Million Cubic Feet),17301.0,MMCF,Poland
2024-07-01,NUS-NPL,POL,EPG0,Natural Gas,EVE,Exports by Vessel,NGM_EPG0_EVE_NUS-NPL_MMCF,Liquefied U.S. Natural Gas Exports by Vessel to Poland (Million Cubic Feet),16541.0,MMCF,Poland
2024-08-01,NUS-NPL,POL,EPG0,Natural Gas,EVE,Exports by Vessel,NGM_EPG0_EVE_NUS-NPL_MMCF,Liquefied U.S. Natural Gas Exports by Vessel to Poland (Million Cubic Feet),11026.0,MMCF,Poland
2024-09-01,NUS-NPL,POL,EPG0,Natural Gas,EVE,Exports by Vessel,NGM_EPG0_EVE_NUS-NPL_MMCF,Liquefied U.S. Natural Gas Exports by Vessel to Poland (Million Cubic Feet),14417.0,MMCF,Poland
2024-10-01,NUS-NPL,POL,EPG0,Natural Gas,EVE,Exports by Vessel,NGM_EPG0_EVE_NUS-NPL_MMCF,Liquefied U.S. Natural Gas Exports by Vessel to Poland (Million Cubic Feet),10866.0,MMCF,Poland
2024-11-01,NUS-NPL,POL,EPG0,Natural Gas,EVE,Exports by Vessel,NGM_EPG0_EVE_NUS-NPL_MMCF,Liquefied U.S. Natural Gas Exports by Vessel to Poland (Million Cubic Feet),14011.0,MMCF,Poland
2024-12-01,NUS-NPL,POL,EPG0,Natural Gas,EVE,Exports by Vessel,NGM_EPG0_EVE_NUS-NPL_MMCF,Liquefied U.S. Natural Gas Exports by Vessel to Poland (Million Cubic Feet),10333.0,MMCF,Poland
2025-01-01,NUS-NPL,POL,EPG0,Natural Gas,EVE,Exports by Vessel,NGM_EPG0_EVE_NUS-NPL_MMCF,Liquefied U.S. Natural Gas Exports by Vessel to Poland (Million Cubic Feet),25138.0,MMCF,Poland
2025-02-01,NUS-NPL,POL,EPG0,Natural Gas,EVE,Exports by Vessel,NGM_EPG0_EVE_NUS-NPL_MMCF,Liquefied U.S. Natural Gas Exports by Vessel to Poland (Million Cubic Feet),13702.0,MMCF,Poland
2025-03-01,NUS-NPL,POL,EPG0,Natural Gas,EVE,Exports by Vessel,NGM_EPG0_EVE_NUS-NPL_MMCF,Liquefied U.S. Natural Gas Exports by Vessel to Poland (Million Cubic Feet),21292.0,MMCF,Poland
2025-04-01,NUS-NPL,POL,EPG0,Natural Gas,EVE,Exports by Vessel,NGM_EPG0_EVE_NUS-NPL_MMCF,Liquefied U.S. Natural Gas Exports by Vessel to Poland (Million Cubic Feet),25432.0,MMCF,Poland
2025-05-01,NUS-NPL,POL,EPG0,Natural Gas,EVE,Exports by Vessel,NGM_EPG0_EVE_NUS-NPL_MMCF,Liquefied U.S. Natural Gas Exports by Vessel to Poland (Million Cubic Feet),21482.0,MMCF,Poland
2025-06-01,NUS-NPL,POL,EPG0,Natural Gas,EVE,Exports by Vessel,NGM_EPG0_EVE_NUS-NPL_MMCF,Liquefied U.S. Natural Gas Exports by Vessel to Poland (Million Cubic Feet),10808.0,MMCF,Poland
2025-07-01,NUS-NPL,POL,EPG0,Natural Gas,EVE,Exports by Vessel,NGM_EPG0_EVE_NUS-NPL_MMCF,Liquefied U.S. Natural Gas Exports by Vessel to Poland (Million Cubic Feet),21201.0,MMCF,Poland
2025-08-01,NUS-NPL,POL,EPG0,Natural Gas,EVE,Exports by Vessel,NGM_EPG0_EVE_NUS-NPL_MMCF,Liquefied U.S. Natural Gas Exports by Vessel to Poland (Million Cubic Feet),18397.0,MMCF,Poland
2025-09-01,NUS-NPL,POL,EPG0,Natural Gas,EVE,Exports by Vessel,NGM_EPG0_EVE_NUS-NPL_MMCF,Liquefied U.S. Natural Gas Exports by Vessel to Poland (Million Cubic Feet),10929.0,MMCF,Poland
2025-10-01,NUS-NPL,POL,EPG0,Natural Gas,EVE,Exports by Vessel,NGM_EPG0_EVE_NUS-NPL_MMCF,Liquefied U.S. Natural Gas Exports by Vessel to Poland (Million Cubic Feet),24465.0,MMCF,Poland
2025-11-01,NUS-NPL,POL,EPG0,Natural Gas,EVE,Exports by Vessel,NGM_EPG0_EVE_NUS-NPL_MMCF,Liquefied U.S. Natural Gas Exports by Vessel to Poland (Million Cubic Feet),14828.0,MMCF,Poland
2025-12-01,NUS-NPL,POL,EPG0,Natural Gas,EVE,Exports by Vessel,NGM_EPG0_EVE_NUS-NPL_MMCF,Liquefied U.S. Natural Gas Exports by Vessel to Poland (Million Cubic Feet),21747.0,MMCF,Poland
2026-01-01,NUS-NPL,POL,EPG0,Natural Gas,EVE,Exports by Vessel,NGM_EPG0_EVE_NUS-NPL_MMCF,Liquefied U.S. Natural Gas Exports by Vessel to Poland (Million Cubic Feet),23309.0,MMCF,Poland
2018-01-01,NUS-NPO,PRT,EPG0,Natural Gas,EVE,Exports by Vessel,NGM_EPG0_EVE_NUS-NPO_MMCF,Liquefied U.S. Natural Gas Exports by Vessel to Portugal (Million Cubic Feet),3247.0,MMCF,Portugal
2018-02-01,NUS-NPO,PRT,EPG0,Natural Gas,EVE,Exports by Vessel,NGM_EPG0_EVE_NUS-NPO_MMCF,Liquefied U.S. Natural Gas Exports by Vessel to Portugal (Million Cubic Feet),0.0,MMCF,Portugal
2018-03-01,NUS-NPO,PRT,EPG0,Natural Gas,EVE,Exports by Vessel,NGM_EPG0_EVE_NUS-NPO_MMCF,Liquefied U.S. Natural Gas Exports by Vessel to Portugal (Million Cubic Feet),0.0,MMCF,Portugal
2018-04-01,NUS-NPO,PRT,EPG0,Natural Gas,EVE,Exports by Vessel,NGM_EPG0_EVE_NUS-NPO_MMCF,Liquefied U.S. Natural Gas Exports by Vessel to Portugal (Million Cubic Feet),0.0,MMCF,Portugal
2018-05-01,NUS-NPO,PRT,EPG0,Natural Gas,EVE,Exports by Vessel,NGM_EPG0_EVE_NUS-NPO_MMCF,Liquefied U.S. Natural Gas Exports by Vessel to Portugal (Million Cubic Feet),0.0,MMCF,Portugal
2018-06-01,NUS-NPO,PRT,EPG0,Natural Gas,EVE,Exports by Vessel,NGM_EPG0_EVE_NUS-NPO_MMCF,Liquefied U.S. Natural Gas Exports by Vessel to Portugal (Million Cubic Feet),0.0,MMCF,Portugal
2018-07-01,NUS-NPO,PRT,EPG0,Natural Gas,EVE,Exports by Vessel,NGM_EPG0_EVE_NUS-NPO_MMCF,Liquefied U.S. Natural Gas Exports by Vessel to Portugal (Million Cubic Feet),0.0,MMCF,Portugal
2018-08-01,NUS-NPO,PRT,EPG0,Natural Gas,EVE,Exports by Vessel,NGM_EPG0_EVE_NUS-NPO_MMCF,Liquefied U.S. Natural Gas Exports by Vessel to Portugal (Million Cubic Feet),2296.0,MMCF,Portugal
2018-09-01,NUS-NPO,PRT,EPG0,Natural Gas,EVE,Exports by Vessel,NGM_EPG0_EVE_NUS-NPO_MMCF,Liquefied U.S. Natural Gas Exports by Vessel to Portugal (Million Cubic Feet),3670.0,MMCF,Portugal
2018-10-01,NUS-NPO,PRT,EPG0,Natural Gas,EVE,Exports by Vessel,NGM_EPG0_EVE_NUS-NPO_MMCF,Liquefied U.S. Natural Gas Exports by Vessel to Portugal (Million Cubic Feet),0.0,MMCF,Portugal
2018-11-01,NUS-NPO,PRT,EPG0,Natural Gas,EVE,Exports by Vessel,NGM_EPG0_EVE_NUS-NPO_MMCF,Liquefied U.S. Natural Gas Exports by Vessel to Portugal (Million Cubic Feet),0.0,MMCF,Portugal
2018-12-01,NUS-NPO,PRT,EPG0,Natural Gas,EVE,Exports by Vessel,NGM_EPG0_EVE_NUS-NPO_MMCF,Liquefied U.S. Natural Gas Exports by Vessel to Portugal (Million Cubic Feet),3298.0,MMCF,Portugal
2019-01-01,NUS-NPO,PRT,EPG0,Natural Gas,EVE,Exports by Vessel,NGM_EPG0_EVE_NUS-NPO_MMCF,Liquefied U.S. Natural Gas Exports by Vessel to Portugal (Million Cubic Feet),10289.0,MMCF,Portugal
2019-02-01,NUS-NPO,PRT,EPG0,Natural Gas,EVE,Exports by Vessel,NGM_EPG0_EVE_NUS-NPO_MMCF,Liquefied U.S. Natural Gas Exports by Vessel to Portugal (Million Cubic Feet),3720.0,MMCF,Portugal
2019-03-01,NUS-NPO,PRT,EPG0,Natural Gas,EVE,Exports by Vessel,NGM_EPG0_EVE_NUS-NPO_MMCF,Liquefied U.S. Natural Gas Exports by Vessel to Portugal (Million Cubic Feet),0.0,MMCF,Portugal
2019-04-01,NUS-NPO,PRT,EPG0,Natural Gas,EVE,Exports by Vessel,NGM_EPG0_EVE_NUS-NPO_MMCF,Liquefied U.S. Natural Gas Exports by Vessel to Portugal (Million Cubic Feet),3489.0,MMCF,Portugal
2019-05-01,NUS-NPO,PRT,EPG0,Natural Gas,EVE,Exports by Vessel,NGM_EPG0_EVE_NUS-NPO_MMCF,Liquefied U.S. Natural Gas Exports by Vessel to Portugal (Million Cubic Feet),0.0,MMCF,Portugal
2019-06-01,NUS-NPO,PRT,EPG0,Natural Gas,EVE,Exports by Vessel,NGM_EPG0_EVE_NUS-NPO_MMCF,Liquefied U.S. Natural Gas Exports by Vessel to Portugal (Million Cubic Feet),6908.0,MMCF,Portugal
2019-07-01,NUS-NPO,PRT,EPG0,Natural Gas,EVE,Exports by Vessel,NGM_EPG0_EVE_NUS-NPO_MMCF,Liquefied U.S. Natural Gas Exports by Vessel to Portugal (Million Cubic Feet),6994.0,MMCF,Portugal
2019-08-01,NUS-NPO,PRT,EPG0,Natural Gas,EVE,Exports by Vessel,NGM_EPG0_EVE_NUS-NPO_MMCF,Liquefied U.S. Natural Gas Exports by Vessel to Portugal (Million Cubic Feet),6051.0,MMCF,Portugal
2019-09-01,NUS-NPO,PRT,EPG0,Natural Gas,EVE,Exports by Vessel,NGM_EPG0_EVE_NUS-NPO_MMCF,Liquefied U.S. Natural Gas Exports by Vessel to Portugal (Million Cubic Feet),2924.0,MMCF,Portugal
2019-10-01,NUS-NPO,PRT,EPG0,Natural Gas,EVE,Exports by Vessel,NGM_EPG0_EVE_NUS-NPO_MMCF,Liquefied U.S. Natural Gas Exports by Vessel to Portugal (Million Cubic Feet),6621.0,MMCF,Portugal
2019-11-01,NUS-NPO,PRT,EPG0,Natural Gas,EVE,Exports by Vessel,NGM_EPG0_EVE_NUS-NPO_MMCF,Liquefied U.S. Natural Gas Exports by Vessel to Portugal (Million Cubic Feet),0.0,MMCF,Portugal
2019-12-01,NUS-NPO,PRT,EPG0,Natural Gas,EVE,Exports by Vessel,NGM_EPG0_EVE_NUS-NPO_MMCF,Liquefied U.S. Natural Gas Exports by Vessel to Portugal (Million Cubic Feet),6345.0,MMCF,Portugal
2020-01-01,NUS-NPO,PRT,EPG0,Natural Gas,EVE,Exports by Vessel,NGM_EPG0_EVE_NUS-NPO_MMCF,Liquefied U.S. Natural Gas Exports by Vessel to Portugal (Million Cubic Feet),0.0,MMCF,Portugal
2020-02-01,NUS-NPO,PRT,EPG0,Natural Gas,EVE,Exports by Vessel,NGM_EPG0_EVE_NUS-NPO_MMCF,Liquefied U.S. Natural Gas Exports by Vessel to Portugal (Million Cubic Feet),6187.0,MMCF,Portugal
2020-03-01,NUS-NPO,PRT,EPG0,Natural Gas,EVE,Exports by Vessel,NGM_EPG0_EVE_NUS-NPO_MMCF,Liquefied U.S. Natural Gas Exports by Vessel to Portugal (Million Cubic Feet),0.0,MMCF,Portugal
2020-04-01,NUS-NPO,PRT,EPG0,Natural Gas,EVE,Exports by Vessel,NGM_EPG0_EVE_NUS-NPO_MMCF,Liquefied U.S. Natural Gas Exports by Vessel to Portugal (Million Cubic Feet),10777.0,MMCF,Portugal
2020-05-01,NUS-NPO,PRT,EPG0,Natural Gas,EVE,Exports by Vessel,NGM_EPG0_EVE_NUS-NPO_MMCF,Liquefied U.S. Natural Gas Exports by Vessel to Portugal (Million Cubic Feet),0.0,MMCF,Portugal
2020-06-01,NUS-NPO,PRT,EPG0,Natural Gas,EVE,Exports by Vessel,NGM_EPG0_EVE_NUS-NPO_MMCF,Liquefied U.S. Natural Gas Exports by Vessel to Portugal (Million Cubic Feet),0.0,MMCF,Portugal
2020-07-01,NUS-NPO,PRT,EPG0,Natural Gas,EVE,Exports by Vessel,NGM_EPG0_EVE_NUS-NPO_MMCF,Liquefied U.S. Natural Gas Exports by Vessel to Portugal (Million Cubic Feet),0.0,MMCF,Portugal
2020-08-01,NUS-NPO,PRT,EPG0,Natural Gas,EVE,Exports by Vessel,NGM_EPG0_EVE_NUS-NPO_MMCF,Liquefied U.S. Natural Gas Exports by Vessel to Portugal (Million Cubic Feet),0.0,MMCF,Portugal
2020-09-01,NUS-NPO,PRT,EPG0,Natural Gas,EVE,Exports by Vessel,NGM_EPG0_EVE_NUS-NPO_MMCF,Liquefied U.S. Natural Gas Exports by Vessel to Portugal (Million Cubic Feet),6853.0,MMCF,Portugal
2020-10-01,NUS-NPO,PRT,EPG0,Natural Gas,EVE,Exports by Vessel,NGM_EPG0_EVE_NUS-NPO_MMCF,Liquefied U.S. Natural Gas Exports by Vessel to Portugal (Million Cubic Feet),3564.0,MMCF,Portugal
2020-11-01,NUS-NPO,PRT,EPG0,Natural Gas,EVE,Exports by Vessel,NGM_EPG0_EVE_NUS-NPO_MMCF,Liquefied U.S. Natural Gas Exports by Vessel to Portugal (Million Cubic Feet),5830.0,MMCF,Portugal
2020-12-01,NUS-NPO,PRT,EPG0,Natural Gas,EVE,Exports by Vessel,NGM_EPG0_EVE_NUS-NPO_MMCF,Liquefied U.S. Natural Gas Exports by Vessel to Portugal (Million Cubic Feet),3711.0,MMCF,Portugal
2021-01-01,NUS-NPO,PRT,EPG0,Natural Gas,EVE,Exports by Vessel,NGM_EPG0_EVE_NUS-NPO_MMCF,Liquefied U.S. Natural Gas Exports by Vessel to Portugal (Million Cubic Feet),0.0,MMCF,Portugal
2021-02-01,NUS-NPO,PRT,EPG0,Natural Gas,EVE,Exports by Vessel,NGM_EPG0_EVE_NUS-NPO_MMCF,Liquefied U.S. Natural Gas Exports by Vessel to Portugal (Million Cubic Feet),3360.0,MMCF,Portugal
2021-03-01,NUS-NPO,PRT,EPG0,Natural Gas,EVE,Exports by Vessel,NGM_EPG0_EVE_NUS-NPO_MMCF,Liquefied U.S. Natural Gas Exports by Vessel to Portugal (Million Cubic Feet),0.0,MMCF,Portugal
2021-04-01,NUS-NPO,PRT,EPG0,Natural Gas,EVE,Exports by Vessel,NGM_EPG0_EVE_NUS-NPO_MMCF,Liquefied U.S. Natural Gas Exports by Vessel to Portugal (Million Cubic Feet),7358.0,MMCF,Portugal
2021-05-01,NUS-NPO,PRT,EPG0,Natural Gas,EVE,Exports by Vessel,NGM_EPG0_EVE_NUS-NPO_MMCF,Liquefied U.S. Natural Gas Exports by Vessel to Portugal (Million Cubic Feet),10765.0,MMCF,Portugal
2021-06-01,NUS-NPO,PRT,EPG0,Natural Gas,EVE,Exports by Vessel,NGM_EPG0_EVE_NUS-NPO_MMCF,Liquefied U.S. Natural Gas Exports by Vessel to Portugal (Million Cubic Feet),5538.0,MMCF,Portugal
2021-07-01,NUS-NPO,PRT,EPG0,Natural Gas,EVE,Exports by Vessel,NGM_EPG0_EVE_NUS-NPO_MMCF,Liquefied U.S. Natural Gas Exports by Vessel to Portugal (Million Cubic Feet),3296.0,MMCF,Portugal
2021-08-01,NUS-NPO,PRT,EPG0,Natural Gas,EVE,Exports by Vessel,NGM_EPG0_EVE_NUS-NPO_MMCF,Liquefied U.S. Natural Gas Exports by Vessel to Portugal (Million Cubic Feet),6382.0,MMCF,Portugal
2021-09-01,NUS-NPO,PRT,EPG0,Natural Gas,EVE,Exports by Vessel,NGM_EPG0_EVE_NUS-NPO_MMCF,Liquefied U.S. Natural Gas Exports by Vessel to Portugal (Million Cubic Feet),3696.0,MMCF,Portugal
2021-10-01,NUS-NPO,PRT,EPG0,Natural Gas,EVE,Exports by Vessel,NGM_EPG0_EVE_NUS-NPO_MMCF,Liquefied U.S. Natural Gas Exports by Vessel to Portugal (Million Cubic Feet),10459.0,MMCF,Portugal
2021-11-01,NUS-NPO,PRT,EPG0,Natural Gas,EVE,Exports by Vessel,NGM_EPG0_EVE_NUS-NPO_MMCF,Liquefied U.S. Natural Gas Exports by Vessel to Portugal (Million Cubic Feet),5380.0,MMCF,Portugal
2021-12-01,NUS-NPO,PRT,EPG0,Natural Gas,EVE,Exports by Vessel,NGM_EPG0_EVE_NUS-NPO_MMCF,Liquefied U.S. Natural Gas Exports by Vessel to Portugal (Million Cubic Feet),9630.0,MMCF,Portugal
2022-01-01,NUS-NPO,PRT,EPG0,Natural Gas,EVE,Exports by Vessel,NGM_EPG0_EVE_NUS-NPO_MMCF,Liquefied U.S. Natural Gas Exports by Vessel to Portugal (Million Cubic Feet),2868.0,MMCF,Portugal
2022-02-01,NUS-NPO,PRT,EPG0,Natural Gas,EVE,Exports by Vessel,NGM_EPG0_EVE_NUS-NPO_MMCF,Liquefied U.S. Natural Gas Exports by Vessel to Portugal (Million Cubic Feet),3703.0,MMCF,Portugal
2022-03-01,NUS-NPO,PRT,EPG0,Natural Gas,EVE,Exports by Vessel,NGM_EPG0_EVE_NUS-NPO_MMCF,Liquefied U.S. Natural Gas Exports by Vessel to Portugal (Million Cubic Feet),10728.0,MMCF,Portugal
2022-04-01,NUS-NPO,PRT,EPG0,Natural Gas,EVE,Exports by Vessel,NGM_EPG0_EVE_NUS-NPO_MMCF,Liquefied U.S. Natural Gas Exports by Vessel to Portugal (Million Cubic Feet),6632.0,MMCF,Portugal
2022-05-01,NUS-NPO,PRT,EPG0,Natural Gas,EVE,Exports by Vessel,NGM_EPG0_EVE_NUS-NPO_MMCF,Liquefied U.S. Natural Gas Exports by Vessel to Portugal (Million Cubic Feet),3888.0,MMCF,Portugal
2022-06-01,NUS-NPO,PRT,EPG0,Natural Gas,EVE,Exports by Vessel,NGM_EPG0_EVE_NUS-NPO_MMCF,Liquefied U.S. Natural Gas Exports by Vessel to Portugal (Million Cubic Feet),5582.0,MMCF,Portugal
2022-07-01,NUS-NPO,PRT,EPG0,Natural Gas,EVE,Exports by Vessel,NGM_EPG0_EVE_NUS-NPO_MMCF,Liquefied U.S. Natural Gas Exports by Vessel to Portugal (Million Cubic Feet),6412.0,MMCF,Portugal
2022-08-01,NUS-NPO,PRT,EPG0,Natural Gas,EVE,Exports by Vessel,NGM_EPG0_EVE_NUS-NPO_MMCF,Liquefied U.S. Natural Gas Exports by Vessel to Portugal (Million Cubic Feet),3202.0,MMCF,Portugal
2022-09-01,NUS-NPO,PRT,EPG0,Natural Gas,EVE,Exports by Vessel,NGM_EPG0_EVE_NUS-NPO_MMCF,Liquefied U.S. Natural Gas Exports by Vessel to Portugal (Million Cubic Feet),5806.0,MMCF,Portugal
2022-10-01,NUS-NPO,PRT,EPG0,Natural Gas,EVE,Exports by Vessel,NGM_EPG0_EVE_NUS-NPO_MMCF,Liquefied U.S. Natural Gas Exports by Vessel to Portugal (Million Cubic Feet),7005.0,MMCF,Portugal
2022-11-01,NUS-NPO,PRT,EPG0,Natural Gas,EVE,Exports by Vessel,NGM_EPG0_EVE_NUS-NPO_MMCF,Liquefied U.S. Natural Gas Exports by Vessel to Portugal (Million Cubic Feet),3732.0,MMCF,Portugal
2022-12-01,NUS-NPO,PRT,EPG0,Natural Gas,EVE,Exports by Vessel,NGM_EPG0_EVE_NUS-NPO_MMCF,Liquefied U.S. Natural Gas Exports by Vessel to Portugal (Million Cubic Feet),10025.0,MMCF,Portugal
2023-01-01,NUS-NPO,PRT,EPG0,Natural Gas,EVE,Exports by Vessel,NGM_EPG0_EVE_NUS-NPO_MMCF,Liquefied U.S. Natural Gas Exports by Vessel to Portugal (Million Cubic Feet),6816.0,MMCF,Portugal
2023-02-01,NUS-NPO,PRT,EPG0,Natural Gas,EVE,Exports by Vessel,NGM_EPG0_EVE_NUS-NPO_MMCF,Liquefied U.S. Natural Gas Exports by Vessel to Portugal (Million Cubic Feet),6138.0,MMCF,Portugal
2023-03-01,NUS-NPO,PRT,EPG0,Natural Gas,EVE,Exports by Vessel,NGM_EPG0_EVE_NUS-NPO_MMCF,Liquefied U.S. Natural Gas Exports by Vessel to Portugal (Million Cubic Feet),6133.0,MMCF,Portugal
2023-04-01,NUS-NPO,PRT,EPG0,Natural Gas,EVE,Exports by Vessel,NGM_EPG0_EVE_NUS-NPO_MMCF,Liquefied U.S. Natural Gas Exports by Vessel to Portugal (Million Cubic Feet),4237.0,MMCF,Portugal
2023-05-01,NUS-NPO,PRT,EPG0,Natural Gas,EVE,Exports by Vessel,NGM_EPG0_EVE_NUS-NPO_MMCF,Liquefied U.S. Natural Gas Exports by Vessel to Portugal (Million Cubic Feet),10424.0,MMCF,Portugal
2023-06-01,NUS-NPO,PRT,EPG0,Natural Gas,EVE,Exports by Vessel,NGM_EPG0_EVE_NUS-NPO_MMCF,Liquefied U.S. Natural Gas Exports by Vessel to Portugal (Million Cubic Feet),3194.0,MMCF,Portugal
2023-07-01,NUS-NPO,PRT,EPG0,Natural Gas,EVE,Exports by Vessel,NGM_EPG0_EVE_NUS-NPO_MMCF,Liquefied U.S. Natural Gas Exports by Vessel to Portugal (Million Cubic Feet),9845.0,MMCF,Portugal
2023-08-01,NUS-NPO,PRT,EPG0,Natural Gas,EVE,Exports by Vessel,NGM_EPG0_EVE_NUS-NPO_MMCF,Liquefied U.S. Natural Gas Exports by Vessel to Portugal (Million Cubic Feet),6660.0,MMCF,Portugal
2023-09-01,NUS-NPO,PRT,EPG0,Natural Gas,EVE,Exports by Vessel,NGM_EPG0_EVE_NUS-NPO_MMCF,Liquefied U.S. Natural Gas Exports by Vessel to Portugal (Million Cubic Feet),6135.0,MMCF,Portugal
2023-10-01,NUS-NPO,PRT,EPG0,Natural Gas,EVE,Exports by Vessel,NGM_EPG0_EVE_NUS-NPO_MMCF,Liquefied U.S. Natural Gas Exports by Vessel to Portugal (Million Cubic Feet),7125.0,MMCF,Portugal
2023-11-01,NUS-NPO,PRT,EPG0,Natural Gas,EVE,Exports by Vessel,NGM_EPG0_EVE_NUS-NPO_MMCF,Liquefied U.S. Natural Gas Exports by Vessel to Portugal (Million Cubic Feet),3204.0,MMCF,Portugal
2023-12-01,NUS-NPO,PRT,EPG0,Natural Gas,EVE,Exports by Vessel,NGM_EPG0_EVE_NUS-NPO_MMCF,Liquefied U.S. Natural Gas Exports by Vessel to Portugal (Million Cubic Feet),2945.0,MMCF,Portugal
2024-01-01,NUS-NPO,PRT,EPG0,Natural Gas,EVE,Exports by Vessel,NGM_EPG0_EVE_NUS-NPO_MMCF,Liquefied U.S. Natural Gas Exports by Vessel to Portugal (Million Cubic Feet),9503.0,MMCF,Portugal
2024-02-01,NUS-NPO,PRT,EPG0,Natural Gas,EVE,Exports by Vessel,NGM_EPG0_EVE_NUS-NPO_MMCF,Liquefied U.S. Natural Gas Exports by Vessel to Portugal (Million Cubic Feet),9384.0,MMCF,Portugal
2024-03-01,NUS-NPO,PRT,EPG0,Natural Gas,EVE,Exports by Vessel,NGM_EPG0_EVE_NUS-NPO_MMCF,Liquefied U.S. Natural Gas Exports by Vessel to Portugal (Million Cubic Feet),2932.0,MMCF,Portugal
2024-04-01,NUS-NPO,PRT,EPG0,Natural Gas,EVE,Exports by Vessel,NGM_EPG0_EVE_NUS-NPO_MMCF,Liquefied U.S. Natural Gas Exports by Vessel to Portugal (Million Cubic Feet),6469.0,MMCF,Portugal
2024-05-01,NUS-NPO,PRT,EPG0,Natural Gas,EVE,Exports by Vessel,NGM_EPG0_EVE_NUS-NPO_MMCF,Liquefied U.S. Natural Gas Exports by Vessel to Portugal (Million Cubic Feet),4238.0,MMCF,Portugal
2024-06-01,NUS-NPO,PRT,EPG0,Natural Gas,EVE,Exports by Vessel,NGM_EPG0_EVE_NUS-NPO_MMCF,Liquefied U.S. Natural Gas Exports by Vessel to Portugal (Million Cubic Feet),3743.0,MMCF,Portugal
2024-07-01,NUS-NPO,PRT,EPG0,Natural Gas,EVE,Exports by Vessel,NGM_EPG0_EVE_NUS-NPO_MMCF,Liquefied U.S. Natural Gas Exports by Vessel to Portugal (Million Cubic Feet),6314.0,MMCF,Portugal
2024-08-01,NUS-NPO,PRT,EPG0,Natural Gas,EVE,Exports by Vessel,NGM_EPG0_EVE_NUS-NPO_MMCF,Liquefied U.S. Natural Gas Exports by Vessel to Portugal (Million Cubic Feet),6188.0,MMCF,Portugal
2024-09-01,NUS-NPO,PRT,EPG0,Natural Gas,EVE,Exports by Vessel,NGM_EPG0_EVE_NUS-NPO_MMCF,Liquefied U.S. Natural Gas Exports by Vessel to Portugal (Million Cubic Feet),6435.0,MMCF,Portugal
2024-10-01,NUS-NPO,PRT,EPG0,Natural Gas,EVE,Exports by Vessel,NGM_EPG0_EVE_NUS-NPO_MMCF,Liquefied U.S. Natural Gas Exports by Vessel to Portugal (Million Cubic Feet),3070.0,MMCF,Portugal
2024-11-01,NUS-NPO,PRT,EPG0,Natural Gas,EVE,Exports by Vessel,NGM_EPG0_EVE_NUS-NPO_MMCF,Liquefied U.S. Natural Gas Exports by Vessel to Portugal (Million Cubic Feet),6386.0,MMCF,Portugal
2024-12-01,NUS-NPO,PRT,EPG0,Natural Gas,EVE,Exports by Vessel,NGM_EPG0_EVE_NUS-NPO_MMCF,Liquefied U.S. Natural Gas Exports by Vessel to Portugal (Million Cubic Feet),3068.0,MMCF,Portugal
2025-01-01,NUS-NPO,PRT,EPG0,Natural Gas,EVE,Exports by Vessel,NGM_EPG0_EVE_NUS-NPO_MMCF,Liquefied U.S. Natural Gas Exports by Vessel to Portugal (Million Cubic Feet),10626.0,MMCF,Portugal
2025-02-01,NUS-NPO,PRT,EPG0,Natural Gas,EVE,Exports by Vessel,NGM_EPG0_EVE_NUS-NPO_MMCF,Liquefied U.S. Natural Gas Exports by Vessel to Portugal (Million Cubic Feet),3492.0,MMCF,Portugal
2025-03-01,NUS-NPO,PRT,EPG0,Natural Gas,EVE,Exports by Vessel,NGM_EPG0_EVE_NUS-NPO_MMCF,Liquefied U.S. Natural Gas Exports by Vessel to Portugal (Million Cubic Feet),3579.0,MMCF,Portugal
2025-04-01,NUS-NPO,PRT,EPG0,Natural Gas,EVE,Exports by Vessel,NGM_EPG0_EVE_NUS-NPO_MMCF,Liquefied U.S. Natural Gas Exports by Vessel to Portugal (Million Cubic Feet),3491.0,MMCF,Portugal
2025-05-01,NUS-NPO,PRT,EPG0,Natural Gas,EVE,Exports by Vessel,NGM_EPG0_EVE_NUS-NPO_MMCF,Liquefied U.S. Natural Gas Exports by Vessel to Portugal (Million Cubic Feet),3499.0,MMCF,Portugal
2025-06-01,NUS-NPO,PRT,EPG0,Natural Gas,EVE,Exports by Vessel,NGM_EPG0_EVE_NUS-NPO_MMCF,Liquefied U.S. Natural Gas Exports by Vessel to Portugal (Million Cubic Feet),6649.0,MMCF,Portugal
2025-07-01,NUS-NPO,PRT,EPG0,Natural Gas,EVE,Exports by Vessel,NGM_EPG0_EVE_NUS-NPO_MMCF,Liquefied U.S. Natural Gas Exports by Vessel to Portugal (Million Cubic Feet),3279.0,MMCF,Portugal
2025-08-01,NUS-NPO,PRT,EPG0,Natural Gas,EVE,Exports by Vessel,NGM_EPG0_EVE_NUS-NPO_MMCF,Liquefied U.S. Natural Gas Exports by Vessel to Portugal (Million Cubic Feet),10871.0,MMCF,Portugal
2025-09-01,NUS-NPO,PRT,EPG0,Natural Gas,EVE,Exports by Vessel,NGM_EPG0_EVE_NUS-NPO_MMCF,Liquefied U.S. Natural Gas Exports by Vessel to Portugal (Million Cubic Feet),10822.0,MMCF,Portugal
2025-10-01,NUS-NPO,PRT,EPG0,Natural Gas,EVE,Exports by Vessel,NGM_EPG0_EVE_NUS-NPO_MMCF,Liquefied U.S. Natural Gas Exports by Vessel to Portugal (Million Cubic Feet),3499.0,MMCF,Portugal
2025-11-01,NUS-NPO,PRT,EPG0,Natural Gas,EVE,Exports by Vessel,NGM_EPG0_EVE_NUS-NPO_MMCF,Liquefied U.S. Natural Gas Exports by Vessel to Portugal (Million Cubic Feet),3504.0,MMCF,Portugal
2025-12-01,NUS-NPO,PRT,EPG0,Natural Gas,EVE,Exports by Vessel,NGM_EPG0_EVE_NUS-NPO_MMCF,Liquefied U.S. Natural Gas Exports by Vessel to Portugal (Million Cubic Feet),3508.0,MMCF,Portugal
2026-01-01,NUS-NPO,PRT,EPG0,Natural Gas,EVE,Exports by Vessel,NGM_EPG0_EVE_NUS-NPO_MMCF,Liquefied U.S. Natural Gas Exports by Vessel to Portugal (Million Cubic Feet),3212.0,MMCF,Portugal
2018-01-01,NUS-NGR,GRC,EPG0,Natural Gas,EVE,Exports by Vessel,NGM_EPG0_EVE_NUS-NGR_MMCF,Liquefied U.S. Natural Gas Exports by Vessels to Greece (Million Cubic Feet),0.0,MMCF,Greece
2018-02-01,NUS-NGR,GRC,EPG0,Natural Gas,EVE,Exports by Vessel,NGM_EPG0_EVE_NUS-NGR_MMCF,Liquefied U.S. Natural Gas Exports by Vessels to Greece (Million Cubic Feet),0.0,MMCF,Greece
2018-03-01,NUS-NGR,GRC,EPG0,Natural Gas,EVE,Exports by Vessel,NGM_EPG0_EVE_NUS-NGR_MMCF,Liquefied U.S. Natural Gas Exports by Vessels to Greece (Million Cubic Feet),0.0,MMCF,Greece
2018-04-01,NUS-NGR,GRC,EPG0,Natural Gas,EVE,Exports by Vessel,NGM_EPG0_EVE_NUS-NGR_MMCF,Liquefied U.S. Natural Gas Exports by Vessels to Greece (Million Cubic Feet),0.0,MMCF,Greece
2018-05-01,NUS-NGR,GRC,EPG0,Natural Gas,EVE,Exports by Vessel,NGM_EPG0_EVE_NUS-NGR_MMCF,Liquefied U.S. Natural Gas Exports by Vessels to Greece (Million Cubic Feet),0.0,MMCF,Greece
2018-06-01,NUS-NGR,GRC,EPG0,Natural Gas,EVE,Exports by Vessel,NGM_EPG0_EVE_NUS-NGR_MMCF,Liquefied U.S. Natural Gas Exports by Vessels to Greece (Million Cubic Feet),0.0,MMCF,Greece
2018-07-01,NUS-NGR,GRC,EPG0,Natural Gas,EVE,Exports by Vessel,NGM_EPG0_EVE_NUS-NGR_MMCF,Liquefied U.S. Natural Gas Exports by Vessels to Greece (Million Cubic Feet),0.0,MMCF,Greece
2018-08-01,NUS-NGR,GRC,EPG0,Natural Gas,EVE,Exports by Vessel,NGM_EPG0_EVE_NUS-NGR_MMCF,Liquefied U.S. Natural Gas Exports by Vessels to Greece (Million Cubic Feet),0.0,MMCF,Greece
2018-09-01,NUS-NGR,GRC,EPG0,Natural Gas,EVE,Exports by Vessel,NGM_EPG0_EVE_NUS-NGR_MMCF,Liquefied U.S. Natural Gas Exports by Vessels to Greece (Million Cubic Feet),0.0,MMCF,Greece
2018-10-01,NUS-NGR,GRC,EPG0,Natural Gas,EVE,Exports by Vessel,NGM_EPG0_EVE_NUS-NGR_MMCF,Liquefied U.S. Natural Gas Exports by Vessels to Greece (Million Cubic Feet),0.0,MMCF,Greece
2018-11-01,NUS-NGR,GRC,EPG0,Natural Gas,EVE,Exports by Vessel,NGM_EPG0_EVE_NUS-NGR_MMCF,Liquefied U.S. Natural Gas Exports by Vessels to Greece (Million Cubic Feet),0.0,MMCF,Greece
2018-12-01,NUS-NGR,GRC,EPG0,Natural Gas,EVE,Exports by Vessel,NGM_EPG0_EVE_NUS-NGR_MMCF,Liquefied U.S. Natural Gas Exports by Vessels to Greece (Million Cubic Feet),3722.0,MMCF,Greece
2019-01-01,NUS-NGR,GRC,EPG0,Natural Gas,EVE,Exports by Vessel,NGM_EPG0_EVE_NUS-NGR_MMCF,Liquefied U.S. Natural Gas Exports by Vessels to Greece (Million Cubic Feet),0.0,MMCF,Greece
2019-02-01,NUS-NGR,GRC,EPG0,Natural Gas,EVE,Exports by Vessel,NGM_EPG0_EVE_NUS-NGR_MMCF,Liquefied U.S. Natural Gas Exports by Vessels to Greece (Million Cubic Feet),3394.0,MMCF,Greece
2019-03-01,NUS-NGR,GRC,EPG0,Natural Gas,EVE,Exports by Vessel,NGM_EPG0_EVE_NUS-NGR_MMCF,Liquefied U.S. Natural Gas Exports by Vessels to Greece (Million Cubic Feet),0.0,MMCF,Greece
2019-04-01,NUS-NGR,GRC,EPG0,Natural Gas,EVE,Exports by Vessel,NGM_EPG0_EVE_NUS-NGR_MMCF,Liquefied U.S. Natural Gas Exports by Vessels to Greece (Million Cubic Feet),0.0,MMCF,Greece
2019-05-01,NUS-NGR,GRC,EPG0,Natural Gas,EVE,Exports by Vessel,NGM_EPG0_EVE_NUS-NGR_MMCF,Liquefied U.S. Natural Gas Exports by Vessels to Greece (Million Cubic Feet),3497.0,MMCF,Greece
2019-06-01,NUS-NGR,GRC,EPG0,Natural Gas,EVE,Exports by Vessel,NGM_EPG0_EVE_NUS-NGR_MMCF,Liquefied U.S. Natural Gas Exports by Vessels to Greece (Million Cubic Feet),0.0,MMCF,Greece
2019-07-01,NUS-NGR,GRC,EPG0,Natural Gas,EVE,Exports by Vessel,NGM_EPG0_EVE_NUS-NGR_MMCF,Liquefied U.S. Natural Gas Exports by Vessels to Greece (Million Cubic Feet),0.0,MMCF,Greece
2019-08-01,NUS-NGR,GRC,EPG0,Natural Gas,EVE,Exports by Vessel,NGM_EPG0_EVE_NUS-NGR_MMCF,Liquefied U.S. Natural Gas Exports by Vessels to Greece (Million Cubic Feet),0.0,MMCF,Greece
2019-09-01,NUS-NGR,GRC,EPG0,Natural Gas,EVE,Exports by Vessel,NGM_EPG0_EVE_NUS-NGR_MMCF,Liquefied U.S. Natural Gas Exports by Vessels to Greece (Million Cubic Feet),0.0,MMCF,Greece
2019-10-01,NUS-NGR,GRC,EPG0,Natural Gas,EVE,Exports by Vessel,NGM_EPG0_EVE_NUS-NGR_MMCF,Liquefied U.S. Natural Gas Exports by Vessels to Greece (Million Cubic Feet),0.0,MMCF,Greece
2019-11-01,NUS-NGR,GRC,EPG0,Natural Gas,EVE,Exports by Vessel,NGM_EPG0_EVE_NUS-NGR_MMCF,Liquefied U.S. Natural Gas Exports by Vessels to Greece (Million Cubic Feet),0.0,MMCF,Greece
2019-12-01,NUS-NGR,GRC,EPG0,Natural Gas,EVE,Exports by Vessel,NGM_EPG0_EVE_NUS-NGR_MMCF,Liquefied U.S. Natural Gas Exports by Vessels to Greece (Million Cubic Feet),7752.0,MMCF,Greece
2020-01-01,NUS-NGR,GRC,EPG0,Natural Gas,EVE,Exports by Vessel,NGM_EPG0_EVE_NUS-NGR_MMCF,Liquefied U.S. Natural Gas Exports by Vessels to Greece (Million Cubic Feet),11276.0,MMCF,Greece
2020-02-01,NUS-NGR,GRC,EPG0,Natural Gas,EVE,Exports by Vessel,NGM_EPG0_EVE_NUS-NGR_MMCF,Liquefied U.S. Natural Gas Exports by Vessels to Greece (Million Cubic Feet),0.0,MMCF,Greece
2020-03-01,NUS-NGR,GRC,EPG0,Natural Gas,EVE,Exports by Vessel,NGM_EPG0_EVE_NUS-NGR_MMCF,Liquefied U.S. Natural Gas Exports by Vessels to Greece (Million Cubic Feet),8892.0,MMCF,Greece
2020-04-01,NUS-NGR,GRC,EPG0,Natural Gas,EVE,Exports by Vessel,NGM_EPG0_EVE_NUS-NGR_MMCF,Liquefied U.S. Natural Gas Exports by Vessels to Greece (Million Cubic Feet),3233.0,MMCF,Greece
2020-05-01,NUS-NGR,GRC,EPG0,Natural Gas,EVE,Exports by Vessel,NGM_EPG0_EVE_NUS-NGR_MMCF,Liquefied U.S. Natural Gas Exports by Vessels to Greece (Million Cubic Feet),3430.0,MMCF,Greece
2020-06-01,NUS-NGR,GRC,EPG0,Natural Gas,EVE,Exports by Vessel,NGM_EPG0_EVE_NUS-NGR_MMCF,Liquefied U.S. Natural Gas Exports by Vessels to Greece (Million Cubic Feet),1076.0,MMCF,Greece
2020-07-01,NUS-NGR,GRC,EPG0,Natural Gas,EVE,Exports by Vessel,NGM_EPG0_EVE_NUS-NGR_MMCF,Liquefied U.S. Natural Gas Exports by Vessels to Greece (Million Cubic Feet),6544.0,MMCF,Greece
2020-08-01,NUS-NGR,GRC,EPG0,Natural Gas,EVE,Exports by Vessel,NGM_EPG0_EVE_NUS-NGR_MMCF,Liquefied U.S. Natural Gas Exports by Vessels to Greece (Million Cubic Feet),0.0,MMCF,Greece
2020-09-01,NUS-NGR,GRC,EPG0,Natural Gas,EVE,Exports by Vessel,NGM_EPG0_EVE_NUS-NGR_MMCF,Liquefied U.S. Natural Gas Exports by Vessels to Greece (Million Cubic Feet),7027.0,MMCF,Greece
2020-10-01,NUS-NGR,GRC,EPG0,Natural Gas,EVE,Exports by Vessel,NGM_EPG0_EVE_NUS-NGR_MMCF,Liquefied U.S. Natural Gas Exports by Vessels to Greece (Million Cubic Feet),0.0,MMCF,Greece
2020-11-01,NUS-NGR,GRC,EPG0,Natural Gas,EVE,Exports by Vessel,NGM_EPG0_EVE_NUS-NGR_MMCF,Liquefied U.S. Natural Gas Exports by Vessels to Greece (Million Cubic Feet),3543.0,MMCF,Greece
2020-12-01,NUS-NGR,GRC,EPG0,Natural Gas,EVE,Exports by Vessel,NGM_EPG0_EVE_NUS-NGR_MMCF,Liquefied U.S. Natural Gas Exports by Vessels to Greece (Million Cubic Feet),3382.0,MMCF,Greece
2021-01-01,NUS-NGR,GRC,EPG0,Natural Gas,EVE,Exports by Vessel,NGM_EPG0_EVE_NUS-NGR_MMCF,Liquefied U.S. Natural Gas Exports by Vessels to Greece (Million Cubic Feet),600.0,MMCF,Greece
2021-02-01,NUS-NGR,GRC,EPG0,Natural Gas,EVE,Exports by Vessel,NGM_EPG0_EVE_NUS-NGR_MMCF,Liquefied U.S. Natural Gas Exports by Vessels to Greece (Million Cubic Feet),0.0,MMCF,Greece
2021-03-01,NUS-NGR,GRC,EPG0,Natural Gas,EVE,Exports by Vessel,NGM_EPG0_EVE_NUS-NGR_MMCF,Liquefied U.S. Natural Gas Exports by Vessels to Greece (Million Cubic Feet),6805.0,MMCF,Greece
2021-04-01,NUS-NGR,GRC,EPG0,Natural Gas,EVE,Exports by Vessel,NGM_EPG0_EVE_NUS-NGR_MMCF,Liquefied U.S. Natural Gas Exports by Vessels to Greece (Million Cubic Feet),0.0,MMCF,Greece
2021-05-01,NUS-NGR,GRC,EPG0,Natural Gas,EVE,Exports by Vessel,NGM_EPG0_EVE_NUS-NGR_MMCF,Liquefied U.S. Natural Gas Exports by Vessels to Greece (Million Cubic Feet),6796.0,MMCF,Greece
2021-06-01,NUS-NGR,GRC,EPG0,Natural Gas,EVE,Exports by Vessel,NGM_EPG0_EVE_NUS-NGR_MMCF,Liquefied U.S. Natural Gas Exports by Vessels to Greece (Million Cubic Feet),0.0,MMCF,Greece
2021-07-01,NUS-NGR,GRC,EPG0,Natural Gas,EVE,Exports by Vessel,NGM_EPG0_EVE_NUS-NGR_MMCF,Liquefied U.S. Natural Gas Exports by Vessels to Greece (Million Cubic Feet),6651.0,MMCF,Greece
2021-08-01,NUS-NGR,GRC,EPG0,Natural Gas,EVE,Exports by Vessel,NGM_EPG0_EVE_NUS-NGR_MMCF,Liquefied U.S. Natural Gas Exports by Vessels to Greece (Million Cubic Feet),3607.0,MMCF,Greece
2021-09-01,NUS-NGR,GRC,EPG0,Natural Gas,EVE,Exports by Vessel,NGM_EPG0_EVE_NUS-NGR_MMCF,Liquefied U.S. Natural Gas Exports by Vessels to Greece (Million Cubic Feet),799.0,MMCF,Greece
2021-10-01,NUS-NGR,GRC,EPG0,Natural Gas,EVE,Exports by Vessel,NGM_EPG0_EVE_NUS-NGR_MMCF,Liquefied U.S. Natural Gas Exports by Vessels to Greece (Million Cubic Feet),1515.0,MMCF,Greece
2021-11-01,NUS-NGR,GRC,EPG0,Natural Gas,EVE,Exports by Vessel,NGM_EPG0_EVE_NUS-NGR_MMCF,Liquefied U.S. Natural Gas Exports by Vessels to Greece (Million Cubic Feet),7629.0,MMCF,Greece
2021-12-01,NUS-NGR,GRC,EPG0,Natural Gas,EVE,Exports by Vessel,NGM_EPG0_EVE_NUS-NGR_MMCF,Liquefied U.S. Natural Gas Exports by Vessels to Greece (Million Cubic Feet),5305.0,MMCF,Greece
2022-01-01,NUS-NGR,GRC,EPG0,Natural Gas,EVE,Exports by Vessel,NGM_EPG0_EVE_NUS-NGR_MMCF,Liquefied U.S. Natural Gas Exports by Vessels to Greece (Million Cubic Feet),1802.0,MMCF,Greece
2022-02-01,NUS-NGR,GRC,EPG0,Natural Gas,EVE,Exports by Vessel,NGM_EPG0_EVE_NUS-NGR_MMCF,Liquefied U.S. Natural Gas Exports by Vessels to Greece (Million Cubic Feet),8094.0,MMCF,Greece
2022-03-01,NUS-NGR,GRC,EPG0,Natural Gas,EVE,Exports by Vessel,NGM_EPG0_EVE_NUS-NGR_MMCF,Liquefied U.S. Natural Gas Exports by Vessels to Greece (Million Cubic Feet),4116.0,MMCF,Greece
2022-04-01,NUS-NGR,GRC,EPG0,Natural Gas,EVE,Exports by Vessel,NGM_EPG0_EVE_NUS-NGR_MMCF,Liquefied U.S. Natural Gas Exports by Vessels to Greece (Million Cubic Feet),1336.0,MMCF,Greece
2022-05-01,NUS-NGR,GRC,EPG0,Natural Gas,EVE,Exports by Vessel,NGM_EPG0_EVE_NUS-NGR_MMCF,Liquefied U.S. Natural Gas Exports by Vessels to Greece (Million Cubic Feet),12650.0,MMCF,Greece
2022-06-01,NUS-NGR,GRC,EPG0,Natural Gas,EVE,Exports by Vessel,NGM_EPG0_EVE_NUS-NGR_MMCF,Liquefied U.S. Natural Gas Exports by Vessels to Greece (Million Cubic Feet),9633.0,MMCF,Greece
2022-07-01,NUS-NGR,GRC,EPG0,Natural Gas,EVE,Exports by Vessel,NGM_EPG0_EVE_NUS-NGR_MMCF,Liquefied U.S. Natural Gas Exports by Vessels to Greece (Million Cubic Feet),12922.0,MMCF,Greece
2022-08-01,NUS-NGR,GRC,EPG0,Natural Gas,EVE,Exports by Vessel,NGM_EPG0_EVE_NUS-NGR_MMCF,Liquefied U.S. Natural Gas Exports by Vessels to Greece (Million Cubic Feet),10763.0,MMCF,Greece
2022-09-01,NUS-NGR,GRC,EPG0,Natural Gas,EVE,Exports by Vessel,NGM_EPG0_EVE_NUS-NGR_MMCF,Liquefied U.S. Natural Gas Exports by Vessels to Greece (Million Cubic Feet),0.0,MMCF,Greece
2022-10-01,NUS-NGR,GRC,EPG0,Natural Gas,EVE,Exports by Vessel,NGM_EPG0_EVE_NUS-NGR_MMCF,Liquefied U.S. Natural Gas Exports by Vessels to Greece (Million Cubic Feet),4424.0,MMCF,Greece
2022-11-01,NUS-NGR,GRC,EPG0,Natural Gas,EVE,Exports by Vessel,NGM_EPG0_EVE_NUS-NGR_MMCF,Liquefied U.S. Natural Gas Exports by Vessels to Greece (Million Cubic Feet),421.0,MMCF,Greece
2022-12-01,NUS-NGR,GRC,EPG0,Natural Gas,EVE,Exports by Vessel,NGM_EPG0_EVE_NUS-NGR_MMCF,Liquefied U.S. Natural Gas Exports by Vessels to Greece (Million Cubic Feet),2869.0,MMCF,Greece
2023-01-01,NUS-NGR,GRC,EPG0,Natural Gas,EVE,Exports by Vessel,NGM_EPG0_EVE_NUS-NGR_MMCF,Liquefied U.S. Natural Gas Exports by Vessels to Greece (Million Cubic Feet),3207.0,MMCF,Greece
2023-02-01,NUS-NGR,GRC,EPG0,Natural Gas,EVE,Exports by Vessel,NGM_EPG0_EVE_NUS-NGR_MMCF,Liquefied U.S. Natural Gas Exports by Vessels to Greece (Million Cubic Feet),6781.0,MMCF,Greece
2023-03-01,NUS-NGR,GRC,EPG0,Natural Gas,EVE,Exports by Vessel,NGM_EPG0_EVE_NUS-NGR_MMCF,Liquefied U.S. Natural Gas Exports by Vessels to Greece (Million Cubic Feet),3156.0,MMCF,Greece
2023-04-01,NUS-NGR,GRC,EPG0,Natural Gas,EVE,Exports by Vessel,NGM_EPG0_EVE_NUS-NGR_MMCF,Liquefied U.S. Natural Gas Exports by Vessels to Greece (Million Cubic Feet),3905.0,MMCF,Greece
2023-05-01,NUS-NGR,GRC,EPG0,Natural Gas,EVE,Exports by Vessel,NGM_EPG0_EVE_NUS-NGR_MMCF,Liquefied U.S. Natural Gas Exports by Vessels to Greece (Million Cubic Feet),4498.0,MMCF,Greece
2023-06-01,NUS-NGR,GRC,EPG0,Natural Gas,EVE,Exports by Vessel,NGM_EPG0_EVE_NUS-NGR_MMCF,Liquefied U.S. Natural Gas Exports by Vessels to Greece (Million Cubic Feet),2924.0,MMCF,Greece
2023-07-01,NUS-NGR,GRC,EPG0,Natural Gas,EVE,Exports by Vessel,NGM_EPG0_EVE_NUS-NGR_MMCF,Liquefied U.S. Natural Gas Exports by Vessels to Greece (Million Cubic Feet),0.0,MMCF,Greece
2023-08-01,NUS-NGR,GRC,EPG0,Natural Gas,EVE,Exports by Vessel,NGM_EPG0_EVE_NUS-NGR_MMCF,Liquefied U.S. Natural Gas Exports by Vessels to Greece (Million Cubic Feet),4700.0,MMCF,Greece
2023-09-01,NUS-NGR,GRC,EPG0,Natural Gas,EVE,Exports by Vessel,NGM_EPG0_EVE_NUS-NGR_MMCF,Liquefied U.S. Natural Gas Exports by Vessels to Greece (Million Cubic Feet),1968.0,MMCF,Greece
2023-10-01,NUS-NGR,GRC,EPG0,Natural Gas,EVE,Exports by Vessel,NGM_EPG0_EVE_NUS-NGR_MMCF,Liquefied U.S. Natural Gas Exports by Vessels to Greece (Million Cubic Feet),0.0,MMCF,Greece
2023-11-01,NUS-NGR,GRC,EPG0,Natural Gas,EVE,Exports by Vessel,NGM_EPG0_EVE_NUS-NGR_MMCF,Liquefied U.S. Natural Gas Exports by Vessels to Greece (Million Cubic Feet),0.0,MMCF,Greece
2023-12-01,NUS-NGR,GRC,EPG0,Natural Gas,EVE,Exports by Vessel,NGM_EPG0_EVE_NUS-NGR_MMCF,Liquefied U.S. Natural Gas Exports by Vessels to Greece (Million Cubic Feet),8287.0,MMCF,Greece
2024-01-01,NUS-NGR,GRC,EPG0,Natural Gas,EVE,Exports by Vessel,NGM_EPG0_EVE_NUS-NGR_MMCF,Liquefied U.S. Natural Gas Exports by Vessels to Greece (Million Cubic Feet),7153.0,MMCF,Greece
2024-02-01,NUS-NGR,GRC,EPG0,Natural Gas,EVE,Exports by Vessel,NGM_EPG0_EVE_NUS-NGR_MMCF,Liquefied U.S. Natural Gas Exports by Vessels to Greece (Million Cubic Feet),3136.0,MMCF,Greece
2024-03-01,NUS-NGR,GRC,EPG0,Natural Gas,EVE,Exports by Vessel,NGM_EPG0_EVE_NUS-NGR_MMCF,Liquefied U.S. Natural Gas Exports by Vessels to Greece (Million Cubic Feet),3240.0,MMCF,Greece
2024-04-01,NUS-NGR,GRC,EPG0,Natural Gas,EVE,Exports by Vessel,NGM_EPG0_EVE_NUS-NGR_MMCF,Liquefied U.S. Natural Gas Exports by Vessels to Greece (Million Cubic Feet),0.0,MMCF,Greece
2024-05-01,NUS-NGR,GRC,EPG0,Natural Gas,EVE,Exports by Vessel,NGM_EPG0_EVE_NUS-NGR_MMCF,Liquefied U.S. Natural Gas Exports by Vessels to Greece (Million Cubic Feet),5182.0,MMCF,Greece
2024-06-01,NUS-NGR,GRC,EPG0,Natural Gas,EVE,Exports by Vessel,NGM_EPG0_EVE_NUS-NGR_MMCF,Liquefied U.S. Natural Gas Exports by Vessels to Greece (Million Cubic Feet),3702.0,MMCF,Greece
2024-07-01,NUS-NGR,GRC,EPG0,Natural Gas,EVE,Exports by Vessel,NGM_EPG0_EVE_NUS-NGR_MMCF,Liquefied U.S. Natural Gas Exports by Vessels to Greece (Million Cubic Feet),1208.0,MMCF,Greece
2024-08-01,NUS-NGR,GRC,EPG0,Natural Gas,EVE,Exports by Vessel,NGM_EPG0_EVE_NUS-NGR_MMCF,Liquefied U.S. Natural Gas Exports by Vessels to Greece (Million Cubic Feet),1651.0,MMCF,Greece
2024-09-01,NUS-NGR,GRC,EPG0,Natural Gas,EVE,Exports by Vessel,NGM_EPG0_EVE_NUS-NGR_MMCF,Liquefied U.S. Natural Gas Exports by Vessels to Greece (Million Cubic Feet),0.0,MMCF,Greece
2024-10-01,NUS-NGR,GRC,EPG0,Natural Gas,EVE,Exports by Vessel,NGM_EPG0_EVE_NUS-NGR_MMCF,Liquefied U.S. Natural Gas Exports by Vessels to Greece (Million Cubic Feet),8048.0,MMCF,Greece
2024-11-01,NUS-NGR,GRC,EPG0,Natural Gas,EVE,Exports by Vessel,NGM_EPG0_EVE_NUS-NGR_MMCF,Liquefied U.S. Natural Gas Exports by Vessels to Greece (Million Cubic Feet),14633.0,MMCF,Greece
2024-12-01,NUS-NGR,GRC,EPG0,Natural Gas,EVE,Exports by Vessel,NGM_EPG0_EVE_NUS-NGR_MMCF,Liquefied U.S. Natural Gas Exports by Vessels to Greece (Million Cubic Feet),10794.0,MMCF,Greece
2025-01-01,NUS-NGR,GRC,EPG0,Natural Gas,EVE,Exports by Vessel,NGM_EPG0_EVE_NUS-NGR_MMCF,Liquefied U.S. Natural Gas Exports by Vessels to Greece (Million Cubic Feet),15032.0,MMCF,Greece
2025-02-01,NUS-NGR,GRC,EPG0,Natural Gas,EVE,Exports by Vessel,NGM_EPG0_EVE_NUS-NGR_MMCF,Liquefied U.S. Natural Gas Exports by Vessels to Greece (Million Cubic Feet),11131.0,MMCF,Greece
2025-03-01,NUS-NGR,GRC,EPG0,Natural Gas,EVE,Exports by Vessel,NGM_EPG0_EVE_NUS-NGR_MMCF,Liquefied U.S. Natural Gas Exports by Vessels to Greece (Million Cubic Feet),0.0,MMCF,Greece
2025-04-01,NUS-NGR,GRC,EPG0,Natural Gas,EVE,Exports by Vessel,NGM_EPG0_EVE_NUS-NGR_MMCF,Liquefied U.S. Natural Gas Exports by Vessels to Greece (Million Cubic Feet),3639.0,MMCF,Greece
2025-05-01,NUS-NGR,GRC,EPG0,Natural Gas,EVE,Exports by Vessel,NGM_EPG0_EVE_NUS-NGR_MMCF,Liquefied U.S. Natural Gas Exports by Vessels to Greece (Million Cubic Feet),4157.0,MMCF,Greece
2025-06-01,NUS-NGR,GRC,EPG0,Natural Gas,EVE,Exports by Vessel,NGM_EPG0_EVE_NUS-NGR_MMCF,Liquefied U.S. Natural Gas Exports by Vessels to Greece (Million Cubic Feet),10363.0,MMCF,Greece
2025-07-01,NUS-NGR,GRC,EPG0,Natural Gas,EVE,Exports by Vessel,NGM_EPG0_EVE_NUS-NGR_MMCF,Liquefied U.S. Natural Gas Exports by Vessels to Greece (Million Cubic Feet),11550.0,MMCF,Greece
2025-08-01,NUS-NGR,GRC,EPG0,Natural Gas,EVE,Exports by Vessel,NGM_EPG0_EVE_NUS-NGR_MMCF,Liquefied U.S. Natural Gas Exports by Vessels to Greece (Million Cubic Feet),3514.0,MMCF,Greece
2025-09-01,NUS-NGR,GRC,EPG0,Natural Gas,EVE,Exports by Vessel,NGM_EPG0_EVE_NUS-NGR_MMCF,Liquefied U.S. Natural Gas Exports by Vessels to Greece (Million Cubic Feet),6822.0,MMCF,Greece
2025-10-01,NUS-NGR,GRC,EPG0,Natural Gas,EVE,Exports by Vessel,NGM_EPG0_EVE_NUS-NGR_MMCF,Liquefied U.S. Natural Gas Exports by Vessels to Greece (Million Cubic Feet),11010.0,MMCF,Greece
2025-11-01,NUS-NGR,GRC,EPG0,Natural Gas,EVE,Exports by Vessel,NGM_EPG0_EVE_NUS-NGR_MMCF,Liquefied U.S. Natural Gas Exports by Vessels to Greece (Million Cubic Feet),10540.0,MMCF,Greece
2025-12-01,NUS-NGR,GRC,EPG0,Natural Gas,EVE,Exports by Vessel,NGM_EPG0_EVE_NUS-NGR_MMCF,Liquefied U.S. Natural Gas Exports by Vessels to Greece (Million Cubic Feet),11982.0,MMCF,Greece
2026-01-01,NUS-NGR,GRC,EPG0,Natural Gas,EVE,Exports by Vessel,NGM_EPG0_EVE_NUS-NGR_MMCF,Liquefied U.S. Natural Gas Exports by Vessels to Greece (Million Cubic Feet),11679.0,MMCF,Greece
2018-01-01,NUS-NLH,LTU,EPG0,Natural Gas,EVE,Exports by Vessel,NGM_EPG0_EVE_NUS-NLH_MMCF,Liquefied U.S. Natural Gas Exports by Vessel to Lithuania (Million Cubic Feet),0.0,MMCF,Lithuania
2018-02-01,NUS-NLH,LTU,EPG0,Natural Gas,EVE,Exports by Vessel,NGM_EPG0_EVE_NUS-NLH_MMCF,Liquefied U.S. Natural Gas Exports by Vessel to Lithuania (Million Cubic Feet),0.0,MMCF,Lithuania
2018-03-01,NUS-NLH,LTU,EPG0,Natural Gas,EVE,Exports by Vessel,NGM_EPG0_EVE_NUS-NLH_MMCF,Liquefied U.S. Natural Gas Exports by Vessel to Lithuania (Million Cubic Feet),0.0,MMCF,Lithuania
2018-04-01,NUS-NLH,LTU,EPG0,Natural Gas,EVE,Exports by Vessel,NGM_EPG0_EVE_NUS-NLH_MMCF,Liquefied U.S. Natural Gas Exports by Vessel to Lithuania (Million Cubic Feet),0.0,MMCF,Lithuania
2018-05-01,NUS-NLH,LTU,EPG0,Natural Gas,EVE,Exports by Vessel,NGM_EPG0_EVE_NUS-NLH_MMCF,Liquefied U.S. Natural Gas Exports by Vessel to Lithuania (Million Cubic Feet),0.0,MMCF,Lithuania
2018-06-01,NUS-NLH,LTU,EPG0,Natural Gas,EVE,Exports by Vessel,NGM_EPG0_EVE_NUS-NLH_MMCF,Liquefied U.S. Natural Gas Exports by Vessel to Lithuania (Million Cubic Feet),0.0,MMCF,Lithuania
2018-07-01,NUS-NLH,LTU,EPG0,Natural Gas,EVE,Exports by Vessel,NGM_EPG0_EVE_NUS-NLH_MMCF,Liquefied U.S. Natural Gas Exports by Vessel to Lithuania (Million Cubic Feet),0.0,MMCF,Lithuania
2018-08-01,NUS-NLH,LTU,EPG0,Natural Gas,EVE,Exports by Vessel,NGM_EPG0_EVE_NUS-NLH_MMCF,Liquefied U.S. Natural Gas Exports by Vessel to Lithuania (Million Cubic Feet),0.0,MMCF,Lithuania
2018-09-01,NUS-NLH,LTU,EPG0,Natural Gas,EVE,Exports by Vessel,NGM_EPG0_EVE_NUS-NLH_MMCF,Liquefied U.S. Natural Gas Exports by Vessel to Lithuania (Million Cubic Feet),0.0,MMCF,Lithuania
2018-10-01,NUS-NLH,LTU,EPG0,Natural Gas,EVE,Exports by Vessel,NGM_EPG0_EVE_NUS-NLH_MMCF,Liquefied U.S. Natural Gas Exports by Vessel to Lithuania (Million Cubic Feet),0.0,MMCF,Lithuania
2018-11-01,NUS-NLH,LTU,EPG0,Natural Gas,EVE,Exports by Vessel,NGM_EPG0_EVE_NUS-NLH_MMCF,Liquefied U.S. Natural Gas Exports by Vessel to Lithuania (Million Cubic Feet),0.0,MMCF,Lithuania
2018-12-01,NUS-NLH,LTU,EPG0,Natural Gas,EVE,Exports by Vessel,NGM_EPG0_EVE_NUS-NLH_MMCF,Liquefied U.S. Natural Gas Exports by Vessel to Lithuania (Million Cubic Feet),0.0,MMCF,Lithuania
2019-01-01,NUS-NLH,LTU,EPG0,Natural Gas,EVE,Exports by Vessel,NGM_EPG0_EVE_NUS-NLH_MMCF,Liquefied U.S. Natural Gas Exports by Vessel to Lithuania (Million Cubic Feet),0.0,MMCF,Lithuania
2019-02-01,NUS-NLH,LTU,EPG0,Natural Gas,EVE,Exports by Vessel,NGM_EPG0_EVE_NUS-NLH_MMCF,Liquefied U.S. Natural Gas Exports by Vessel to Lithuania (Million Cubic Feet),0.0,MMCF,Lithuania
2019-03-01,NUS-NLH,LTU,EPG0,Natural Gas,EVE,Exports by Vessel,NGM_EPG0_EVE_NUS-NLH_MMCF,Liquefied U.S. Natural Gas Exports by Vessel to Lithuania (Million Cubic Feet),0.0,MMCF,Lithuania
2019-04-01,NUS-NLH,LTU,EPG0,Natural Gas,EVE,Exports by Vessel,NGM_EPG0_EVE_NUS-NLH_MMCF,Liquefied U.S. Natural Gas Exports by Vessel to Lithuania (Million Cubic Feet),0.0,MMCF,Lithuania
2019-05-01,NUS-NLH,LTU,EPG0,Natural Gas,EVE,Exports by Vessel,NGM_EPG0_EVE_NUS-NLH_MMCF,Liquefied U.S. Natural Gas Exports by Vessel to Lithuania (Million Cubic Feet),0.0,MMCF,Lithuania
2019-06-01,NUS-NLH,LTU,EPG0,Natural Gas,EVE,Exports by Vessel,NGM_EPG0_EVE_NUS-NLH_MMCF,Liquefied U.S. Natural Gas Exports by Vessel to Lithuania (Million Cubic Feet),0.0,MMCF,Lithuania
2019-07-01,NUS-NLH,LTU,EPG0,Natural Gas,EVE,Exports by Vessel,NGM_EPG0_EVE_NUS-NLH_MMCF,Liquefied U.S. Natural Gas Exports by Vessel to Lithuania (Million Cubic Feet),0.0,MMCF,Lithuania
2019-08-01,NUS-NLH,LTU,EPG0,Natural Gas,EVE,Exports by Vessel,NGM_EPG0_EVE_NUS-NLH_MMCF,Liquefied U.S. Natural Gas Exports by Vessel to Lithuania (Million Cubic Feet),0.0,MMCF,Lithuania
2019-09-01,NUS-NLH,LTU,EPG0,Natural Gas,EVE,Exports by Vessel,NGM_EPG0_EVE_NUS-NLH_MMCF,Liquefied U.S. Natural Gas Exports by Vessel to Lithuania (Million Cubic Feet),0.0,MMCF,Lithuania
2019-10-01,NUS-NLH,LTU,EPG0,Natural Gas,EVE,Exports by Vessel,NGM_EPG0_EVE_NUS-NLH_MMCF,Liquefied U.S. Natural Gas Exports by Vessel to Lithuania (Million Cubic Feet),0.0,MMCF,Lithuania
2019-11-01,NUS-NLH,LTU,EPG0,Natural Gas,EVE,Exports by Vessel,NGM_EPG0_EVE_NUS-NLH_MMCF,Liquefied U.S. Natural Gas Exports by Vessel to Lithuania (Million Cubic Feet),0.0,MMCF,Lithuania
2019-12-01,NUS-NLH,LTU,EPG0,Natural Gas,EVE,Exports by Vessel,NGM_EPG0_EVE_NUS-NLH_MMCF,Liquefied U.S. Natural Gas Exports by Vessel to Lithuania (Million Cubic Feet),3455.0,MMCF,Lithuania
2020-01-01,NUS-NLH,LTU,EPG0,Natural Gas,EVE,Exports by Vessel,NGM_EPG0_EVE_NUS-NLH_MMCF,Liquefied U.S. Natural Gas Exports by Vessel to Lithuania (Million Cubic Feet),0.0,MMCF,Lithuania
2020-02-01,NUS-NLH,LTU,EPG0,Natural Gas,EVE,Exports by Vessel,NGM_EPG0_EVE_NUS-NLH_MMCF,Liquefied U.S. Natural Gas Exports by Vessel to Lithuania (Million Cubic Feet),0.0,MMCF,Lithuania
2020-03-01,NUS-NLH,LTU,EPG0,Natural Gas,EVE,Exports by Vessel,NGM_EPG0_EVE_NUS-NLH_MMCF,Liquefied U.S. Natural Gas Exports by Vessel to Lithuania (Million Cubic Feet),0.0,MMCF,Lithuania
2020-04-01,NUS-NLH,LTU,EPG0,Natural Gas,EVE,Exports by Vessel,NGM_EPG0_EVE_NUS-NLH_MMCF,Liquefied U.S. Natural Gas Exports by Vessel to Lithuania (Million Cubic Feet),2945.0,MMCF,Lithuania
2020-05-01,NUS-NLH,LTU,EPG0,Natural Gas,EVE,Exports by Vessel,NGM_EPG0_EVE_NUS-NLH_MMCF,Liquefied U.S. Natural Gas Exports by Vessel to Lithuania (Million Cubic Feet),3473.0,MMCF,Lithuania
2020-06-01,NUS-NLH,LTU,EPG0,Natural Gas,EVE,Exports by Vessel,NGM_EPG0_EVE_NUS-NLH_MMCF,Liquefied U.S. Natural Gas Exports by Vessel to Lithuania (Million Cubic Feet),3049.0,MMCF,Lithuania
2020-07-01,NUS-NLH,LTU,EPG0,Natural Gas,EVE,Exports by Vessel,NGM_EPG0_EVE_NUS-NLH_MMCF,Liquefied U.S. Natural Gas Exports by Vessel to Lithuania (Million Cubic Feet),0.0,MMCF,Lithuania
2020-08-01,NUS-NLH,LTU,EPG0,Natural Gas,EVE,Exports by Vessel,NGM_EPG0_EVE_NUS-NLH_MMCF,Liquefied U.S. Natural Gas Exports by Vessel to Lithuania (Million Cubic Feet),0.0,MMCF,Lithuania
2020-09-01,NUS-NLH,LTU,EPG0,Natural Gas,EVE,Exports by Vessel,NGM_EPG0_EVE_NUS-NLH_MMCF,Liquefied U.S. Natural Gas Exports by Vessel to Lithuania (Million Cubic Feet),3308.0,MMCF,Lithuania
2020-10-01,NUS-NLH,LTU,EPG0,Natural Gas,EVE,Exports by Vessel,NGM_EPG0_EVE_NUS-NLH_MMCF,Liquefied U.S. Natural Gas Exports by Vessel to Lithuania (Million Cubic Feet),6191.0,MMCF,Lithuania
2020-11-01,NUS-NLH,LTU,EPG0,Natural Gas,EVE,Exports by Vessel,NGM_EPG0_EVE_NUS-NLH_MMCF,Liquefied U.S. Natural Gas Exports by Vessel to Lithuania (Million Cubic Feet),3621.0,MMCF,Lithuania
2020-12-01,NUS-NLH,LTU,EPG0,Natural Gas,EVE,Exports by Vessel,NGM_EPG0_EVE_NUS-NLH_MMCF,Liquefied U.S. Natural Gas Exports by Vessel to Lithuania (Million Cubic Feet),6291.0,MMCF,Lithuania
2021-01-01,NUS-NLH,LTU,EPG0,Natural Gas,EVE,Exports by Vessel,NGM_EPG0_EVE_NUS-NLH_MMCF,Liquefied U.S. Natural Gas Exports by Vessel to Lithuania (Million Cubic Feet),0.0,MMCF,Lithuania
2021-02-01,NUS-NLH,LTU,EPG0,Natural Gas,EVE,Exports by Vessel,NGM_EPG0_EVE_NUS-NLH_MMCF,Liquefied U.S. Natural Gas Exports by Vessel to Lithuania (Million Cubic Feet),6851.0,MMCF,Lithuania
2021-03-01,NUS-NLH,LTU,EPG0,Natural Gas,EVE,Exports by Vessel,NGM_EPG0_EVE_NUS-NLH_MMCF,Liquefied U.S. Natural Gas Exports by Vessel to Lithuania (Million Cubic Feet),3228.0,MMCF,Lithuania
2021-04-01,NUS-NLH,LTU,EPG0,Natural Gas,EVE,Exports by Vessel,NGM_EPG0_EVE_NUS-NLH_MMCF,Liquefied U.S. Natural Gas Exports by Vessel to Lithuania (Million Cubic Feet),3078.0,MMCF,Lithuania
2021-05-01,NUS-NLH,LTU,EPG0,Natural Gas,EVE,Exports by Vessel,NGM_EPG0_EVE_NUS-NLH_MMCF,Liquefied U.S. Natural Gas Exports by Vessel to Lithuania (Million Cubic Feet),3049.0,MMCF,Lithuania
2021-06-01,NUS-NLH,LTU,EPG0,Natural Gas,EVE,Exports by Vessel,NGM_EPG0_EVE_NUS-NLH_MMCF,Liquefied U.S. Natural Gas Exports by Vessel to Lithuania (Million Cubic Feet),3285.0,MMCF,Lithuania
2021-07-01,NUS-NLH,LTU,EPG0,Natural Gas,EVE,Exports by Vessel,NGM_EPG0_EVE_NUS-NLH_MMCF,Liquefied U.S. Natural Gas Exports by Vessel to Lithuania (Million Cubic Feet),6469.0,MMCF,Lithuania
2021-08-01,NUS-NLH,LTU,EPG0,Natural Gas,EVE,Exports by Vessel,NGM_EPG0_EVE_NUS-NLH_MMCF,Liquefied U.S. Natural Gas Exports by Vessel to Lithuania (Million Cubic Feet),1677.0,MMCF,Lithuania
2021-09-01,NUS-NLH,LTU,EPG0,Natural Gas,EVE,Exports by Vessel,NGM_EPG0_EVE_NUS-NLH_MMCF,Liquefied U.S. Natural Gas Exports by Vessel to Lithuania (Million Cubic Feet),3282.0,MMCF,Lithuania
2021-10-01,NUS-NLH,LTU,EPG0,Natural Gas,EVE,Exports by Vessel,NGM_EPG0_EVE_NUS-NLH_MMCF,Liquefied U.S. Natural Gas Exports by Vessel to Lithuania (Million Cubic Feet),0.0,MMCF,Lithuania
2021-11-01,NUS-NLH,LTU,EPG0,Natural Gas,EVE,Exports by Vessel,NGM_EPG0_EVE_NUS-NLH_MMCF,Liquefied U.S. Natural Gas Exports by Vessel to Lithuania (Million Cubic Feet),0.0,MMCF,Lithuania
2021-12-01,NUS-NLH,LTU,EPG0,Natural Gas,EVE,Exports by Vessel,NGM_EPG0_EVE_NUS-NLH_MMCF,Liquefied U.S. Natural Gas Exports by Vessel to Lithuania (Million Cubic Feet),0.0,MMCF,Lithuania
2022-01-01,NUS-NLH,LTU,EPG0,Natural Gas,EVE,Exports by Vessel,NGM_EPG0_EVE_NUS-NLH_MMCF,Liquefied U.S. Natural Gas Exports by Vessel to Lithuania (Million Cubic Feet),3518.0,MMCF,Lithuania
2022-02-01,NUS-NLH,LTU,EPG0,Natural Gas,EVE,Exports by Vessel,NGM_EPG0_EVE_NUS-NLH_MMCF,Liquefied U.S. Natural Gas Exports by Vessel to Lithuania (Million Cubic Feet),3131.0,MMCF,Lithuania
2022-03-01,NUS-NLH,LTU,EPG0,Natural Gas,EVE,Exports by Vessel,NGM_EPG0_EVE_NUS-NLH_MMCF,Liquefied U.S. Natural Gas Exports by Vessel to Lithuania (Million Cubic Feet),5700.0,MMCF,Lithuania
2022-04-01,NUS-NLH,LTU,EPG0,Natural Gas,EVE,Exports by Vessel,NGM_EPG0_EVE_NUS-NLH_MMCF,Liquefied U.S. Natural Gas Exports by Vessel to Lithuania (Million Cubic Feet),13770.0,MMCF,Lithuania
2022-05-01,NUS-NLH,LTU,EPG0,Natural Gas,EVE,Exports by Vessel,NGM_EPG0_EVE_NUS-NLH_MMCF,Liquefied U.S. Natural Gas Exports by Vessel to Lithuania (Million Cubic Feet),11237.0,MMCF,Lithuania
2022-06-01,NUS-NLH,LTU,EPG0,Natural Gas,EVE,Exports by Vessel,NGM_EPG0_EVE_NUS-NLH_MMCF,Liquefied U.S. Natural Gas Exports by Vessel to Lithuania (Million Cubic Feet),6729.0,MMCF,Lithuania
2022-07-01,NUS-NLH,LTU,EPG0,Natural Gas,EVE,Exports by Vessel,NGM_EPG0_EVE_NUS-NLH_MMCF,Liquefied U.S. Natural Gas Exports by Vessel to Lithuania (Million Cubic Feet),7947.0,MMCF,Lithuania
2022-08-01,NUS-NLH,LTU,EPG0,Natural Gas,EVE,Exports by Vessel,NGM_EPG0_EVE_NUS-NLH_MMCF,Liquefied U.S. Natural Gas Exports by Vessel to Lithuania (Million Cubic Feet),7579.0,MMCF,Lithuania
2022-09-01,NUS-NLH,LTU,EPG0,Natural Gas,EVE,Exports by Vessel,NGM_EPG0_EVE_NUS-NLH_MMCF,Liquefied U.S. Natural Gas Exports by Vessel to Lithuania (Million Cubic Feet),3541.0,MMCF,Lithuania
2022-10-01,NUS-NLH,LTU,EPG0,Natural Gas,EVE,Exports by Vessel,NGM_EPG0_EVE_NUS-NLH_MMCF,Liquefied U.S. Natural Gas Exports by Vessel to Lithuania (Million Cubic Feet),7072.0,MMCF,Lithuania
2022-11-01,NUS-NLH,LTU,EPG0,Natural Gas,EVE,Exports by Vessel,NGM_EPG0_EVE_NUS-NLH_MMCF,Liquefied U.S. Natural Gas Exports by Vessel to Lithuania (Million Cubic Feet),3708.0,MMCF,Lithuania
2022-12-01,NUS-NLH,LTU,EPG0,Natural Gas,EVE,Exports by Vessel,NGM_EPG0_EVE_NUS-NLH_MMCF,Liquefied U.S. Natural Gas Exports by Vessel to Lithuania (Million Cubic Feet),3281.0,MMCF,Lithuania
2023-01-01,NUS-NLH,LTU,EPG0,Natural Gas,EVE,Exports by Vessel,NGM_EPG0_EVE_NUS-NLH_MMCF,Liquefied U.S. Natural Gas Exports by Vessel to Lithuania (Million Cubic Feet),6713.0,MMCF,Lithuania
2023-02-01,NUS-NLH,LTU,EPG0,Natural Gas,EVE,Exports by Vessel,NGM_EPG0_EVE_NUS-NLH_MMCF,Liquefied U.S. Natural Gas Exports by Vessel to Lithuania (Million Cubic Feet),0.0,MMCF,Lithuania
2023-03-01,NUS-NLH,LTU,EPG0,Natural Gas,EVE,Exports by Vessel,NGM_EPG0_EVE_NUS-NLH_MMCF,Liquefied U.S. Natural Gas Exports by Vessel to Lithuania (Million Cubic Feet),3599.0,MMCF,Lithuania
2023-04-01,NUS-NLH,LTU,EPG0,Natural Gas,EVE,Exports by Vessel,NGM_EPG0_EVE_NUS-NLH_MMCF,Liquefied U.S. Natural Gas Exports by Vessel to Lithuania (Million Cubic Feet),3412.0,MMCF,Lithuania
2023-05-01,NUS-NLH,LTU,EPG0,Natural Gas,EVE,Exports by Vessel,NGM_EPG0_EVE_NUS-NLH_MMCF,Liquefied U.S. Natural Gas Exports by Vessel to Lithuania (Million Cubic Feet),7048.0,MMCF,Lithuania
2023-06-01,NUS-NLH,LTU,EPG0,Natural Gas,EVE,Exports by Vessel,NGM_EPG0_EVE_NUS-NLH_MMCF,Liquefied U.S. Natural Gas Exports by Vessel to Lithuania (Million Cubic Feet),3629.0,MMCF,Lithuania
2023-07-01,NUS-NLH,LTU,EPG0,Natural Gas,EVE,Exports by Vessel,NGM_EPG0_EVE_NUS-NLH_MMCF,Liquefied U.S. Natural Gas Exports by Vessel to Lithuania (Million Cubic Feet),3375.0,MMCF,Lithuania
2023-08-01,NUS-NLH,LTU,EPG0,Natural Gas,EVE,Exports by Vessel,NGM_EPG0_EVE_NUS-NLH_MMCF,Liquefied U.S. Natural Gas Exports by Vessel to Lithuania (Million Cubic Feet),7005.0,MMCF,Lithuania
2023-09-01,NUS-NLH,LTU,EPG0,Natural Gas,EVE,Exports by Vessel,NGM_EPG0_EVE_NUS-NLH_MMCF,Liquefied U.S. Natural Gas Exports by Vessel to Lithuania (Million Cubic Feet),10666.0,MMCF,Lithuania
2023-10-01,NUS-NLH,LTU,EPG0,Natural Gas,EVE,Exports by Vessel,NGM_EPG0_EVE_NUS-NLH_MMCF,Liquefied U.S. Natural Gas Exports by Vessel to Lithuania (Million Cubic Feet),6476.0,MMCF,Lithuania
2023-11-01,NUS-NLH,LTU,EPG0,Natural Gas,EVE,Exports by Vessel,NGM_EPG0_EVE_NUS-NLH_MMCF,Liquefied U.S. Natural Gas Exports by Vessel to Lithuania (Million Cubic Feet),0.0,MMCF,Lithuania
2023-12-01,NUS-NLH,LTU,EPG0,Natural Gas,EVE,Exports by Vessel,NGM_EPG0_EVE_NUS-NLH_MMCF,Liquefied U.S. Natural Gas Exports by Vessel to Lithuania (Million Cubic Feet),3409.0,MMCF,Lithuania
2024-01-01,NUS-NLH,LTU,EPG0,Natural Gas,EVE,Exports by Vessel,NGM_EPG0_EVE_NUS-NLH_MMCF,Liquefied U.S. Natural Gas Exports by Vessel to Lithuania (Million Cubic Feet),1083.0,MMCF,Lithuania
2024-02-01,NUS-NLH,LTU,EPG0,Natural Gas,EVE,Exports by Vessel,NGM_EPG0_EVE_NUS-NLH_MMCF,Liquefied U.S. Natural Gas Exports by Vessel to Lithuania (Million Cubic Feet),7174.0,MMCF,Lithuania
2024-03-01,NUS-NLH,LTU,EPG0,Natural Gas,EVE,Exports by Vessel,NGM_EPG0_EVE_NUS-NLH_MMCF,Liquefied U.S. Natural Gas Exports by Vessel to Lithuania (Million Cubic Feet),3641.0,MMCF,Lithuania
2024-04-01,NUS-NLH,LTU,EPG0,Natural Gas,EVE,Exports by Vessel,NGM_EPG0_EVE_NUS-NLH_MMCF,Liquefied U.S. Natural Gas Exports by Vessel to Lithuania (Million Cubic Feet),0.0,MMCF,Lithuania
2024-05-01,NUS-NLH,LTU,EPG0,Natural Gas,EVE,Exports by Vessel,NGM_EPG0_EVE_NUS-NLH_MMCF,Liquefied U.S. Natural Gas Exports by Vessel to Lithuania (Million Cubic Feet),0.0,MMCF,Lithuania
2024-06-01,NUS-NLH,LTU,EPG0,Natural Gas,EVE,Exports by Vessel,NGM_EPG0_EVE_NUS-NLH_MMCF,Liquefied U.S. Natural Gas Exports by Vessel to Lithuania (Million Cubic Feet),6938.0,MMCF,Lithuania
2024-07-01,NUS-NLH,LTU,EPG0,Natural Gas,EVE,Exports by Vessel,NGM_EPG0_EVE_NUS-NLH_MMCF,Liquefied U.S. Natural Gas Exports by Vessel to Lithuania (Million Cubic Feet),3334.0,MMCF,Lithuania
2024-08-01,NUS-NLH,LTU,EPG0,Natural Gas,EVE,Exports by Vessel,NGM_EPG0_EVE_NUS-NLH_MMCF,Liquefied U.S. Natural Gas Exports by Vessel to Lithuania (Million Cubic Feet),3208.0,MMCF,Lithuania
2024-09-01,NUS-NLH,LTU,EPG0,Natural Gas,EVE,Exports by Vessel,NGM_EPG0_EVE_NUS-NLH_MMCF,Liquefied U.S. Natural Gas Exports by Vessel to Lithuania (Million Cubic Feet),6878.0,MMCF,Lithuania
2024-10-01,NUS-NLH,LTU,EPG0,Natural Gas,EVE,Exports by Vessel,NGM_EPG0_EVE_NUS-NLH_MMCF,Liquefied U.S. Natural Gas Exports by Vessel to Lithuania (Million Cubic Feet),9983.0,MMCF,Lithuania
2024-11-01,NUS-NLH,LTU,EPG0,Natural Gas,EVE,Exports by Vessel,NGM_EPG0_EVE_NUS-NLH_MMCF,Liquefied U.S. Natural Gas Exports by Vessel to Lithuania (Million Cubic Feet),3682.0,MMCF,Lithuania
2024-12-01,NUS-NLH,LTU,EPG0,Natural Gas,EVE,Exports by Vessel,NGM_EPG0_EVE_NUS-NLH_MMCF,Liquefied U.S. Natural Gas Exports by Vessel to Lithuania (Million Cubic Feet),3391.0,MMCF,Lithuania
2025-01-01,NUS-NLH,LTU,EPG0,Natural Gas,EVE,Exports by Vessel,NGM_EPG0_EVE_NUS-NLH_MMCF,Liquefied U.S. Natural Gas Exports by Vessel to Lithuania (Million Cubic Feet),6887.0,MMCF,Lithuania
2025-02-01,NUS-NLH,LTU,EPG0,Natural Gas,EVE,Exports by Vessel,NGM_EPG0_EVE_NUS-NLH_MMCF,Liquefied U.S. Natural Gas Exports by Vessel to Lithuania (Million Cubic Feet),3388.0,MMCF,Lithuania
2025-03-01,NUS-NLH,LTU,EPG0,Natural Gas,EVE,Exports by Vessel,NGM_EPG0_EVE_NUS-NLH_MMCF,Liquefied U.S. Natural Gas Exports by Vessel to Lithuania (Million Cubic Feet),6603.0,MMCF,Lithuania
2025-04-01,NUS-NLH,LTU,EPG0,Natural Gas,EVE,Exports by Vessel,NGM_EPG0_EVE_NUS-NLH_MMCF,Liquefied U.S. Natural Gas Exports by Vessel to Lithuania (Million Cubic Feet),10145.0,MMCF,Lithuania
2025-05-01,NUS-NLH,LTU,EPG0,Natural Gas,EVE,Exports by Vessel,NGM_EPG0_EVE_NUS-NLH_MMCF,Liquefied U.S. Natural Gas Exports by Vessel to Lithuania (Million Cubic Feet),7074.0,MMCF,Lithuania
2025-06-01,NUS-NLH,LTU,EPG0,Natural Gas,EVE,Exports by Vessel,NGM_EPG0_EVE_NUS-NLH_MMCF,Liquefied U.S. Natural Gas Exports by Vessel to Lithuania (Million Cubic Feet),3254.0,MMCF,Lithuania
2025-07-01,NUS-NLH,LTU,EPG0,Natural Gas,EVE,Exports by Vessel,NGM_EPG0_EVE_NUS-NLH_MMCF,Liquefied U.S. Natural Gas Exports by Vessel to Lithuania (Million Cubic Feet),10731.0,MMCF,Lithuania
2025-08-01,NUS-NLH,LTU,EPG0,Natural Gas,EVE,Exports by Vessel,NGM_EPG0_EVE_NUS-NLH_MMCF,Liquefied U.S. Natural Gas Exports by Vessel to Lithuania (Million Cubic Feet),3499.0,MMCF,Lithuania
2025-09-01,NUS-NLH,LTU,EPG0,Natural Gas,EVE,Exports by Vessel,NGM_EPG0_EVE_NUS-NLH_MMCF,Liquefied U.S. Natural Gas Exports by Vessel to Lithuania (Million Cubic Feet),7339.0,MMCF,Lithuania
2025-10-01,NUS-NLH,LTU,EPG0,Natural Gas,EVE,Exports by Vessel,NGM_EPG0_EVE_NUS-NLH_MMCF,Liquefied U.S. Natural Gas Exports by Vessel to Lithuania (Million Cubic Feet),10354.0,MMCF,Lithuania
2025-11-01,NUS-NLH,LTU,EPG0,Natural Gas,EVE,Exports by Vessel,NGM_EPG0_EVE_NUS-NLH_MMCF,Liquefied U.S. Natural Gas Exports by Vessel to Lithuania (Million Cubic Feet),6853.0,MMCF,Lithuania
2025-12-01,NUS-NLH,LTU,EPG0,Natural Gas,EVE,Exports by Vessel,NGM_EPG0_EVE_NUS-NLH_MMCF,Liquefied U.S. Natural Gas Exports by Vessel to Lithuania (Million Cubic Feet),3689.0,MMCF,Lithuania
2026-01-01,NUS-NLH,LTU,EPG0,Natural Gas,EVE,Exports by Vessel,NGM_EPG0_EVE_NUS-NLH_MMCF,Liquefied U.S. Natural Gas Exports by Vessel to Lithuania (Million Cubic Feet),7861.0,MMCF,Lithuania
